resource,action,role,organization_scope,ownership_entity_scope,property_scope,building_scope,unit_scope,household_scope,assignment_scope,record_relationship_required,record_sensitivity,delegation_eligible,approval_required,audit_required,reason_required,effect,version
organization,view_list,owner,same,authorized,authorized,authorized,authorized,not_required,not_required,False,"['public', 'internal', 'confidential']",False,False,True,False,conditional_allow,0.1.0
organization,view_detail,owner,same,authorized,authorized,authorized,authorized,not_required,not_required,False,"['public', 'internal', 'confidential']",False,False,True,False,conditional_allow,0.1.0
organization,view_sensitive_detail,owner,,,,,,,,,,,,,,deny,0.1.0
organization,create,owner,same,authorized,authorized,authorized,authorized,not_required,not_required,False,"['public', 'internal', 'confidential']",False,False,True,False,conditional_allow,0.1.0
organization,edit,owner,same,authorized,authorized,authorized,authorized,not_required,not_required,False,"['public', 'internal', 'confidential']",False,False,True,False,conditional_allow,0.1.0
organization,submit,owner,same,authorized,authorized,authorized,authorized,not_required,not_required,False,"['public', 'internal', 'confidential']",False,False,True,False,conditional_allow,0.1.0
organization,approve,owner,,,,,,,,,,,,,,deny,0.1.0
organization,reject,owner,,,,,,,,,,,,,,deny,0.1.0
organization,assign,owner,same,authorized,authorized,authorized,authorized,not_required,not_required,False,"['public', 'internal', 'confidential']",False,False,True,False,conditional_allow,0.1.0
organization,reassign,owner,same,authorized,authorized,authorized,authorized,not_required,not_required,False,"['public', 'internal', 'confidential']",False,False,True,False,conditional_allow,0.1.0
organization,export,owner,same,authorized,authorized,authorized,authorized,not_required,not_required,False,"['public', 'internal', 'confidential']",False,False,True,False,conditional_allow,0.1.0
organization,upload,owner,same,authorized,authorized,authorized,authorized,not_required,not_required,False,"['public', 'internal', 'confidential']",False,False,True,False,conditional_allow,0.1.0
organization,download,owner,same,authorized,authorized,authorized,authorized,not_required,not_required,False,"['public', 'internal', 'confidential']",False,False,True,False,conditional_allow,0.1.0
organization,delete_or_archive,owner,same,authorized,authorized,authorized,authorized,not_required,not_required,False,"['public', 'internal', 'confidential']",False,False,True,False,conditional_allow,0.1.0
organization,restore,owner,same,authorized,authorized,authorized,authorized,not_required,not_required,False,"['public', 'internal', 'confidential']",False,False,True,False,conditional_allow,0.1.0
organization,adjust_financial_record,owner,,,,,,,,,,,,,,deny,0.1.0
organization,execute_integration_action,owner,,,,,,,,,,,,,,deny,0.1.0
organization,configure_policy,owner,,,,,,,,,,,,,,deny,0.1.0
organization,administer_permissions,owner,,,,,,,,,,,,,,deny,0.1.0
ownership_entity,view_list,owner,same,authorized,authorized,authorized,authorized,not_required,not_required,False,"['public', 'internal', 'confidential']",False,False,True,False,conditional_allow,0.1.0
ownership_entity,view_detail,owner,same,authorized,authorized,authorized,authorized,not_required,not_required,False,"['public', 'internal', 'confidential']",False,False,True,False,conditional_allow,0.1.0
ownership_entity,view_sensitive_detail,owner,,,,,,,,,,,,,,deny,0.1.0
ownership_entity,create,owner,same,authorized,authorized,authorized,authorized,not_required,not_required,False,"['public', 'internal', 'confidential']",False,False,True,False,conditional_allow,0.1.0
ownership_entity,edit,owner,same,authorized,authorized,authorized,authorized,not_required,not_required,False,"['public', 'internal', 'confidential']",False,False,True,False,conditional_allow,0.1.0
ownership_entity,submit,owner,same,authorized,authorized,authorized,authorized,not_required,not_required,False,"['public', 'internal', 'confidential']",False,False,True,False,conditional_allow,0.1.0
ownership_entity,approve,owner,,,,,,,,,,,,,,deny,0.1.0
ownership_entity,reject,owner,,,,,,,,,,,,,,deny,0.1.0
ownership_entity,assign,owner,same,authorized,authorized,authorized,authorized,not_required,not_required,False,"['public', 'internal', 'confidential']",False,False,True,False,conditional_allow,0.1.0
ownership_entity,reassign,owner,same,authorized,authorized,authorized,authorized,not_required,not_required,False,"['public', 'internal', 'confidential']",False,False,True,False,conditional_allow,0.1.0
ownership_entity,export,owner,same,authorized,authorized,authorized,authorized,not_required,not_required,False,"['public', 'internal', 'confidential']",False,False,True,False,conditional_allow,0.1.0
ownership_entity,upload,owner,same,authorized,authorized,authorized,authorized,not_required,not_required,False,"['public', 'internal', 'confidential']",False,False,True,False,conditional_allow,0.1.0
ownership_entity,download,owner,same,authorized,authorized,authorized,authorized,not_required,not_required,False,"['public', 'internal', 'confidential']",False,False,True,False,conditional_allow,0.1.0
ownership_entity,delete_or_archive,owner,same,authorized,authorized,authorized,authorized,not_required,not_required,False,"['public', 'internal', 'confidential']",False,False,True,False,conditional_allow,0.1.0
ownership_entity,restore,owner,same,authorized,authorized,authorized,authorized,not_required,not_required,False,"['public', 'internal', 'confidential']",False,False,True,False,conditional_allow,0.1.0
ownership_entity,adjust_financial_record,owner,,,,,,,,,,,,,,deny,0.1.0
ownership_entity,execute_integration_action,owner,,,,,,,,,,,,,,deny,0.1.0
ownership_entity,configure_policy,owner,,,,,,,,,,,,,,deny,0.1.0
ownership_entity,administer_permissions,owner,,,,,,,,,,,,,,deny,0.1.0
property,view_list,owner,same,authorized,authorized,authorized,authorized,not_required,not_required,False,"['public', 'internal', 'confidential']",False,False,True,False,conditional_allow,0.1.0
property,view_detail,owner,same,authorized,authorized,authorized,authorized,not_required,not_required,False,"['public', 'internal', 'confidential']",False,False,True,False,conditional_allow,0.1.0
property,view_sensitive_detail,owner,,,,,,,,,,,,,,deny,0.1.0
property,create,owner,same,authorized,authorized,authorized,authorized,not_required,not_required,False,"['public', 'internal', 'confidential']",False,False,True,False,conditional_allow,0.1.0
property,edit,owner,same,authorized,authorized,authorized,authorized,not_required,not_required,False,"['public', 'internal', 'confidential']",False,False,True,False,conditional_allow,0.1.0
property,submit,owner,same,authorized,authorized,authorized,authorized,not_required,not_required,False,"['public', 'internal', 'confidential']",False,False,True,False,conditional_allow,0.1.0
property,approve,owner,,,,,,,,,,,,,,deny,0.1.0
property,reject,owner,,,,,,,,,,,,,,deny,0.1.0
property,assign,owner,same,authorized,authorized,authorized,authorized,not_required,not_required,False,"['public', 'internal', 'confidential']",False,False,True,False,conditional_allow,0.1.0
property,reassign,owner,same,authorized,authorized,authorized,authorized,not_required,not_required,False,"['public', 'internal', 'confidential']",False,False,True,False,conditional_allow,0.1.0
property,export,owner,same,authorized,authorized,authorized,authorized,not_required,not_required,False,"['public', 'internal', 'confidential']",False,False,True,False,conditional_allow,0.1.0
property,upload,owner,same,authorized,authorized,authorized,authorized,not_required,not_required,False,"['public', 'internal', 'confidential']",False,False,True,False,conditional_allow,0.1.0
property,download,owner,same,authorized,authorized,authorized,authorized,not_required,not_required,False,"['public', 'internal', 'confidential']",False,False,True,False,conditional_allow,0.1.0
property,delete_or_archive,owner,same,authorized,authorized,authorized,authorized,not_required,not_required,False,"['public', 'internal', 'confidential']",False,False,True,False,conditional_allow,0.1.0
property,restore,owner,same,authorized,authorized,authorized,authorized,not_required,not_required,False,"['public', 'internal', 'confidential']",False,False,True,False,conditional_allow,0.1.0
property,adjust_financial_record,owner,,,,,,,,,,,,,,deny,0.1.0
property,execute_integration_action,owner,,,,,,,,,,,,,,deny,0.1.0
property,configure_policy,owner,,,,,,,,,,,,,,deny,0.1.0
property,administer_permissions,owner,,,,,,,,,,,,,,deny,0.1.0
building,view_list,owner,same,authorized,authorized,authorized,authorized,not_required,not_required,False,"['public', 'internal', 'confidential']",False,False,True,False,conditional_allow,0.1.0
building,view_detail,owner,same,authorized,authorized,authorized,authorized,not_required,not_required,False,"['public', 'internal', 'confidential']",False,False,True,False,conditional_allow,0.1.0
building,view_sensitive_detail,owner,,,,,,,,,,,,,,deny,0.1.0
building,create,owner,same,authorized,authorized,authorized,authorized,not_required,not_required,False,"['public', 'internal', 'confidential']",False,False,True,False,conditional_allow,0.1.0
building,edit,owner,same,authorized,authorized,authorized,authorized,not_required,not_required,False,"['public', 'internal', 'confidential']",False,False,True,False,conditional_allow,0.1.0
building,submit,owner,same,authorized,authorized,authorized,authorized,not_required,not_required,False,"['public', 'internal', 'confidential']",False,False,True,False,conditional_allow,0.1.0
building,approve,owner,,,,,,,,,,,,,,deny,0.1.0
building,reject,owner,,,,,,,,,,,,,,deny,0.1.0
building,assign,owner,same,authorized,authorized,authorized,authorized,not_required,not_required,False,"['public', 'internal', 'confidential']",False,False,True,False,conditional_allow,0.1.0
building,reassign,owner,same,authorized,authorized,authorized,authorized,not_required,not_required,False,"['public', 'internal', 'confidential']",False,False,True,False,conditional_allow,0.1.0
building,export,owner,same,authorized,authorized,authorized,authorized,not_required,not_required,False,"['public', 'internal', 'confidential']",False,False,True,False,conditional_allow,0.1.0
building,upload,owner,same,authorized,authorized,authorized,authorized,not_required,not_required,False,"['public', 'internal', 'confidential']",False,False,True,False,conditional_allow,0.1.0
building,download,owner,same,authorized,authorized,authorized,authorized,not_required,not_required,False,"['public', 'internal', 'confidential']",False,False,True,False,conditional_allow,0.1.0
building,delete_or_archive,owner,same,authorized,authorized,authorized,authorized,not_required,not_required,False,"['public', 'internal', 'confidential']",False,False,True,False,conditional_allow,0.1.0
building,restore,owner,same,authorized,authorized,authorized,authorized,not_required,not_required,False,"['public', 'internal', 'confidential']",False,False,True,False,conditional_allow,0.1.0
building,adjust_financial_record,owner,,,,,,,,,,,,,,deny,0.1.0
building,execute_integration_action,owner,,,,,,,,,,,,,,deny,0.1.0
building,configure_policy,owner,,,,,,,,,,,,,,deny,0.1.0
building,administer_permissions,owner,,,,,,,,,,,,,,deny,0.1.0
unit,view_list,owner,same,authorized,authorized,authorized,authorized,not_required,not_required,False,"['public', 'internal', 'confidential']",False,False,True,False,conditional_allow,0.1.0
unit,view_detail,owner,same,authorized,authorized,authorized,authorized,not_required,not_required,False,"['public', 'internal', 'confidential']",False,False,True,False,conditional_allow,0.1.0
unit,view_sensitive_detail,owner,,,,,,,,,,,,,,deny,0.1.0
unit,create,owner,same,authorized,authorized,authorized,authorized,not_required,not_required,False,"['public', 'internal', 'confidential']",False,False,True,False,conditional_allow,0.1.0
unit,edit,owner,same,authorized,authorized,authorized,authorized,not_required,not_required,False,"['public', 'internal', 'confidential']",False,False,True,False,conditional_allow,0.1.0
unit,submit,owner,same,authorized,authorized,authorized,authorized,not_required,not_required,False,"['public', 'internal', 'confidential']",False,False,True,False,conditional_allow,0.1.0
unit,approve,owner,,,,,,,,,,,,,,deny,0.1.0
unit,reject,owner,,,,,,,,,,,,,,deny,0.1.0
unit,assign,owner,same,authorized,authorized,authorized,authorized,not_required,not_required,False,"['public', 'internal', 'confidential']",False,False,True,False,conditional_allow,0.1.0
unit,reassign,owner,same,authorized,authorized,authorized,authorized,not_required,not_required,False,"['public', 'internal', 'confidential']",False,False,True,False,conditional_allow,0.1.0
unit,export,owner,same,authorized,authorized,authorized,authorized,not_required,not_required,False,"['public', 'internal', 'confidential']",False,False,True,False,conditional_allow,0.1.0
unit,upload,owner,same,authorized,authorized,authorized,authorized,not_required,not_required,False,"['public', 'internal', 'confidential']",False,False,True,False,conditional_allow,0.1.0
unit,download,owner,same,authorized,authorized,authorized,authorized,not_required,not_required,False,"['public', 'internal', 'confidential']",False,False,True,False,conditional_allow,0.1.0
unit,delete_or_archive,owner,same,authorized,authorized,authorized,authorized,not_required,not_required,False,"['public', 'internal', 'confidential']",False,False,True,False,conditional_allow,0.1.0
unit,restore,owner,same,authorized,authorized,authorized,authorized,not_required,not_required,False,"['public', 'internal', 'confidential']",False,False,True,False,conditional_allow,0.1.0
unit,adjust_financial_record,owner,,,,,,,,,,,,,,deny,0.1.0
unit,execute_integration_action,owner,,,,,,,,,,,,,,deny,0.1.0
unit,configure_policy,owner,,,,,,,,,,,,,,deny,0.1.0
unit,administer_permissions,owner,,,,,,,,,,,,,,deny,0.1.0
household,view_list,owner,same,authorized,authorized,authorized,authorized,not_required,not_required,False,"['public', 'internal', 'confidential']",False,False,True,False,conditional_allow,0.1.0
household,view_detail,owner,same,authorized,authorized,authorized,authorized,not_required,not_required,False,"['public', 'internal', 'confidential']",False,False,True,False,conditional_allow,0.1.0
household,view_sensitive_detail,owner,,,,,,,,,,,,,,deny,0.1.0
household,create,owner,same,authorized,authorized,authorized,authorized,not_required,not_required,False,"['public', 'internal', 'confidential']",False,False,True,False,conditional_allow,0.1.0
household,edit,owner,same,authorized,authorized,authorized,authorized,not_required,not_required,False,"['public', 'internal', 'confidential']",False,False,True,False,conditional_allow,0.1.0
household,submit,owner,same,authorized,authorized,authorized,authorized,not_required,not_required,False,"['public', 'internal', 'confidential']",False,False,True,False,conditional_allow,0.1.0
household,approve,owner,,,,,,,,,,,,,,deny,0.1.0
household,reject,owner,,,,,,,,,,,,,,deny,0.1.0
household,assign,owner,same,authorized,authorized,authorized,authorized,not_required,not_required,False,"['public', 'internal', 'confidential']",False,False,True,False,conditional_allow,0.1.0
household,reassign,owner,same,authorized,authorized,authorized,authorized,not_required,not_required,False,"['public', 'internal', 'confidential']",False,False,True,False,conditional_allow,0.1.0
household,export,owner,same,authorized,authorized,authorized,authorized,not_required,not_required,False,"['public', 'internal', 'confidential']",False,False,True,False,conditional_allow,0.1.0
household,upload,owner,same,authorized,authorized,authorized,authorized,not_required,not_required,False,"['public', 'internal', 'confidential']",False,False,True,False,conditional_allow,0.1.0
household,download,owner,same,authorized,authorized,authorized,authorized,not_required,not_required,False,"['public', 'internal', 'confidential']",False,False,True,False,conditional_allow,0.1.0
household,delete_or_archive,owner,same,authorized,authorized,authorized,authorized,not_required,not_required,False,"['public', 'internal', 'confidential']",False,False,True,False,conditional_allow,0.1.0
household,restore,owner,same,authorized,authorized,authorized,authorized,not_required,not_required,False,"['public', 'internal', 'confidential']",False,False,True,False,conditional_allow,0.1.0
household,adjust_financial_record,owner,,,,,,,,,,,,,,deny,0.1.0
household,execute_integration_action,owner,,,,,,,,,,,,,,deny,0.1.0
household,configure_policy,owner,,,,,,,,,,,,,,deny,0.1.0
household,administer_permissions,owner,,,,,,,,,,,,,,deny,0.1.0
person,view_list,owner,same,authorized,authorized,authorized,authorized,not_required,not_required,False,"['public', 'internal', 'confidential']",False,False,True,False,conditional_allow,0.1.0
person,view_detail,owner,same,authorized,authorized,authorized,authorized,not_required,not_required,False,"['public', 'internal', 'confidential']",False,False,True,False,conditional_allow,0.1.0
person,view_sensitive_detail,owner,,,,,,,,,,,,,,deny,0.1.0
person,create,owner,same,authorized,authorized,authorized,authorized,not_required,not_required,False,"['public', 'internal', 'confidential']",False,False,True,False,conditional_allow,0.1.0
person,edit,owner,same,authorized,authorized,authorized,authorized,not_required,not_required,False,"['public', 'internal', 'confidential']",False,False,True,False,conditional_allow,0.1.0
person,submit,owner,same,authorized,authorized,authorized,authorized,not_required,not_required,False,"['public', 'internal', 'confidential']",False,False,True,False,conditional_allow,0.1.0
person,approve,owner,,,,,,,,,,,,,,deny,0.1.0
person,reject,owner,,,,,,,,,,,,,,deny,0.1.0
person,assign,owner,same,authorized,authorized,authorized,authorized,not_required,not_required,False,"['public', 'internal', 'confidential']",False,False,True,False,conditional_allow,0.1.0
person,reassign,owner,same,authorized,authorized,authorized,authorized,not_required,not_required,False,"['public', 'internal', 'confidential']",False,False,True,False,conditional_allow,0.1.0
person,export,owner,same,authorized,authorized,authorized,authorized,not_required,not_required,False,"['public', 'internal', 'confidential']",False,False,True,False,conditional_allow,0.1.0
person,upload,owner,same,authorized,authorized,authorized,authorized,not_required,not_required,False,"['public', 'internal', 'confidential']",False,False,True,False,conditional_allow,0.1.0
person,download,owner,same,authorized,authorized,authorized,authorized,not_required,not_required,False,"['public', 'internal', 'confidential']",False,False,True,False,conditional_allow,0.1.0
person,delete_or_archive,owner,same,authorized,authorized,authorized,authorized,not_required,not_required,False,"['public', 'internal', 'confidential']",False,False,True,False,conditional_allow,0.1.0
person,restore,owner,same,authorized,authorized,authorized,authorized,not_required,not_required,False,"['public', 'internal', 'confidential']",False,False,True,False,conditional_allow,0.1.0
person,adjust_financial_record,owner,,,,,,,,,,,,,,deny,0.1.0
person,execute_integration_action,owner,,,,,,,,,,,,,,deny,0.1.0
person,configure_policy,owner,,,,,,,,,,,,,,deny,0.1.0
person,administer_permissions,owner,,,,,,,,,,,,,,deny,0.1.0
application,view_list,owner,same,authorized,authorized,authorized,authorized,not_required,not_required,False,"['public', 'internal', 'confidential']",False,False,True,False,conditional_allow,0.1.0
application,view_detail,owner,same,authorized,authorized,authorized,authorized,not_required,not_required,False,"['public', 'internal', 'confidential']",False,False,True,False,conditional_allow,0.1.0
application,view_sensitive_detail,owner,,,,,,,,,,,,,,deny,0.1.0
application,create,owner,same,authorized,authorized,authorized,authorized,not_required,not_required,False,"['public', 'internal', 'confidential']",False,False,True,False,conditional_allow,0.1.0
application,edit,owner,same,authorized,authorized,authorized,authorized,not_required,not_required,False,"['public', 'internal', 'confidential']",False,False,True,False,conditional_allow,0.1.0
application,submit,owner,same,authorized,authorized,authorized,authorized,not_required,not_required,False,"['public', 'internal', 'confidential']",False,False,True,False,conditional_allow,0.1.0
application,approve,owner,same,authorized,authorized,authorized,authorized,not_required,not_required,False,"['public', 'internal', 'confidential']",False,False,True,True,conditional_allow,0.1.0
application,reject,owner,same,authorized,authorized,authorized,authorized,not_required,not_required,False,"['public', 'internal', 'confidential']",False,False,True,True,conditional_allow,0.1.0
application,assign,owner,same,authorized,authorized,authorized,authorized,not_required,not_required,False,"['public', 'internal', 'confidential']",False,False,True,False,conditional_allow,0.1.0
application,reassign,owner,same,authorized,authorized,authorized,authorized,not_required,not_required,False,"['public', 'internal', 'confidential']",False,False,True,False,conditional_allow,0.1.0
application,export,owner,same,authorized,authorized,authorized,authorized,not_required,not_required,False,"['public', 'internal', 'confidential']",False,False,True,False,conditional_allow,0.1.0
application,upload,owner,same,authorized,authorized,authorized,authorized,not_required,not_required,False,"['public', 'internal', 'confidential']",False,False,True,False,conditional_allow,0.1.0
application,download,owner,same,authorized,authorized,authorized,authorized,not_required,not_required,False,"['public', 'internal', 'confidential']",False,False,True,False,conditional_allow,0.1.0
application,delete_or_archive,owner,same,authorized,authorized,authorized,authorized,not_required,not_required,False,"['public', 'internal', 'confidential']",False,False,True,False,conditional_allow,0.1.0
application,restore,owner,same,authorized,authorized,authorized,authorized,not_required,not_required,False,"['public', 'internal', 'confidential']",False,False,True,False,conditional_allow,0.1.0
application,adjust_financial_record,owner,,,,,,,,,,,,,,deny,0.1.0
application,execute_integration_action,owner,,,,,,,,,,,,,,deny,0.1.0
application,configure_policy,owner,,,,,,,,,,,,,,deny,0.1.0
application,administer_permissions,owner,,,,,,,,,,,,,,deny,0.1.0
showing,view_list,owner,same,authorized,authorized,authorized,authorized,not_required,not_required,False,"['public', 'internal', 'confidential']",False,False,True,False,conditional_allow,0.1.0
showing,view_detail,owner,same,authorized,authorized,authorized,authorized,not_required,not_required,False,"['public', 'internal', 'confidential']",False,False,True,False,conditional_allow,0.1.0
showing,view_sensitive_detail,owner,,,,,,,,,,,,,,deny,0.1.0
showing,create,owner,same,authorized,authorized,authorized,authorized,not_required,not_required,False,"['public', 'internal', 'confidential']",False,False,True,False,conditional_allow,0.1.0
showing,edit,owner,same,authorized,authorized,authorized,authorized,not_required,not_required,False,"['public', 'internal', 'confidential']",False,False,True,False,conditional_allow,0.1.0
showing,submit,owner,same,authorized,authorized,authorized,authorized,not_required,not_required,False,"['public', 'internal', 'confidential']",False,False,True,False,conditional_allow,0.1.0
showing,approve,owner,,,,,,,,,,,,,,deny,0.1.0
showing,reject,owner,,,,,,,,,,,,,,deny,0.1.0
showing,assign,owner,same,authorized,authorized,authorized,authorized,not_required,not_required,False,"['public', 'internal', 'confidential']",False,False,True,False,conditional_allow,0.1.0
showing,reassign,owner,same,authorized,authorized,authorized,authorized,not_required,not_required,False,"['public', 'internal', 'confidential']",False,False,True,False,conditional_allow,0.1.0
showing,export,owner,same,authorized,authorized,authorized,authorized,not_required,not_required,False,"['public', 'internal', 'confidential']",False,False,True,False,conditional_allow,0.1.0
showing,upload,owner,same,authorized,authorized,authorized,authorized,not_required,not_required,False,"['public', 'internal', 'confidential']",False,False,True,False,conditional_allow,0.1.0
showing,download,owner,same,authorized,authorized,authorized,authorized,not_required,not_required,False,"['public', 'internal', 'confidential']",False,False,True,False,conditional_allow,0.1.0
showing,delete_or_archive,owner,same,authorized,authorized,authorized,authorized,not_required,not_required,False,"['public', 'internal', 'confidential']",False,False,True,False,conditional_allow,0.1.0
showing,restore,owner,same,authorized,authorized,authorized,authorized,not_required,not_required,False,"['public', 'internal', 'confidential']",False,False,True,False,conditional_allow,0.1.0
showing,adjust_financial_record,owner,,,,,,,,,,,,,,deny,0.1.0
showing,execute_integration_action,owner,,,,,,,,,,,,,,deny,0.1.0
showing,configure_policy,owner,,,,,,,,,,,,,,deny,0.1.0
showing,administer_permissions,owner,,,,,,,,,,,,,,deny,0.1.0
lease,view_list,owner,same,authorized,authorized,authorized,authorized,not_required,not_required,False,"['public', 'internal', 'confidential']",False,False,True,False,conditional_allow,0.1.0
lease,view_detail,owner,same,authorized,authorized,authorized,authorized,not_required,not_required,False,"['public', 'internal', 'confidential']",False,False,True,False,conditional_allow,0.1.0
lease,view_sensitive_detail,owner,,,,,,,,,,,,,,deny,0.1.0
lease,create,owner,same,authorized,authorized,authorized,authorized,not_required,not_required,False,"['public', 'internal', 'confidential']",False,False,True,False,conditional_allow,0.1.0
lease,edit,owner,same,authorized,authorized,authorized,authorized,not_required,not_required,False,"['public', 'internal', 'confidential']",False,False,True,False,conditional_allow,0.1.0
lease,submit,owner,same,authorized,authorized,authorized,authorized,not_required,not_required,False,"['public', 'internal', 'confidential']",False,False,True,False,conditional_allow,0.1.0
lease,approve,owner,same,authorized,authorized,authorized,authorized,not_required,not_required,False,"['public', 'internal', 'confidential']",False,False,True,True,conditional_allow,0.1.0
lease,reject,owner,same,authorized,authorized,authorized,authorized,not_required,not_required,False,"['public', 'internal', 'confidential']",False,False,True,True,conditional_allow,0.1.0
lease,assign,owner,same,authorized,authorized,authorized,authorized,not_required,not_required,False,"['public', 'internal', 'confidential']",False,False,True,False,conditional_allow,0.1.0
lease,reassign,owner,same,authorized,authorized,authorized,authorized,not_required,not_required,False,"['public', 'internal', 'confidential']",False,False,True,False,conditional_allow,0.1.0
lease,export,owner,same,authorized,authorized,authorized,authorized,not_required,not_required,False,"['public', 'internal', 'confidential']",False,False,True,False,conditional_allow,0.1.0
lease,upload,owner,same,authorized,authorized,authorized,authorized,not_required,not_required,False,"['public', 'internal', 'confidential']",False,False,True,False,conditional_allow,0.1.0
lease,download,owner,same,authorized,authorized,authorized,authorized,not_required,not_required,False,"['public', 'internal', 'confidential']",False,False,True,False,conditional_allow,0.1.0
lease,delete_or_archive,owner,same,authorized,authorized,authorized,authorized,not_required,not_required,False,"['public', 'internal', 'confidential']",False,False,True,False,conditional_allow,0.1.0
lease,restore,owner,same,authorized,authorized,authorized,authorized,not_required,not_required,False,"['public', 'internal', 'confidential']",False,False,True,False,conditional_allow,0.1.0
lease,adjust_financial_record,owner,,,,,,,,,,,,,,deny,0.1.0
lease,execute_integration_action,owner,,,,,,,,,,,,,,deny,0.1.0
lease,configure_policy,owner,,,,,,,,,,,,,,deny,0.1.0
lease,administer_permissions,owner,,,,,,,,,,,,,,deny,0.1.0
maintenance,view_list,owner,same,authorized,authorized,authorized,authorized,not_required,not_required,False,"['public', 'internal', 'confidential']",False,False,True,False,conditional_allow,0.1.0
maintenance,view_detail,owner,same,authorized,authorized,authorized,authorized,not_required,not_required,False,"['public', 'internal', 'confidential']",False,False,True,False,conditional_allow,0.1.0
maintenance,view_sensitive_detail,owner,,,,,,,,,,,,,,deny,0.1.0
maintenance,create,owner,same,authorized,authorized,authorized,authorized,not_required,not_required,False,"['public', 'internal', 'confidential']",False,False,True,False,conditional_allow,0.1.0
maintenance,edit,owner,same,authorized,authorized,authorized,authorized,not_required,not_required,False,"['public', 'internal', 'confidential']",False,False,True,False,conditional_allow,0.1.0
maintenance,submit,owner,same,authorized,authorized,authorized,authorized,not_required,not_required,False,"['public', 'internal', 'confidential']",False,False,True,False,conditional_allow,0.1.0
maintenance,approve,owner,,,,,,,,,,,,,,deny,0.1.0
maintenance,reject,owner,,,,,,,,,,,,,,deny,0.1.0
maintenance,assign,owner,same,authorized,authorized,authorized,authorized,not_required,not_required,False,"['public', 'internal', 'confidential']",False,False,True,False,conditional_allow,0.1.0
maintenance,reassign,owner,same,authorized,authorized,authorized,authorized,not_required,not_required,False,"['public', 'internal', 'confidential']",False,False,True,False,conditional_allow,0.1.0
maintenance,export,owner,same,authorized,authorized,authorized,authorized,not_required,not_required,False,"['public', 'internal', 'confidential']",False,False,True,False,conditional_allow,0.1.0
maintenance,upload,owner,same,authorized,authorized,authorized,authorized,not_required,not_required,False,"['public', 'internal', 'confidential']",False,False,True,False,conditional_allow,0.1.0
maintenance,download,owner,same,authorized,authorized,authorized,authorized,not_required,not_required,False,"['public', 'internal', 'confidential']",False,False,True,False,conditional_allow,0.1.0
maintenance,delete_or_archive,owner,same,authorized,authorized,authorized,authorized,not_required,not_required,False,"['public', 'internal', 'confidential']",False,False,True,False,conditional_allow,0.1.0
maintenance,restore,owner,same,authorized,authorized,authorized,authorized,not_required,not_required,False,"['public', 'internal', 'confidential']",False,False,True,False,conditional_allow,0.1.0
maintenance,adjust_financial_record,owner,,,,,,,,,,,,,,deny,0.1.0
maintenance,execute_integration_action,owner,,,,,,,,,,,,,,deny,0.1.0
maintenance,configure_policy,owner,,,,,,,,,,,,,,deny,0.1.0
maintenance,administer_permissions,owner,,,,,,,,,,,,,,deny,0.1.0
assignment,view_list,owner,same,authorized,authorized,authorized,authorized,not_required,not_required,False,"['public', 'internal', 'confidential']",False,False,True,False,conditional_allow,0.1.0
assignment,view_detail,owner,same,authorized,authorized,authorized,authorized,not_required,not_required,False,"['public', 'internal', 'confidential']",False,False,True,False,conditional_allow,0.1.0
assignment,view_sensitive_detail,owner,,,,,,,,,,,,,,deny,0.1.0
assignment,create,owner,same,authorized,authorized,authorized,authorized,not_required,not_required,False,"['public', 'internal', 'confidential']",False,False,True,False,conditional_allow,0.1.0
assignment,edit,owner,same,authorized,authorized,authorized,authorized,not_required,not_required,False,"['public', 'internal', 'confidential']",False,False,True,False,conditional_allow,0.1.0
assignment,submit,owner,same,authorized,authorized,authorized,authorized,not_required,not_required,False,"['public', 'internal', 'confidential']",False,False,True,False,conditional_allow,0.1.0
assignment,approve,owner,,,,,,,,,,,,,,deny,0.1.0
assignment,reject,owner,,,,,,,,,,,,,,deny,0.1.0
assignment,assign,owner,same,authorized,authorized,authorized,authorized,not_required,not_required,False,"['public', 'internal', 'confidential']",False,False,True,False,conditional_allow,0.1.0
assignment,reassign,owner,same,authorized,authorized,authorized,authorized,not_required,not_required,False,"['public', 'internal', 'confidential']",False,False,True,False,conditional_allow,0.1.0
assignment,export,owner,same,authorized,authorized,authorized,authorized,not_required,not_required,False,"['public', 'internal', 'confidential']",False,False,True,False,conditional_allow,0.1.0
assignment,upload,owner,same,authorized,authorized,authorized,authorized,not_required,not_required,False,"['public', 'internal', 'confidential']",False,False,True,False,conditional_allow,0.1.0
assignment,download,owner,same,authorized,authorized,authorized,authorized,not_required,not_required,False,"['public', 'internal', 'confidential']",False,False,True,False,conditional_allow,0.1.0
assignment,delete_or_archive,owner,same,authorized,authorized,authorized,authorized,not_required,not_required,False,"['public', 'internal', 'confidential']",False,False,True,False,conditional_allow,0.1.0
assignment,restore,owner,same,authorized,authorized,authorized,authorized,not_required,not_required,False,"['public', 'internal', 'confidential']",False,False,True,False,conditional_allow,0.1.0
assignment,adjust_financial_record,owner,,,,,,,,,,,,,,deny,0.1.0
assignment,execute_integration_action,owner,,,,,,,,,,,,,,deny,0.1.0
assignment,configure_policy,owner,,,,,,,,,,,,,,deny,0.1.0
assignment,administer_permissions,owner,,,,,,,,,,,,,,deny,0.1.0
vendor,view_list,owner,same,authorized,authorized,authorized,authorized,not_required,not_required,False,"['public', 'internal', 'confidential']",False,False,True,False,conditional_allow,0.1.0
vendor,view_detail,owner,same,authorized,authorized,authorized,authorized,not_required,not_required,False,"['public', 'internal', 'confidential']",False,False,True,False,conditional_allow,0.1.0
vendor,view_sensitive_detail,owner,,,,,,,,,,,,,,deny,0.1.0
vendor,create,owner,same,authorized,authorized,authorized,authorized,not_required,not_required,False,"['public', 'internal', 'confidential']",False,False,True,False,conditional_allow,0.1.0
vendor,edit,owner,same,authorized,authorized,authorized,authorized,not_required,not_required,False,"['public', 'internal', 'confidential']",False,False,True,False,conditional_allow,0.1.0
vendor,submit,owner,same,authorized,authorized,authorized,authorized,not_required,not_required,False,"['public', 'internal', 'confidential']",False,False,True,False,conditional_allow,0.1.0
vendor,approve,owner,,,,,,,,,,,,,,deny,0.1.0
vendor,reject,owner,,,,,,,,,,,,,,deny,0.1.0
vendor,assign,owner,same,authorized,authorized,authorized,authorized,not_required,not_required,False,"['public', 'internal', 'confidential']",False,False,True,False,conditional_allow,0.1.0
vendor,reassign,owner,same,authorized,authorized,authorized,authorized,not_required,not_required,False,"['public', 'internal', 'confidential']",False,False,True,False,conditional_allow,0.1.0
vendor,export,owner,same,authorized,authorized,authorized,authorized,not_required,not_required,False,"['public', 'internal', 'confidential']",False,False,True,False,conditional_allow,0.1.0
vendor,upload,owner,same,authorized,authorized,authorized,authorized,not_required,not_required,False,"['public', 'internal', 'confidential']",False,False,True,False,conditional_allow,0.1.0
vendor,download,owner,same,authorized,authorized,authorized,authorized,not_required,not_required,False,"['public', 'internal', 'confidential']",False,False,True,False,conditional_allow,0.1.0
vendor,delete_or_archive,owner,same,authorized,authorized,authorized,authorized,not_required,not_required,False,"['public', 'internal', 'confidential']",False,False,True,False,conditional_allow,0.1.0
vendor,restore,owner,same,authorized,authorized,authorized,authorized,not_required,not_required,False,"['public', 'internal', 'confidential']",False,False,True,False,conditional_allow,0.1.0
vendor,adjust_financial_record,owner,,,,,,,,,,,,,,deny,0.1.0
vendor,execute_integration_action,owner,,,,,,,,,,,,,,deny,0.1.0
vendor,configure_policy,owner,,,,,,,,,,,,,,deny,0.1.0
vendor,administer_permissions,owner,,,,,,,,,,,,,,deny,0.1.0
ledger,view_list,owner,same,authorized,authorized,authorized,authorized,not_required,not_required,False,"['public', 'internal', 'confidential']",False,False,True,False,conditional_allow,0.1.0
ledger,view_detail,owner,same,authorized,authorized,authorized,authorized,not_required,not_required,False,"['public', 'internal', 'confidential']",False,False,True,False,conditional_allow,0.1.0
ledger,view_sensitive_detail,owner,,,,,,,,,,,,,,deny,0.1.0
ledger,create,owner,same,authorized,authorized,authorized,authorized,not_required,not_required,False,"['public', 'internal', 'confidential']",False,False,True,False,conditional_allow,0.1.0
ledger,edit,owner,same,authorized,authorized,authorized,authorized,not_required,not_required,False,"['public', 'internal', 'confidential']",False,False,True,False,conditional_allow,0.1.0
ledger,submit,owner,same,authorized,authorized,authorized,authorized,not_required,not_required,False,"['public', 'internal', 'confidential']",False,False,True,False,conditional_allow,0.1.0
ledger,approve,owner,,,,,,,,,,,,,,deny,0.1.0
ledger,reject,owner,,,,,,,,,,,,,,deny,0.1.0
ledger,assign,owner,same,authorized,authorized,authorized,authorized,not_required,not_required,False,"['public', 'internal', 'confidential']",False,False,True,False,conditional_allow,0.1.0
ledger,reassign,owner,same,authorized,authorized,authorized,authorized,not_required,not_required,False,"['public', 'internal', 'confidential']",False,False,True,False,conditional_allow,0.1.0
ledger,export,owner,same,authorized,authorized,authorized,authorized,not_required,not_required,False,"['public', 'internal', 'confidential']",False,False,True,False,conditional_allow,0.1.0
ledger,upload,owner,same,authorized,authorized,authorized,authorized,not_required,not_required,False,"['public', 'internal', 'confidential']",False,False,True,False,conditional_allow,0.1.0
ledger,download,owner,same,authorized,authorized,authorized,authorized,not_required,not_required,False,"['public', 'internal', 'confidential']",False,False,True,False,conditional_allow,0.1.0
ledger,delete_or_archive,owner,same,authorized,authorized,authorized,authorized,not_required,not_required,False,"['public', 'internal', 'confidential']",False,False,True,False,conditional_allow,0.1.0
ledger,restore,owner,same,authorized,authorized,authorized,authorized,not_required,not_required,False,"['public', 'internal', 'confidential']",False,False,True,False,conditional_allow,0.1.0
ledger,adjust_financial_record,owner,same,authorized,authorized,authorized,authorized,not_required,not_required,False,"['public', 'internal', 'confidential']",False,True,True,True,conditional_allow,0.1.0
ledger,execute_integration_action,owner,,,,,,,,,,,,,,deny,0.1.0
ledger,configure_policy,owner,,,,,,,,,,,,,,deny,0.1.0
ledger,administer_permissions,owner,,,,,,,,,,,,,,deny,0.1.0
payment,view_list,owner,same,authorized,authorized,authorized,authorized,not_required,not_required,False,"['public', 'internal', 'confidential']",False,False,True,False,conditional_allow,0.1.0
payment,view_detail,owner,same,authorized,authorized,authorized,authorized,not_required,not_required,False,"['public', 'internal', 'confidential']",False,False,True,False,conditional_allow,0.1.0
payment,view_sensitive_detail,owner,,,,,,,,,,,,,,deny,0.1.0
payment,create,owner,same,authorized,authorized,authorized,authorized,not_required,not_required,False,"['public', 'internal', 'confidential']",False,False,True,False,conditional_allow,0.1.0
payment,edit,owner,same,authorized,authorized,authorized,authorized,not_required,not_required,False,"['public', 'internal', 'confidential']",False,False,True,False,conditional_allow,0.1.0
payment,submit,owner,same,authorized,authorized,authorized,authorized,not_required,not_required,False,"['public', 'internal', 'confidential']",False,False,True,False,conditional_allow,0.1.0
payment,approve,owner,,,,,,,,,,,,,,deny,0.1.0
payment,reject,owner,,,,,,,,,,,,,,deny,0.1.0
payment,assign,owner,same,authorized,authorized,authorized,authorized,not_required,not_required,False,"['public', 'internal', 'confidential']",False,False,True,False,conditional_allow,0.1.0
payment,reassign,owner,same,authorized,authorized,authorized,authorized,not_required,not_required,False,"['public', 'internal', 'confidential']",False,False,True,False,conditional_allow,0.1.0
payment,export,owner,same,authorized,authorized,authorized,authorized,not_required,not_required,False,"['public', 'internal', 'confidential']",False,False,True,False,conditional_allow,0.1.0
payment,upload,owner,same,authorized,authorized,authorized,authorized,not_required,not_required,False,"['public', 'internal', 'confidential']",False,False,True,False,conditional_allow,0.1.0
payment,download,owner,same,authorized,authorized,authorized,authorized,not_required,not_required,False,"['public', 'internal', 'confidential']",False,False,True,False,conditional_allow,0.1.0
payment,delete_or_archive,owner,same,authorized,authorized,authorized,authorized,not_required,not_required,False,"['public', 'internal', 'confidential']",False,False,True,False,conditional_allow,0.1.0
payment,restore,owner,same,authorized,authorized,authorized,authorized,not_required,not_required,False,"['public', 'internal', 'confidential']",False,False,True,False,conditional_allow,0.1.0
payment,adjust_financial_record,owner,,,,,,,,,,,,,,deny,0.1.0
payment,execute_integration_action,owner,,,,,,,,,,,,,,deny,0.1.0
payment,configure_policy,owner,,,,,,,,,,,,,,deny,0.1.0
payment,administer_permissions,owner,,,,,,,,,,,,,,deny,0.1.0
budget,view_list,owner,same,authorized,authorized,authorized,authorized,not_required,not_required,False,"['public', 'internal', 'confidential']",False,False,True,False,conditional_allow,0.1.0
budget,view_detail,owner,same,authorized,authorized,authorized,authorized,not_required,not_required,False,"['public', 'internal', 'confidential']",False,False,True,False,conditional_allow,0.1.0
budget,view_sensitive_detail,owner,,,,,,,,,,,,,,deny,0.1.0
budget,create,owner,same,authorized,authorized,authorized,authorized,not_required,not_required,False,"['public', 'internal', 'confidential']",False,False,True,False,conditional_allow,0.1.0
budget,edit,owner,same,authorized,authorized,authorized,authorized,not_required,not_required,False,"['public', 'internal', 'confidential']",False,False,True,False,conditional_allow,0.1.0
budget,submit,owner,same,authorized,authorized,authorized,authorized,not_required,not_required,False,"['public', 'internal', 'confidential']",False,False,True,False,conditional_allow,0.1.0
budget,approve,owner,,,,,,,,,,,,,,deny,0.1.0
budget,reject,owner,,,,,,,,,,,,,,deny,0.1.0
budget,assign,owner,same,authorized,authorized,authorized,authorized,not_required,not_required,False,"['public', 'internal', 'confidential']",False,False,True,False,conditional_allow,0.1.0
budget,reassign,owner,same,authorized,authorized,authorized,authorized,not_required,not_required,False,"['public', 'internal', 'confidential']",False,False,True,False,conditional_allow,0.1.0
budget,export,owner,same,authorized,authorized,authorized,authorized,not_required,not_required,False,"['public', 'internal', 'confidential']",False,False,True,False,conditional_allow,0.1.0
budget,upload,owner,same,authorized,authorized,authorized,authorized,not_required,not_required,False,"['public', 'internal', 'confidential']",False,False,True,False,conditional_allow,0.1.0
budget,download,owner,same,authorized,authorized,authorized,authorized,not_required,not_required,False,"['public', 'internal', 'confidential']",False,False,True,False,conditional_allow,0.1.0
budget,delete_or_archive,owner,same,authorized,authorized,authorized,authorized,not_required,not_required,False,"['public', 'internal', 'confidential']",False,False,True,False,conditional_allow,0.1.0
budget,restore,owner,same,authorized,authorized,authorized,authorized,not_required,not_required,False,"['public', 'internal', 'confidential']",False,False,True,False,conditional_allow,0.1.0
budget,adjust_financial_record,owner,,,,,,,,,,,,,,deny,0.1.0
budget,execute_integration_action,owner,,,,,,,,,,,,,,deny,0.1.0
budget,configure_policy,owner,same,authorized,authorized,authorized,authorized,not_required,not_required,False,"['public', 'internal', 'confidential']",False,False,True,True,conditional_allow,0.1.0
budget,administer_permissions,owner,,,,,,,,,,,,,,deny,0.1.0
document,view_list,owner,same,authorized,authorized,authorized,authorized,not_required,not_required,False,"['public', 'internal', 'confidential']",False,False,True,False,conditional_allow,0.1.0
document,view_detail,owner,same,authorized,authorized,authorized,authorized,not_required,not_required,False,"['public', 'internal', 'confidential']",False,False,True,False,conditional_allow,0.1.0
document,view_sensitive_detail,owner,,,,,,,,,,,,,,deny,0.1.0
document,create,owner,same,authorized,authorized,authorized,authorized,not_required,not_required,False,"['public', 'internal', 'confidential']",False,False,True,False,conditional_allow,0.1.0
document,edit,owner,same,authorized,authorized,authorized,authorized,not_required,not_required,False,"['public', 'internal', 'confidential']",False,False,True,False,conditional_allow,0.1.0
document,submit,owner,same,authorized,authorized,authorized,authorized,not_required,not_required,False,"['public', 'internal', 'confidential']",False,False,True,False,conditional_allow,0.1.0
document,approve,owner,,,,,,,,,,,,,,deny,0.1.0
document,reject,owner,,,,,,,,,,,,,,deny,0.1.0
document,assign,owner,same,authorized,authorized,authorized,authorized,not_required,not_required,False,"['public', 'internal', 'confidential']",False,False,True,False,conditional_allow,0.1.0
document,reassign,owner,same,authorized,authorized,authorized,authorized,not_required,not_required,False,"['public', 'internal', 'confidential']",False,False,True,False,conditional_allow,0.1.0
document,export,owner,same,authorized,authorized,authorized,authorized,not_required,not_required,False,"['public', 'internal', 'confidential']",False,False,True,False,conditional_allow,0.1.0
document,upload,owner,same,authorized,authorized,authorized,authorized,not_required,not_required,False,"['public', 'internal', 'confidential']",False,False,True,False,conditional_allow,0.1.0
document,download,owner,same,authorized,authorized,authorized,authorized,not_required,not_required,False,"['public', 'internal', 'confidential']",False,False,True,False,conditional_allow,0.1.0
document,delete_or_archive,owner,same,authorized,authorized,authorized,authorized,not_required,not_required,False,"['public', 'internal', 'confidential']",False,False,True,False,conditional_allow,0.1.0
document,restore,owner,same,authorized,authorized,authorized,authorized,not_required,not_required,False,"['public', 'internal', 'confidential']",False,False,True,False,conditional_allow,0.1.0
document,adjust_financial_record,owner,,,,,,,,,,,,,,deny,0.1.0
document,execute_integration_action,owner,,,,,,,,,,,,,,deny,0.1.0
document,configure_policy,owner,,,,,,,,,,,,,,deny,0.1.0
document,administer_permissions,owner,,,,,,,,,,,,,,deny,0.1.0
restricted_document,view_list,owner,same,authorized,authorized,authorized,authorized,not_required,not_required,False,"['public', 'internal', 'confidential']",False,False,True,False,conditional_allow,0.1.0
restricted_document,view_detail,owner,same,authorized,authorized,authorized,authorized,not_required,not_required,False,"['public', 'internal', 'confidential']",False,False,True,False,conditional_allow,0.1.0
restricted_document,view_sensitive_detail,owner,same,authorized,authorized,authorized,authorized,not_required,not_required,False,['restricted'],False,False,True,True,conditional_allow,0.1.0
restricted_document,create,owner,same,authorized,authorized,authorized,authorized,not_required,not_required,False,"['public', 'internal', 'confidential']",False,False,True,False,conditional_allow,0.1.0
restricted_document,edit,owner,same,authorized,authorized,authorized,authorized,not_required,not_required,False,"['public', 'internal', 'confidential']",False,False,True,False,conditional_allow,0.1.0
restricted_document,submit,owner,same,authorized,authorized,authorized,authorized,not_required,not_required,False,"['public', 'internal', 'confidential']",False,False,True,False,conditional_allow,0.1.0
restricted_document,approve,owner,,,,,,,,,,,,,,deny,0.1.0
restricted_document,reject,owner,,,,,,,,,,,,,,deny,0.1.0
restricted_document,assign,owner,same,authorized,authorized,authorized,authorized,not_required,not_required,False,"['public', 'internal', 'confidential']",False,False,True,False,conditional_allow,0.1.0
restricted_document,reassign,owner,same,authorized,authorized,authorized,authorized,not_required,not_required,False,"['public', 'internal', 'confidential']",False,False,True,False,conditional_allow,0.1.0
restricted_document,export,owner,same,authorized,authorized,authorized,authorized,not_required,not_required,False,"['public', 'internal', 'confidential']",False,False,True,False,conditional_allow,0.1.0
restricted_document,upload,owner,same,authorized,authorized,authorized,authorized,not_required,not_required,False,"['public', 'internal', 'confidential']",False,False,True,False,conditional_allow,0.1.0
restricted_document,download,owner,same,authorized,authorized,authorized,authorized,not_required,not_required,False,"['public', 'internal', 'confidential']",False,False,True,False,conditional_allow,0.1.0
restricted_document,delete_or_archive,owner,same,authorized,authorized,authorized,authorized,not_required,not_required,False,"['public', 'internal', 'confidential']",False,False,True,False,conditional_allow,0.1.0
restricted_document,restore,owner,same,authorized,authorized,authorized,authorized,not_required,not_required,False,"['public', 'internal', 'confidential']",False,False,True,False,conditional_allow,0.1.0
restricted_document,adjust_financial_record,owner,,,,,,,,,,,,,,deny,0.1.0
restricted_document,execute_integration_action,owner,,,,,,,,,,,,,,deny,0.1.0
restricted_document,configure_policy,owner,,,,,,,,,,,,,,deny,0.1.0
restricted_document,administer_permissions,owner,,,,,,,,,,,,,,deny,0.1.0
screening_report,view_list,owner,same,authorized,authorized,authorized,authorized,not_required,not_required,False,"['public', 'internal', 'confidential']",False,False,True,False,conditional_allow,0.1.0
screening_report,view_detail,owner,same,authorized,authorized,authorized,authorized,not_required,not_required,False,"['public', 'internal', 'confidential']",False,False,True,False,conditional_allow,0.1.0
screening_report,view_sensitive_detail,owner,same,authorized,authorized,authorized,authorized,not_required,not_required,False,['restricted'],False,False,True,True,conditional_allow,0.1.0
screening_report,create,owner,same,authorized,authorized,authorized,authorized,not_required,not_required,False,"['public', 'internal', 'confidential']",False,False,True,False,conditional_allow,0.1.0
screening_report,edit,owner,same,authorized,authorized,authorized,authorized,not_required,not_required,False,"['public', 'internal', 'confidential']",False,False,True,False,conditional_allow,0.1.0
screening_report,submit,owner,same,authorized,authorized,authorized,authorized,not_required,not_required,False,"['public', 'internal', 'confidential']",False,False,True,False,conditional_allow,0.1.0
screening_report,approve,owner,,,,,,,,,,,,,,deny,0.1.0
screening_report,reject,owner,,,,,,,,,,,,,,deny,0.1.0
screening_report,assign,owner,same,authorized,authorized,authorized,authorized,not_required,not_required,False,"['public', 'internal', 'confidential']",False,False,True,False,conditional_allow,0.1.0
screening_report,reassign,owner,same,authorized,authorized,authorized,authorized,not_required,not_required,False,"['public', 'internal', 'confidential']",False,False,True,False,conditional_allow,0.1.0
screening_report,export,owner,same,authorized,authorized,authorized,authorized,not_required,not_required,False,"['public', 'internal', 'confidential']",False,False,True,False,conditional_allow,0.1.0
screening_report,upload,owner,same,authorized,authorized,authorized,authorized,not_required,not_required,False,"['public', 'internal', 'confidential']",False,False,True,False,conditional_allow,0.1.0
screening_report,download,owner,same,authorized,authorized,authorized,authorized,not_required,not_required,False,"['public', 'internal', 'confidential']",False,False,True,False,conditional_allow,0.1.0
screening_report,delete_or_archive,owner,same,authorized,authorized,authorized,authorized,not_required,not_required,False,"['public', 'internal', 'confidential']",False,False,True,False,conditional_allow,0.1.0
screening_report,restore,owner,same,authorized,authorized,authorized,authorized,not_required,not_required,False,"['public', 'internal', 'confidential']",False,False,True,False,conditional_allow,0.1.0
screening_report,adjust_financial_record,owner,,,,,,,,,,,,,,deny,0.1.0
screening_report,execute_integration_action,owner,,,,,,,,,,,,,,deny,0.1.0
screening_report,configure_policy,owner,,,,,,,,,,,,,,deny,0.1.0
screening_report,administer_permissions,owner,,,,,,,,,,,,,,deny,0.1.0
communication,view_list,owner,same,authorized,authorized,authorized,authorized,not_required,not_required,False,"['public', 'internal', 'confidential']",False,False,True,False,conditional_allow,0.1.0
communication,view_detail,owner,same,authorized,authorized,authorized,authorized,not_required,not_required,False,"['public', 'internal', 'confidential']",False,False,True,False,conditional_allow,0.1.0
communication,view_sensitive_detail,owner,,,,,,,,,,,,,,deny,0.1.0
communication,create,owner,same,authorized,authorized,authorized,authorized,not_required,not_required,False,"['public', 'internal', 'confidential']",False,False,True,False,conditional_allow,0.1.0
communication,edit,owner,same,authorized,authorized,authorized,authorized,not_required,not_required,False,"['public', 'internal', 'confidential']",False,False,True,False,conditional_allow,0.1.0
communication,submit,owner,same,authorized,authorized,authorized,authorized,not_required,not_required,False,"['public', 'internal', 'confidential']",False,False,True,False,conditional_allow,0.1.0
communication,approve,owner,,,,,,,,,,,,,,deny,0.1.0
communication,reject,owner,,,,,,,,,,,,,,deny,0.1.0
communication,assign,owner,same,authorized,authorized,authorized,authorized,not_required,not_required,False,"['public', 'internal', 'confidential']",False,False,True,False,conditional_allow,0.1.0
communication,reassign,owner,same,authorized,authorized,authorized,authorized,not_required,not_required,False,"['public', 'internal', 'confidential']",False,False,True,False,conditional_allow,0.1.0
communication,export,owner,same,authorized,authorized,authorized,authorized,not_required,not_required,False,"['public', 'internal', 'confidential']",False,False,True,False,conditional_allow,0.1.0
communication,upload,owner,same,authorized,authorized,authorized,authorized,not_required,not_required,False,"['public', 'internal', 'confidential']",False,False,True,False,conditional_allow,0.1.0
communication,download,owner,same,authorized,authorized,authorized,authorized,not_required,not_required,False,"['public', 'internal', 'confidential']",False,False,True,False,conditional_allow,0.1.0
communication,delete_or_archive,owner,same,authorized,authorized,authorized,authorized,not_required,not_required,False,"['public', 'internal', 'confidential']",False,False,True,False,conditional_allow,0.1.0
communication,restore,owner,same,authorized,authorized,authorized,authorized,not_required,not_required,False,"['public', 'internal', 'confidential']",False,False,True,False,conditional_allow,0.1.0
communication,adjust_financial_record,owner,,,,,,,,,,,,,,deny,0.1.0
communication,execute_integration_action,owner,,,,,,,,,,,,,,deny,0.1.0
communication,configure_policy,owner,,,,,,,,,,,,,,deny,0.1.0
communication,administer_permissions,owner,,,,,,,,,,,,,,deny,0.1.0
approval,view_list,owner,same,authorized,authorized,authorized,authorized,not_required,not_required,False,"['public', 'internal', 'confidential']",False,False,True,False,conditional_allow,0.1.0
approval,view_detail,owner,same,authorized,authorized,authorized,authorized,not_required,not_required,False,"['public', 'internal', 'confidential']",False,False,True,False,conditional_allow,0.1.0
approval,view_sensitive_detail,owner,,,,,,,,,,,,,,deny,0.1.0
approval,create,owner,same,authorized,authorized,authorized,authorized,not_required,not_required,False,"['public', 'internal', 'confidential']",False,False,True,False,conditional_allow,0.1.0
approval,edit,owner,same,authorized,authorized,authorized,authorized,not_required,not_required,False,"['public', 'internal', 'confidential']",False,False,True,False,conditional_allow,0.1.0
approval,submit,owner,same,authorized,authorized,authorized,authorized,not_required,not_required,False,"['public', 'internal', 'confidential']",False,False,True,False,conditional_allow,0.1.0
approval,approve,owner,same,authorized,authorized,authorized,authorized,not_required,not_required,False,"['public', 'internal', 'confidential']",False,False,True,True,conditional_allow,0.1.0
approval,reject,owner,same,authorized,authorized,authorized,authorized,not_required,not_required,False,"['public', 'internal', 'confidential']",False,False,True,True,conditional_allow,0.1.0
approval,assign,owner,same,authorized,authorized,authorized,authorized,not_required,not_required,False,"['public', 'internal', 'confidential']",False,False,True,False,conditional_allow,0.1.0
approval,reassign,owner,same,authorized,authorized,authorized,authorized,not_required,not_required,False,"['public', 'internal', 'confidential']",False,False,True,False,conditional_allow,0.1.0
approval,export,owner,same,authorized,authorized,authorized,authorized,not_required,not_required,False,"['public', 'internal', 'confidential']",False,False,True,False,conditional_allow,0.1.0
approval,upload,owner,same,authorized,authorized,authorized,authorized,not_required,not_required,False,"['public', 'internal', 'confidential']",False,False,True,False,conditional_allow,0.1.0
approval,download,owner,same,authorized,authorized,authorized,authorized,not_required,not_required,False,"['public', 'internal', 'confidential']",False,False,True,False,conditional_allow,0.1.0
approval,delete_or_archive,owner,same,authorized,authorized,authorized,authorized,not_required,not_required,False,"['public', 'internal', 'confidential']",False,False,True,False,conditional_allow,0.1.0
approval,restore,owner,same,authorized,authorized,authorized,authorized,not_required,not_required,False,"['public', 'internal', 'confidential']",False,False,True,False,conditional_allow,0.1.0
approval,adjust_financial_record,owner,,,,,,,,,,,,,,deny,0.1.0
approval,execute_integration_action,owner,,,,,,,,,,,,,,deny,0.1.0
approval,configure_policy,owner,,,,,,,,,,,,,,deny,0.1.0
approval,administer_permissions,owner,,,,,,,,,,,,,,deny,0.1.0
delegation,view_list,owner,same,authorized,authorized,authorized,authorized,not_required,not_required,False,"['public', 'internal', 'confidential']",False,False,True,False,conditional_allow,0.1.0
delegation,view_detail,owner,same,authorized,authorized,authorized,authorized,not_required,not_required,False,"['public', 'internal', 'confidential']",False,False,True,False,conditional_allow,0.1.0
delegation,view_sensitive_detail,owner,,,,,,,,,,,,,,deny,0.1.0
delegation,create,owner,same,authorized,authorized,authorized,authorized,not_required,not_required,False,"['public', 'internal', 'confidential']",False,False,True,False,conditional_allow,0.1.0
delegation,edit,owner,same,authorized,authorized,authorized,authorized,not_required,not_required,False,"['public', 'internal', 'confidential']",False,False,True,False,conditional_allow,0.1.0
delegation,submit,owner,same,authorized,authorized,authorized,authorized,not_required,not_required,False,"['public', 'internal', 'confidential']",False,False,True,False,conditional_allow,0.1.0
delegation,approve,owner,,,,,,,,,,,,,,deny,0.1.0
delegation,reject,owner,,,,,,,,,,,,,,deny,0.1.0
delegation,assign,owner,same,authorized,authorized,authorized,authorized,not_required,not_required,False,"['public', 'internal', 'confidential']",False,False,True,False,conditional_allow,0.1.0
delegation,reassign,owner,same,authorized,authorized,authorized,authorized,not_required,not_required,False,"['public', 'internal', 'confidential']",False,False,True,False,conditional_allow,0.1.0
delegation,export,owner,same,authorized,authorized,authorized,authorized,not_required,not_required,False,"['public', 'internal', 'confidential']",False,False,True,False,conditional_allow,0.1.0
delegation,upload,owner,same,authorized,authorized,authorized,authorized,not_required,not_required,False,"['public', 'internal', 'confidential']",False,False,True,False,conditional_allow,0.1.0
delegation,download,owner,same,authorized,authorized,authorized,authorized,not_required,not_required,False,"['public', 'internal', 'confidential']",False,False,True,False,conditional_allow,0.1.0
delegation,delete_or_archive,owner,same,authorized,authorized,authorized,authorized,not_required,not_required,False,"['public', 'internal', 'confidential']",False,False,True,False,conditional_allow,0.1.0
delegation,restore,owner,same,authorized,authorized,authorized,authorized,not_required,not_required,False,"['public', 'internal', 'confidential']",False,False,True,False,conditional_allow,0.1.0
delegation,adjust_financial_record,owner,,,,,,,,,,,,,,deny,0.1.0
delegation,execute_integration_action,owner,,,,,,,,,,,,,,deny,0.1.0
delegation,configure_policy,owner,same,authorized,authorized,authorized,authorized,not_required,not_required,False,"['public', 'internal', 'confidential']",False,False,True,True,conditional_allow,0.1.0
delegation,administer_permissions,owner,,,,,,,,,,,,,,deny,0.1.0
report,view_list,owner,same,authorized,authorized,authorized,authorized,not_required,not_required,False,"['public', 'internal', 'confidential']",False,False,True,False,conditional_allow,0.1.0
report,view_detail,owner,same,authorized,authorized,authorized,authorized,not_required,not_required,False,"['public', 'internal', 'confidential']",False,False,True,False,conditional_allow,0.1.0
report,view_sensitive_detail,owner,,,,,,,,,,,,,,deny,0.1.0
report,create,owner,same,authorized,authorized,authorized,authorized,not_required,not_required,False,"['public', 'internal', 'confidential']",False,False,True,False,conditional_allow,0.1.0
report,edit,owner,same,authorized,authorized,authorized,authorized,not_required,not_required,False,"['public', 'internal', 'confidential']",False,False,True,False,conditional_allow,0.1.0
report,submit,owner,same,authorized,authorized,authorized,authorized,not_required,not_required,False,"['public', 'internal', 'confidential']",False,False,True,False,conditional_allow,0.1.0
report,approve,owner,,,,,,,,,,,,,,deny,0.1.0
report,reject,owner,,,,,,,,,,,,,,deny,0.1.0
report,assign,owner,same,authorized,authorized,authorized,authorized,not_required,not_required,False,"['public', 'internal', 'confidential']",False,False,True,False,conditional_allow,0.1.0
report,reassign,owner,same,authorized,authorized,authorized,authorized,not_required,not_required,False,"['public', 'internal', 'confidential']",False,False,True,False,conditional_allow,0.1.0
report,export,owner,same,authorized,authorized,authorized,authorized,not_required,not_required,False,"['public', 'internal', 'confidential']",False,False,True,False,conditional_allow,0.1.0
report,upload,owner,same,authorized,authorized,authorized,authorized,not_required,not_required,False,"['public', 'internal', 'confidential']",False,False,True,False,conditional_allow,0.1.0
report,download,owner,same,authorized,authorized,authorized,authorized,not_required,not_required,False,"['public', 'internal', 'confidential']",False,False,True,False,conditional_allow,0.1.0
report,delete_or_archive,owner,same,authorized,authorized,authorized,authorized,not_required,not_required,False,"['public', 'internal', 'confidential']",False,False,True,False,conditional_allow,0.1.0
report,restore,owner,same,authorized,authorized,authorized,authorized,not_required,not_required,False,"['public', 'internal', 'confidential']",False,False,True,False,conditional_allow,0.1.0
report,adjust_financial_record,owner,,,,,,,,,,,,,,deny,0.1.0
report,execute_integration_action,owner,,,,,,,,,,,,,,deny,0.1.0
report,configure_policy,owner,,,,,,,,,,,,,,deny,0.1.0
report,administer_permissions,owner,,,,,,,,,,,,,,deny,0.1.0
audit,view_list,owner,same,authorized,authorized,authorized,authorized,not_required,not_required,False,"['public', 'internal', 'confidential']",False,False,True,True,conditional_allow,0.1.0
audit,view_detail,owner,same,authorized,authorized,authorized,authorized,not_required,not_required,False,"['public', 'internal', 'confidential']",False,False,True,True,conditional_allow,0.1.0
audit,view_sensitive_detail,owner,,,,,,,,,,,,,,deny,0.1.0
audit,create,owner,same,authorized,authorized,authorized,authorized,not_required,not_required,False,"['public', 'internal', 'confidential']",False,False,True,False,conditional_allow,0.1.0
audit,edit,owner,same,authorized,authorized,authorized,authorized,not_required,not_required,False,"['public', 'internal', 'confidential']",False,False,True,False,conditional_allow,0.1.0
audit,submit,owner,same,authorized,authorized,authorized,authorized,not_required,not_required,False,"['public', 'internal', 'confidential']",False,False,True,False,conditional_allow,0.1.0
audit,approve,owner,,,,,,,,,,,,,,deny,0.1.0
audit,reject,owner,,,,,,,,,,,,,,deny,0.1.0
audit,assign,owner,same,authorized,authorized,authorized,authorized,not_required,not_required,False,"['public', 'internal', 'confidential']",False,False,True,False,conditional_allow,0.1.0
audit,reassign,owner,same,authorized,authorized,authorized,authorized,not_required,not_required,False,"['public', 'internal', 'confidential']",False,False,True,False,conditional_allow,0.1.0
audit,export,owner,same,authorized,authorized,authorized,authorized,not_required,not_required,False,"['public', 'internal', 'confidential']",False,False,True,True,conditional_allow,0.1.0
audit,upload,owner,same,authorized,authorized,authorized,authorized,not_required,not_required,False,"['public', 'internal', 'confidential']",False,False,True,False,conditional_allow,0.1.0
audit,download,owner,same,authorized,authorized,authorized,authorized,not_required,not_required,False,"['public', 'internal', 'confidential']",False,False,True,False,conditional_allow,0.1.0
audit,delete_or_archive,owner,same,authorized,authorized,authorized,authorized,not_required,not_required,False,"['public', 'internal', 'confidential']",False,False,True,False,conditional_allow,0.1.0
audit,restore,owner,same,authorized,authorized,authorized,authorized,not_required,not_required,False,"['public', 'internal', 'confidential']",False,False,True,False,conditional_allow,0.1.0
audit,adjust_financial_record,owner,,,,,,,,,,,,,,deny,0.1.0
audit,execute_integration_action,owner,,,,,,,,,,,,,,deny,0.1.0
audit,configure_policy,owner,,,,,,,,,,,,,,deny,0.1.0
audit,administer_permissions,owner,,,,,,,,,,,,,,deny,0.1.0
integration,view_list,owner,,,,,,,,,,,,,,deny,0.1.0
integration,view_detail,owner,,,,,,,,,,,,,,deny,0.1.0
integration,view_sensitive_detail,owner,,,,,,,,,,,,,,deny,0.1.0
integration,create,owner,,,,,,,,,,,,,,deny,0.1.0
integration,edit,owner,,,,,,,,,,,,,,deny,0.1.0
integration,submit,owner,,,,,,,,,,,,,,deny,0.1.0
integration,approve,owner,,,,,,,,,,,,,,deny,0.1.0
integration,reject,owner,,,,,,,,,,,,,,deny,0.1.0
integration,assign,owner,,,,,,,,,,,,,,deny,0.1.0
integration,reassign,owner,,,,,,,,,,,,,,deny,0.1.0
integration,export,owner,,,,,,,,,,,,,,deny,0.1.0
integration,upload,owner,,,,,,,,,,,,,,deny,0.1.0
integration,download,owner,,,,,,,,,,,,,,deny,0.1.0
integration,delete_or_archive,owner,,,,,,,,,,,,,,deny,0.1.0
integration,restore,owner,,,,,,,,,,,,,,deny,0.1.0
integration,adjust_financial_record,owner,,,,,,,,,,,,,,deny,0.1.0
integration,execute_integration_action,owner,,,,,,,,,,,,,,deny,0.1.0
integration,configure_policy,owner,,,,,,,,,,,,,,deny,0.1.0
integration,administer_permissions,owner,,,,,,,,,,,,,,deny,0.1.0
identity,view_list,owner,,,,,,,,,,,,,,deny,0.1.0
identity,view_detail,owner,,,,,,,,,,,,,,deny,0.1.0
identity,view_sensitive_detail,owner,same,authorized,authorized,authorized,authorized,not_required,not_required,False,['restricted'],False,False,True,True,conditional_allow,0.1.0
identity,create,owner,,,,,,,,,,,,,,deny,0.1.0
identity,edit,owner,,,,,,,,,,,,,,deny,0.1.0
identity,submit,owner,,,,,,,,,,,,,,deny,0.1.0
identity,approve,owner,,,,,,,,,,,,,,deny,0.1.0
identity,reject,owner,,,,,,,,,,,,,,deny,0.1.0
identity,assign,owner,,,,,,,,,,,,,,deny,0.1.0
identity,reassign,owner,,,,,,,,,,,,,,deny,0.1.0
identity,export,owner,,,,,,,,,,,,,,deny,0.1.0
identity,upload,owner,,,,,,,,,,,,,,deny,0.1.0
identity,download,owner,,,,,,,,,,,,,,deny,0.1.0
identity,delete_or_archive,owner,,,,,,,,,,,,,,deny,0.1.0
identity,restore,owner,,,,,,,,,,,,,,deny,0.1.0
identity,adjust_financial_record,owner,,,,,,,,,,,,,,deny,0.1.0
identity,execute_integration_action,owner,,,,,,,,,,,,,,deny,0.1.0
identity,configure_policy,owner,,,,,,,,,,,,,,deny,0.1.0
identity,administer_permissions,owner,,,,,,,,,,,,,,deny,0.1.0
technical_admin,view_list,owner,,,,,,,,,,,,,,deny,0.1.0
technical_admin,view_detail,owner,,,,,,,,,,,,,,deny,0.1.0
technical_admin,view_sensitive_detail,owner,,,,,,,,,,,,,,deny,0.1.0
technical_admin,create,owner,,,,,,,,,,,,,,deny,0.1.0
technical_admin,edit,owner,,,,,,,,,,,,,,deny,0.1.0
technical_admin,submit,owner,,,,,,,,,,,,,,deny,0.1.0
technical_admin,approve,owner,,,,,,,,,,,,,,deny,0.1.0
technical_admin,reject,owner,,,,,,,,,,,,,,deny,0.1.0
technical_admin,assign,owner,,,,,,,,,,,,,,deny,0.1.0
technical_admin,reassign,owner,,,,,,,,,,,,,,deny,0.1.0
technical_admin,export,owner,,,,,,,,,,,,,,deny,0.1.0
technical_admin,upload,owner,,,,,,,,,,,,,,deny,0.1.0
technical_admin,download,owner,,,,,,,,,,,,,,deny,0.1.0
technical_admin,delete_or_archive,owner,,,,,,,,,,,,,,deny,0.1.0
technical_admin,restore,owner,,,,,,,,,,,,,,deny,0.1.0
technical_admin,adjust_financial_record,owner,,,,,,,,,,,,,,deny,0.1.0
technical_admin,execute_integration_action,owner,,,,,,,,,,,,,,deny,0.1.0
technical_admin,configure_policy,owner,,,,,,,,,,,,,,deny,0.1.0
technical_admin,administer_permissions,owner,,,,,,,,,,,,,,deny,0.1.0
source_code,view_list,owner,,,,,,,,,,,,,,deny,0.1.0
source_code,view_detail,owner,,,,,,,,,,,,,,deny,0.1.0
source_code,view_sensitive_detail,owner,,,,,,,,,,,,,,deny,0.1.0
source_code,create,owner,,,,,,,,,,,,,,deny,0.1.0
source_code,edit,owner,,,,,,,,,,,,,,deny,0.1.0
source_code,submit,owner,,,,,,,,,,,,,,deny,0.1.0
source_code,approve,owner,,,,,,,,,,,,,,deny,0.1.0
source_code,reject,owner,,,,,,,,,,,,,,deny,0.1.0
source_code,assign,owner,,,,,,,,,,,,,,deny,0.1.0
source_code,reassign,owner,,,,,,,,,,,,,,deny,0.1.0
source_code,export,owner,,,,,,,,,,,,,,deny,0.1.0
source_code,upload,owner,,,,,,,,,,,,,,deny,0.1.0
source_code,download,owner,,,,,,,,,,,,,,deny,0.1.0
source_code,delete_or_archive,owner,,,,,,,,,,,,,,deny,0.1.0
source_code,restore,owner,,,,,,,,,,,,,,deny,0.1.0
source_code,adjust_financial_record,owner,,,,,,,,,,,,,,deny,0.1.0
source_code,execute_integration_action,owner,,,,,,,,,,,,,,deny,0.1.0
source_code,configure_policy,owner,,,,,,,,,,,,,,deny,0.1.0
source_code,administer_permissions,owner,,,,,,,,,,,,,,deny,0.1.0
database_admin,view_list,owner,,,,,,,,,,,,,,deny,0.1.0
database_admin,view_detail,owner,,,,,,,,,,,,,,deny,0.1.0
database_admin,view_sensitive_detail,owner,,,,,,,,,,,,,,deny,0.1.0
database_admin,create,owner,,,,,,,,,,,,,,deny,0.1.0
database_admin,edit,owner,,,,,,,,,,,,,,deny,0.1.0
database_admin,submit,owner,,,,,,,,,,,,,,deny,0.1.0
database_admin,approve,owner,,,,,,,,,,,,,,deny,0.1.0
database_admin,reject,owner,,,,,,,,,,,,,,deny,0.1.0
database_admin,assign,owner,,,,,,,,,,,,,,deny,0.1.0
database_admin,reassign,owner,,,,,,,,,,,,,,deny,0.1.0
database_admin,export,owner,,,,,,,,,,,,,,deny,0.1.0
database_admin,upload,owner,,,,,,,,,,,,,,deny,0.1.0
database_admin,download,owner,,,,,,,,,,,,,,deny,0.1.0
database_admin,delete_or_archive,owner,,,,,,,,,,,,,,deny,0.1.0
database_admin,restore,owner,,,,,,,,,,,,,,deny,0.1.0
database_admin,adjust_financial_record,owner,,,,,,,,,,,,,,deny,0.1.0
database_admin,execute_integration_action,owner,,,,,,,,,,,,,,deny,0.1.0
database_admin,configure_policy,owner,,,,,,,,,,,,,,deny,0.1.0
database_admin,administer_permissions,owner,,,,,,,,,,,,,,deny,0.1.0
production_secret,view_list,owner,,,,,,,,,,,,,,deny,0.1.0
production_secret,view_detail,owner,,,,,,,,,,,,,,deny,0.1.0
production_secret,view_sensitive_detail,owner,,,,,,,,,,,,,,deny,0.1.0
production_secret,create,owner,,,,,,,,,,,,,,deny,0.1.0
production_secret,edit,owner,,,,,,,,,,,,,,deny,0.1.0
production_secret,submit,owner,,,,,,,,,,,,,,deny,0.1.0
production_secret,approve,owner,,,,,,,,,,,,,,deny,0.1.0
production_secret,reject,owner,,,,,,,,,,,,,,deny,0.1.0
production_secret,assign,owner,,,,,,,,,,,,,,deny,0.1.0
production_secret,reassign,owner,,,,,,,,,,,,,,deny,0.1.0
production_secret,export,owner,,,,,,,,,,,,,,deny,0.1.0
production_secret,upload,owner,,,,,,,,,,,,,,deny,0.1.0
production_secret,download,owner,,,,,,,,,,,,,,deny,0.1.0
production_secret,delete_or_archive,owner,,,,,,,,,,,,,,deny,0.1.0
production_secret,restore,owner,,,,,,,,,,,,,,deny,0.1.0
production_secret,adjust_financial_record,owner,,,,,,,,,,,,,,deny,0.1.0
production_secret,execute_integration_action,owner,,,,,,,,,,,,,,deny,0.1.0
production_secret,configure_policy,owner,,,,,,,,,,,,,,deny,0.1.0
production_secret,administer_permissions,owner,,,,,,,,,,,,,,deny,0.1.0
deployment,view_list,owner,,,,,,,,,,,,,,deny,0.1.0
deployment,view_detail,owner,,,,,,,,,,,,,,deny,0.1.0
deployment,view_sensitive_detail,owner,,,,,,,,,,,,,,deny,0.1.0
deployment,create,owner,,,,,,,,,,,,,,deny,0.1.0
deployment,edit,owner,,,,,,,,,,,,,,deny,0.1.0
deployment,submit,owner,,,,,,,,,,,,,,deny,0.1.0
deployment,approve,owner,,,,,,,,,,,,,,deny,0.1.0
deployment,reject,owner,,,,,,,,,,,,,,deny,0.1.0
deployment,assign,owner,,,,,,,,,,,,,,deny,0.1.0
deployment,reassign,owner,,,,,,,,,,,,,,deny,0.1.0
deployment,export,owner,,,,,,,,,,,,,,deny,0.1.0
deployment,upload,owner,,,,,,,,,,,,,,deny,0.1.0
deployment,download,owner,,,,,,,,,,,,,,deny,0.1.0
deployment,delete_or_archive,owner,,,,,,,,,,,,,,deny,0.1.0
deployment,restore,owner,,,,,,,,,,,,,,deny,0.1.0
deployment,adjust_financial_record,owner,,,,,,,,,,,,,,deny,0.1.0
deployment,execute_integration_action,owner,,,,,,,,,,,,,,deny,0.1.0
deployment,configure_policy,owner,,,,,,,,,,,,,,deny,0.1.0
deployment,administer_permissions,owner,,,,,,,,,,,,,,deny,0.1.0
migration_execution,view_list,owner,,,,,,,,,,,,,,deny,0.1.0
migration_execution,view_detail,owner,,,,,,,,,,,,,,deny,0.1.0
migration_execution,view_sensitive_detail,owner,,,,,,,,,,,,,,deny,0.1.0
migration_execution,create,owner,,,,,,,,,,,,,,deny,0.1.0
migration_execution,edit,owner,,,,,,,,,,,,,,deny,0.1.0
migration_execution,submit,owner,,,,,,,,,,,,,,deny,0.1.0
migration_execution,approve,owner,,,,,,,,,,,,,,deny,0.1.0
migration_execution,reject,owner,,,,,,,,,,,,,,deny,0.1.0
migration_execution,assign,owner,,,,,,,,,,,,,,deny,0.1.0
migration_execution,reassign,owner,,,,,,,,,,,,,,deny,0.1.0
migration_execution,export,owner,,,,,,,,,,,,,,deny,0.1.0
migration_execution,upload,owner,,,,,,,,,,,,,,deny,0.1.0
migration_execution,download,owner,,,,,,,,,,,,,,deny,0.1.0
migration_execution,delete_or_archive,owner,,,,,,,,,,,,,,deny,0.1.0
migration_execution,restore,owner,,,,,,,,,,,,,,deny,0.1.0
migration_execution,adjust_financial_record,owner,,,,,,,,,,,,,,deny,0.1.0
migration_execution,execute_integration_action,owner,,,,,,,,,,,,,,deny,0.1.0
migration_execution,configure_policy,owner,,,,,,,,,,,,,,deny,0.1.0
migration_execution,administer_permissions,owner,,,,,,,,,,,,,,deny,0.1.0
rls_policy,view_list,owner,,,,,,,,,,,,,,deny,0.1.0
rls_policy,view_detail,owner,,,,,,,,,,,,,,deny,0.1.0
rls_policy,view_sensitive_detail,owner,,,,,,,,,,,,,,deny,0.1.0
rls_policy,create,owner,,,,,,,,,,,,,,deny,0.1.0
rls_policy,edit,owner,,,,,,,,,,,,,,deny,0.1.0
rls_policy,submit,owner,,,,,,,,,,,,,,deny,0.1.0
rls_policy,approve,owner,,,,,,,,,,,,,,deny,0.1.0
rls_policy,reject,owner,,,,,,,,,,,,,,deny,0.1.0
rls_policy,assign,owner,,,,,,,,,,,,,,deny,0.1.0
rls_policy,reassign,owner,,,,,,,,,,,,,,deny,0.1.0
rls_policy,export,owner,,,,,,,,,,,,,,deny,0.1.0
rls_policy,upload,owner,,,,,,,,,,,,,,deny,0.1.0
rls_policy,download,owner,,,,,,,,,,,,,,deny,0.1.0
rls_policy,delete_or_archive,owner,,,,,,,,,,,,,,deny,0.1.0
rls_policy,restore,owner,,,,,,,,,,,,,,deny,0.1.0
rls_policy,adjust_financial_record,owner,,,,,,,,,,,,,,deny,0.1.0
rls_policy,execute_integration_action,owner,,,,,,,,,,,,,,deny,0.1.0
rls_policy,configure_policy,owner,,,,,,,,,,,,,,deny,0.1.0
rls_policy,administer_permissions,owner,,,,,,,,,,,,,,deny,0.1.0
developer_flag,view_list,owner,,,,,,,,,,,,,,deny,0.1.0
developer_flag,view_detail,owner,,,,,,,,,,,,,,deny,0.1.0
developer_flag,view_sensitive_detail,owner,,,,,,,,,,,,,,deny,0.1.0
developer_flag,create,owner,,,,,,,,,,,,,,deny,0.1.0
developer_flag,edit,owner,,,,,,,,,,,,,,deny,0.1.0
developer_flag,submit,owner,,,,,,,,,,,,,,deny,0.1.0
developer_flag,approve,owner,,,,,,,,,,,,,,deny,0.1.0
developer_flag,reject,owner,,,,,,,,,,,,,,deny,0.1.0
developer_flag,assign,owner,,,,,,,,,,,,,,deny,0.1.0
developer_flag,reassign,owner,,,,,,,,,,,,,,deny,0.1.0
developer_flag,export,owner,,,,,,,,,,,,,,deny,0.1.0
developer_flag,upload,owner,,,,,,,,,,,,,,deny,0.1.0
developer_flag,download,owner,,,,,,,,,,,,,,deny,0.1.0
developer_flag,delete_or_archive,owner,,,,,,,,,,,,,,deny,0.1.0
developer_flag,restore,owner,,,,,,,,,,,,,,deny,0.1.0
developer_flag,adjust_financial_record,owner,,,,,,,,,,,,,,deny,0.1.0
developer_flag,execute_integration_action,owner,,,,,,,,,,,,,,deny,0.1.0
developer_flag,configure_policy,owner,,,,,,,,,,,,,,deny,0.1.0
developer_flag,administer_permissions,owner,,,,,,,,,,,,,,deny,0.1.0
secret_rotation,view_list,owner,,,,,,,,,,,,,,deny,0.1.0
secret_rotation,view_detail,owner,,,,,,,,,,,,,,deny,0.1.0
secret_rotation,view_sensitive_detail,owner,,,,,,,,,,,,,,deny,0.1.0
secret_rotation,create,owner,,,,,,,,,,,,,,deny,0.1.0
secret_rotation,edit,owner,,,,,,,,,,,,,,deny,0.1.0
secret_rotation,submit,owner,,,,,,,,,,,,,,deny,0.1.0
secret_rotation,approve,owner,,,,,,,,,,,,,,deny,0.1.0
secret_rotation,reject,owner,,,,,,,,,,,,,,deny,0.1.0
secret_rotation,assign,owner,,,,,,,,,,,,,,deny,0.1.0
secret_rotation,reassign,owner,,,,,,,,,,,,,,deny,0.1.0
secret_rotation,export,owner,,,,,,,,,,,,,,deny,0.1.0
secret_rotation,upload,owner,,,,,,,,,,,,,,deny,0.1.0
secret_rotation,download,owner,,,,,,,,,,,,,,deny,0.1.0
secret_rotation,delete_or_archive,owner,,,,,,,,,,,,,,deny,0.1.0
secret_rotation,restore,owner,,,,,,,,,,,,,,deny,0.1.0
secret_rotation,adjust_financial_record,owner,,,,,,,,,,,,,,deny,0.1.0
secret_rotation,execute_integration_action,owner,,,,,,,,,,,,,,deny,0.1.0
secret_rotation,configure_policy,owner,,,,,,,,,,,,,,deny,0.1.0
secret_rotation,administer_permissions,owner,,,,,,,,,,,,,,deny,0.1.0
support_access,view_list,owner,,,,,,,,,,,,,,deny,0.1.0
support_access,view_detail,owner,,,,,,,,,,,,,,deny,0.1.0
support_access,view_sensitive_detail,owner,,,,,,,,,,,,,,deny,0.1.0
support_access,create,owner,,,,,,,,,,,,,,deny,0.1.0
support_access,edit,owner,,,,,,,,,,,,,,deny,0.1.0
support_access,submit,owner,,,,,,,,,,,,,,deny,0.1.0
support_access,approve,owner,,,,,,,,,,,,,,deny,0.1.0
support_access,reject,owner,,,,,,,,,,,,,,deny,0.1.0
support_access,assign,owner,,,,,,,,,,,,,,deny,0.1.0
support_access,reassign,owner,,,,,,,,,,,,,,deny,0.1.0
support_access,export,owner,,,,,,,,,,,,,,deny,0.1.0
support_access,upload,owner,,,,,,,,,,,,,,deny,0.1.0
support_access,download,owner,,,,,,,,,,,,,,deny,0.1.0
support_access,delete_or_archive,owner,,,,,,,,,,,,,,deny,0.1.0
support_access,restore,owner,,,,,,,,,,,,,,deny,0.1.0
support_access,adjust_financial_record,owner,,,,,,,,,,,,,,deny,0.1.0
support_access,execute_integration_action,owner,,,,,,,,,,,,,,deny,0.1.0
support_access,configure_policy,owner,,,,,,,,,,,,,,deny,0.1.0
support_access,administer_permissions,owner,,,,,,,,,,,,,,deny,0.1.0
impersonation,view_list,owner,,,,,,,,,,,,,,deny,0.1.0
impersonation,view_detail,owner,,,,,,,,,,,,,,deny,0.1.0
impersonation,view_sensitive_detail,owner,,,,,,,,,,,,,,deny,0.1.0
impersonation,create,owner,,,,,,,,,,,,,,deny,0.1.0
impersonation,edit,owner,,,,,,,,,,,,,,deny,0.1.0
impersonation,submit,owner,,,,,,,,,,,,,,deny,0.1.0
impersonation,approve,owner,,,,,,,,,,,,,,deny,0.1.0
impersonation,reject,owner,,,,,,,,,,,,,,deny,0.1.0
impersonation,assign,owner,,,,,,,,,,,,,,deny,0.1.0
impersonation,reassign,owner,,,,,,,,,,,,,,deny,0.1.0
impersonation,export,owner,,,,,,,,,,,,,,deny,0.1.0
impersonation,upload,owner,,,,,,,,,,,,,,deny,0.1.0
impersonation,download,owner,,,,,,,,,,,,,,deny,0.1.0
impersonation,delete_or_archive,owner,,,,,,,,,,,,,,deny,0.1.0
impersonation,restore,owner,,,,,,,,,,,,,,deny,0.1.0
impersonation,adjust_financial_record,owner,,,,,,,,,,,,,,deny,0.1.0
impersonation,execute_integration_action,owner,,,,,,,,,,,,,,deny,0.1.0
impersonation,configure_policy,owner,,,,,,,,,,,,,,deny,0.1.0
impersonation,administer_permissions,owner,,,,,,,,,,,,,,deny,0.1.0
organization,view_list,super-admin,,,,,,,,,,,,,,deny,0.1.0
organization,view_detail,super-admin,,,,,,,,,,,,,,deny,0.1.0
organization,view_sensitive_detail,super-admin,,,,,,,,,,,,,,deny,0.1.0
organization,create,super-admin,,,,,,,,,,,,,,deny,0.1.0
organization,edit,super-admin,,,,,,,,,,,,,,deny,0.1.0
organization,submit,super-admin,,,,,,,,,,,,,,deny,0.1.0
organization,approve,super-admin,,,,,,,,,,,,,,deny,0.1.0
organization,reject,super-admin,,,,,,,,,,,,,,deny,0.1.0
organization,assign,super-admin,,,,,,,,,,,,,,deny,0.1.0
organization,reassign,super-admin,,,,,,,,,,,,,,deny,0.1.0
organization,export,super-admin,,,,,,,,,,,,,,deny,0.1.0
organization,upload,super-admin,,,,,,,,,,,,,,deny,0.1.0
organization,download,super-admin,,,,,,,,,,,,,,deny,0.1.0
organization,delete_or_archive,super-admin,,,,,,,,,,,,,,deny,0.1.0
organization,restore,super-admin,,,,,,,,,,,,,,deny,0.1.0
organization,adjust_financial_record,super-admin,,,,,,,,,,,,,,deny,0.1.0
organization,execute_integration_action,super-admin,,,,,,,,,,,,,,deny,0.1.0
organization,configure_policy,super-admin,,,,,,,,,,,,,,deny,0.1.0
organization,administer_permissions,super-admin,,,,,,,,,,,,,,deny,0.1.0
ownership_entity,view_list,super-admin,,,,,,,,,,,,,,deny,0.1.0
ownership_entity,view_detail,super-admin,,,,,,,,,,,,,,deny,0.1.0
ownership_entity,view_sensitive_detail,super-admin,,,,,,,,,,,,,,deny,0.1.0
ownership_entity,create,super-admin,,,,,,,,,,,,,,deny,0.1.0
ownership_entity,edit,super-admin,,,,,,,,,,,,,,deny,0.1.0
ownership_entity,submit,super-admin,,,,,,,,,,,,,,deny,0.1.0
ownership_entity,approve,super-admin,,,,,,,,,,,,,,deny,0.1.0
ownership_entity,reject,super-admin,,,,,,,,,,,,,,deny,0.1.0
ownership_entity,assign,super-admin,,,,,,,,,,,,,,deny,0.1.0
ownership_entity,reassign,super-admin,,,,,,,,,,,,,,deny,0.1.0
ownership_entity,export,super-admin,,,,,,,,,,,,,,deny,0.1.0
ownership_entity,upload,super-admin,,,,,,,,,,,,,,deny,0.1.0
ownership_entity,download,super-admin,,,,,,,,,,,,,,deny,0.1.0
ownership_entity,delete_or_archive,super-admin,,,,,,,,,,,,,,deny,0.1.0
ownership_entity,restore,super-admin,,,,,,,,,,,,,,deny,0.1.0
ownership_entity,adjust_financial_record,super-admin,,,,,,,,,,,,,,deny,0.1.0
ownership_entity,execute_integration_action,super-admin,,,,,,,,,,,,,,deny,0.1.0
ownership_entity,configure_policy,super-admin,,,,,,,,,,,,,,deny,0.1.0
ownership_entity,administer_permissions,super-admin,,,,,,,,,,,,,,deny,0.1.0
property,view_list,super-admin,,,,,,,,,,,,,,deny,0.1.0
property,view_detail,super-admin,,,,,,,,,,,,,,deny,0.1.0
property,view_sensitive_detail,super-admin,,,,,,,,,,,,,,deny,0.1.0
property,create,super-admin,,,,,,,,,,,,,,deny,0.1.0
property,edit,super-admin,,,,,,,,,,,,,,deny,0.1.0
property,submit,super-admin,,,,,,,,,,,,,,deny,0.1.0
property,approve,super-admin,,,,,,,,,,,,,,deny,0.1.0
property,reject,super-admin,,,,,,,,,,,,,,deny,0.1.0
property,assign,super-admin,,,,,,,,,,,,,,deny,0.1.0
property,reassign,super-admin,,,,,,,,,,,,,,deny,0.1.0
property,export,super-admin,,,,,,,,,,,,,,deny,0.1.0
property,upload,super-admin,,,,,,,,,,,,,,deny,0.1.0
property,download,super-admin,,,,,,,,,,,,,,deny,0.1.0
property,delete_or_archive,super-admin,,,,,,,,,,,,,,deny,0.1.0
property,restore,super-admin,,,,,,,,,,,,,,deny,0.1.0
property,adjust_financial_record,super-admin,,,,,,,,,,,,,,deny,0.1.0
property,execute_integration_action,super-admin,,,,,,,,,,,,,,deny,0.1.0
property,configure_policy,super-admin,,,,,,,,,,,,,,deny,0.1.0
property,administer_permissions,super-admin,,,,,,,,,,,,,,deny,0.1.0
building,view_list,super-admin,,,,,,,,,,,,,,deny,0.1.0
building,view_detail,super-admin,,,,,,,,,,,,,,deny,0.1.0
building,view_sensitive_detail,super-admin,,,,,,,,,,,,,,deny,0.1.0
building,create,super-admin,,,,,,,,,,,,,,deny,0.1.0
building,edit,super-admin,,,,,,,,,,,,,,deny,0.1.0
building,submit,super-admin,,,,,,,,,,,,,,deny,0.1.0
building,approve,super-admin,,,,,,,,,,,,,,deny,0.1.0
building,reject,super-admin,,,,,,,,,,,,,,deny,0.1.0
building,assign,super-admin,,,,,,,,,,,,,,deny,0.1.0
building,reassign,super-admin,,,,,,,,,,,,,,deny,0.1.0
building,export,super-admin,,,,,,,,,,,,,,deny,0.1.0
building,upload,super-admin,,,,,,,,,,,,,,deny,0.1.0
building,download,super-admin,,,,,,,,,,,,,,deny,0.1.0
building,delete_or_archive,super-admin,,,,,,,,,,,,,,deny,0.1.0
building,restore,super-admin,,,,,,,,,,,,,,deny,0.1.0
building,adjust_financial_record,super-admin,,,,,,,,,,,,,,deny,0.1.0
building,execute_integration_action,super-admin,,,,,,,,,,,,,,deny,0.1.0
building,configure_policy,super-admin,,,,,,,,,,,,,,deny,0.1.0
building,administer_permissions,super-admin,,,,,,,,,,,,,,deny,0.1.0
unit,view_list,super-admin,,,,,,,,,,,,,,deny,0.1.0
unit,view_detail,super-admin,,,,,,,,,,,,,,deny,0.1.0
unit,view_sensitive_detail,super-admin,,,,,,,,,,,,,,deny,0.1.0
unit,create,super-admin,,,,,,,,,,,,,,deny,0.1.0
unit,edit,super-admin,,,,,,,,,,,,,,deny,0.1.0
unit,submit,super-admin,,,,,,,,,,,,,,deny,0.1.0
unit,approve,super-admin,,,,,,,,,,,,,,deny,0.1.0
unit,reject,super-admin,,,,,,,,,,,,,,deny,0.1.0
unit,assign,super-admin,,,,,,,,,,,,,,deny,0.1.0
unit,reassign,super-admin,,,,,,,,,,,,,,deny,0.1.0
unit,export,super-admin,,,,,,,,,,,,,,deny,0.1.0
unit,upload,super-admin,,,,,,,,,,,,,,deny,0.1.0
unit,download,super-admin,,,,,,,,,,,,,,deny,0.1.0
unit,delete_or_archive,super-admin,,,,,,,,,,,,,,deny,0.1.0
unit,restore,super-admin,,,,,,,,,,,,,,deny,0.1.0
unit,adjust_financial_record,super-admin,,,,,,,,,,,,,,deny,0.1.0
unit,execute_integration_action,super-admin,,,,,,,,,,,,,,deny,0.1.0
unit,configure_policy,super-admin,,,,,,,,,,,,,,deny,0.1.0
unit,administer_permissions,super-admin,,,,,,,,,,,,,,deny,0.1.0
household,view_list,super-admin,,,,,,,,,,,,,,deny,0.1.0
household,view_detail,super-admin,,,,,,,,,,,,,,deny,0.1.0
household,view_sensitive_detail,super-admin,,,,,,,,,,,,,,deny,0.1.0
household,create,super-admin,,,,,,,,,,,,,,deny,0.1.0
household,edit,super-admin,,,,,,,,,,,,,,deny,0.1.0
household,submit,super-admin,,,,,,,,,,,,,,deny,0.1.0
household,approve,super-admin,,,,,,,,,,,,,,deny,0.1.0
household,reject,super-admin,,,,,,,,,,,,,,deny,0.1.0
household,assign,super-admin,,,,,,,,,,,,,,deny,0.1.0
household,reassign,super-admin,,,,,,,,,,,,,,deny,0.1.0
household,export,super-admin,,,,,,,,,,,,,,deny,0.1.0
household,upload,super-admin,,,,,,,,,,,,,,deny,0.1.0
household,download,super-admin,,,,,,,,,,,,,,deny,0.1.0
household,delete_or_archive,super-admin,,,,,,,,,,,,,,deny,0.1.0
household,restore,super-admin,,,,,,,,,,,,,,deny,0.1.0
household,adjust_financial_record,super-admin,,,,,,,,,,,,,,deny,0.1.0
household,execute_integration_action,super-admin,,,,,,,,,,,,,,deny,0.1.0
household,configure_policy,super-admin,,,,,,,,,,,,,,deny,0.1.0
household,administer_permissions,super-admin,,,,,,,,,,,,,,deny,0.1.0
person,view_list,super-admin,,,,,,,,,,,,,,deny,0.1.0
person,view_detail,super-admin,,,,,,,,,,,,,,deny,0.1.0
person,view_sensitive_detail,super-admin,,,,,,,,,,,,,,deny,0.1.0
person,create,super-admin,,,,,,,,,,,,,,deny,0.1.0
person,edit,super-admin,,,,,,,,,,,,,,deny,0.1.0
person,submit,super-admin,,,,,,,,,,,,,,deny,0.1.0
person,approve,super-admin,,,,,,,,,,,,,,deny,0.1.0
person,reject,super-admin,,,,,,,,,,,,,,deny,0.1.0
person,assign,super-admin,,,,,,,,,,,,,,deny,0.1.0
person,reassign,super-admin,,,,,,,,,,,,,,deny,0.1.0
person,export,super-admin,,,,,,,,,,,,,,deny,0.1.0
person,upload,super-admin,,,,,,,,,,,,,,deny,0.1.0
person,download,super-admin,,,,,,,,,,,,,,deny,0.1.0
person,delete_or_archive,super-admin,,,,,,,,,,,,,,deny,0.1.0
person,restore,super-admin,,,,,,,,,,,,,,deny,0.1.0
person,adjust_financial_record,super-admin,,,,,,,,,,,,,,deny,0.1.0
person,execute_integration_action,super-admin,,,,,,,,,,,,,,deny,0.1.0
person,configure_policy,super-admin,,,,,,,,,,,,,,deny,0.1.0
person,administer_permissions,super-admin,,,,,,,,,,,,,,deny,0.1.0
application,view_list,super-admin,,,,,,,,,,,,,,deny,0.1.0
application,view_detail,super-admin,,,,,,,,,,,,,,deny,0.1.0
application,view_sensitive_detail,super-admin,,,,,,,,,,,,,,deny,0.1.0
application,create,super-admin,,,,,,,,,,,,,,deny,0.1.0
application,edit,super-admin,,,,,,,,,,,,,,deny,0.1.0
application,submit,super-admin,,,,,,,,,,,,,,deny,0.1.0
application,approve,super-admin,,,,,,,,,,,,,,deny,0.1.0
application,reject,super-admin,,,,,,,,,,,,,,deny,0.1.0
application,assign,super-admin,,,,,,,,,,,,,,deny,0.1.0
application,reassign,super-admin,,,,,,,,,,,,,,deny,0.1.0
application,export,super-admin,,,,,,,,,,,,,,deny,0.1.0
application,upload,super-admin,,,,,,,,,,,,,,deny,0.1.0
application,download,super-admin,,,,,,,,,,,,,,deny,0.1.0
application,delete_or_archive,super-admin,,,,,,,,,,,,,,deny,0.1.0
application,restore,super-admin,,,,,,,,,,,,,,deny,0.1.0
application,adjust_financial_record,super-admin,,,,,,,,,,,,,,deny,0.1.0
application,execute_integration_action,super-admin,,,,,,,,,,,,,,deny,0.1.0
application,configure_policy,super-admin,,,,,,,,,,,,,,deny,0.1.0
application,administer_permissions,super-admin,,,,,,,,,,,,,,deny,0.1.0
showing,view_list,super-admin,,,,,,,,,,,,,,deny,0.1.0
showing,view_detail,super-admin,,,,,,,,,,,,,,deny,0.1.0
showing,view_sensitive_detail,super-admin,,,,,,,,,,,,,,deny,0.1.0
showing,create,super-admin,,,,,,,,,,,,,,deny,0.1.0
showing,edit,super-admin,,,,,,,,,,,,,,deny,0.1.0
showing,submit,super-admin,,,,,,,,,,,,,,deny,0.1.0
showing,approve,super-admin,,,,,,,,,,,,,,deny,0.1.0
showing,reject,super-admin,,,,,,,,,,,,,,deny,0.1.0
showing,assign,super-admin,,,,,,,,,,,,,,deny,0.1.0
showing,reassign,super-admin,,,,,,,,,,,,,,deny,0.1.0
showing,export,super-admin,,,,,,,,,,,,,,deny,0.1.0
showing,upload,super-admin,,,,,,,,,,,,,,deny,0.1.0
showing,download,super-admin,,,,,,,,,,,,,,deny,0.1.0
showing,delete_or_archive,super-admin,,,,,,,,,,,,,,deny,0.1.0
showing,restore,super-admin,,,,,,,,,,,,,,deny,0.1.0
showing,adjust_financial_record,super-admin,,,,,,,,,,,,,,deny,0.1.0
showing,execute_integration_action,super-admin,,,,,,,,,,,,,,deny,0.1.0
showing,configure_policy,super-admin,,,,,,,,,,,,,,deny,0.1.0
showing,administer_permissions,super-admin,,,,,,,,,,,,,,deny,0.1.0
lease,view_list,super-admin,,,,,,,,,,,,,,deny,0.1.0
lease,view_detail,super-admin,,,,,,,,,,,,,,deny,0.1.0
lease,view_sensitive_detail,super-admin,,,,,,,,,,,,,,deny,0.1.0
lease,create,super-admin,,,,,,,,,,,,,,deny,0.1.0
lease,edit,super-admin,,,,,,,,,,,,,,deny,0.1.0
lease,submit,super-admin,,,,,,,,,,,,,,deny,0.1.0
lease,approve,super-admin,,,,,,,,,,,,,,deny,0.1.0
lease,reject,super-admin,,,,,,,,,,,,,,deny,0.1.0
lease,assign,super-admin,,,,,,,,,,,,,,deny,0.1.0
lease,reassign,super-admin,,,,,,,,,,,,,,deny,0.1.0
lease,export,super-admin,,,,,,,,,,,,,,deny,0.1.0
lease,upload,super-admin,,,,,,,,,,,,,,deny,0.1.0
lease,download,super-admin,,,,,,,,,,,,,,deny,0.1.0
lease,delete_or_archive,super-admin,,,,,,,,,,,,,,deny,0.1.0
lease,restore,super-admin,,,,,,,,,,,,,,deny,0.1.0
lease,adjust_financial_record,super-admin,,,,,,,,,,,,,,deny,0.1.0
lease,execute_integration_action,super-admin,,,,,,,,,,,,,,deny,0.1.0
lease,configure_policy,super-admin,,,,,,,,,,,,,,deny,0.1.0
lease,administer_permissions,super-admin,,,,,,,,,,,,,,deny,0.1.0
maintenance,view_list,super-admin,,,,,,,,,,,,,,deny,0.1.0
maintenance,view_detail,super-admin,,,,,,,,,,,,,,deny,0.1.0
maintenance,view_sensitive_detail,super-admin,,,,,,,,,,,,,,deny,0.1.0
maintenance,create,super-admin,,,,,,,,,,,,,,deny,0.1.0
maintenance,edit,super-admin,,,,,,,,,,,,,,deny,0.1.0
maintenance,submit,super-admin,,,,,,,,,,,,,,deny,0.1.0
maintenance,approve,super-admin,,,,,,,,,,,,,,deny,0.1.0
maintenance,reject,super-admin,,,,,,,,,,,,,,deny,0.1.0
maintenance,assign,super-admin,,,,,,,,,,,,,,deny,0.1.0
maintenance,reassign,super-admin,,,,,,,,,,,,,,deny,0.1.0
maintenance,export,super-admin,,,,,,,,,,,,,,deny,0.1.0
maintenance,upload,super-admin,,,,,,,,,,,,,,deny,0.1.0
maintenance,download,super-admin,,,,,,,,,,,,,,deny,0.1.0
maintenance,delete_or_archive,super-admin,,,,,,,,,,,,,,deny,0.1.0
maintenance,restore,super-admin,,,,,,,,,,,,,,deny,0.1.0
maintenance,adjust_financial_record,super-admin,,,,,,,,,,,,,,deny,0.1.0
maintenance,execute_integration_action,super-admin,,,,,,,,,,,,,,deny,0.1.0
maintenance,configure_policy,super-admin,,,,,,,,,,,,,,deny,0.1.0
maintenance,administer_permissions,super-admin,,,,,,,,,,,,,,deny,0.1.0
assignment,view_list,super-admin,,,,,,,,,,,,,,deny,0.1.0
assignment,view_detail,super-admin,,,,,,,,,,,,,,deny,0.1.0
assignment,view_sensitive_detail,super-admin,,,,,,,,,,,,,,deny,0.1.0
assignment,create,super-admin,,,,,,,,,,,,,,deny,0.1.0
assignment,edit,super-admin,,,,,,,,,,,,,,deny,0.1.0
assignment,submit,super-admin,,,,,,,,,,,,,,deny,0.1.0
assignment,approve,super-admin,,,,,,,,,,,,,,deny,0.1.0
assignment,reject,super-admin,,,,,,,,,,,,,,deny,0.1.0
assignment,assign,super-admin,,,,,,,,,,,,,,deny,0.1.0
assignment,reassign,super-admin,,,,,,,,,,,,,,deny,0.1.0
assignment,export,super-admin,,,,,,,,,,,,,,deny,0.1.0
assignment,upload,super-admin,,,,,,,,,,,,,,deny,0.1.0
assignment,download,super-admin,,,,,,,,,,,,,,deny,0.1.0
assignment,delete_or_archive,super-admin,,,,,,,,,,,,,,deny,0.1.0
assignment,restore,super-admin,,,,,,,,,,,,,,deny,0.1.0
assignment,adjust_financial_record,super-admin,,,,,,,,,,,,,,deny,0.1.0
assignment,execute_integration_action,super-admin,,,,,,,,,,,,,,deny,0.1.0
assignment,configure_policy,super-admin,,,,,,,,,,,,,,deny,0.1.0
assignment,administer_permissions,super-admin,,,,,,,,,,,,,,deny,0.1.0
vendor,view_list,super-admin,,,,,,,,,,,,,,deny,0.1.0
vendor,view_detail,super-admin,,,,,,,,,,,,,,deny,0.1.0
vendor,view_sensitive_detail,super-admin,,,,,,,,,,,,,,deny,0.1.0
vendor,create,super-admin,,,,,,,,,,,,,,deny,0.1.0
vendor,edit,super-admin,,,,,,,,,,,,,,deny,0.1.0
vendor,submit,super-admin,,,,,,,,,,,,,,deny,0.1.0
vendor,approve,super-admin,,,,,,,,,,,,,,deny,0.1.0
vendor,reject,super-admin,,,,,,,,,,,,,,deny,0.1.0
vendor,assign,super-admin,,,,,,,,,,,,,,deny,0.1.0
vendor,reassign,super-admin,,,,,,,,,,,,,,deny,0.1.0
vendor,export,super-admin,,,,,,,,,,,,,,deny,0.1.0
vendor,upload,super-admin,,,,,,,,,,,,,,deny,0.1.0
vendor,download,super-admin,,,,,,,,,,,,,,deny,0.1.0
vendor,delete_or_archive,super-admin,,,,,,,,,,,,,,deny,0.1.0
vendor,restore,super-admin,,,,,,,,,,,,,,deny,0.1.0
vendor,adjust_financial_record,super-admin,,,,,,,,,,,,,,deny,0.1.0
vendor,execute_integration_action,super-admin,,,,,,,,,,,,,,deny,0.1.0
vendor,configure_policy,super-admin,,,,,,,,,,,,,,deny,0.1.0
vendor,administer_permissions,super-admin,,,,,,,,,,,,,,deny,0.1.0
ledger,view_list,super-admin,,,,,,,,,,,,,,deny,0.1.0
ledger,view_detail,super-admin,,,,,,,,,,,,,,deny,0.1.0
ledger,view_sensitive_detail,super-admin,,,,,,,,,,,,,,deny,0.1.0
ledger,create,super-admin,,,,,,,,,,,,,,deny,0.1.0
ledger,edit,super-admin,,,,,,,,,,,,,,deny,0.1.0
ledger,submit,super-admin,,,,,,,,,,,,,,deny,0.1.0
ledger,approve,super-admin,,,,,,,,,,,,,,deny,0.1.0
ledger,reject,super-admin,,,,,,,,,,,,,,deny,0.1.0
ledger,assign,super-admin,,,,,,,,,,,,,,deny,0.1.0
ledger,reassign,super-admin,,,,,,,,,,,,,,deny,0.1.0
ledger,export,super-admin,,,,,,,,,,,,,,deny,0.1.0
ledger,upload,super-admin,,,,,,,,,,,,,,deny,0.1.0
ledger,download,super-admin,,,,,,,,,,,,,,deny,0.1.0
ledger,delete_or_archive,super-admin,,,,,,,,,,,,,,deny,0.1.0
ledger,restore,super-admin,,,,,,,,,,,,,,deny,0.1.0
ledger,adjust_financial_record,super-admin,,,,,,,,,,,,,,deny,0.1.0
ledger,execute_integration_action,super-admin,,,,,,,,,,,,,,deny,0.1.0
ledger,configure_policy,super-admin,,,,,,,,,,,,,,deny,0.1.0
ledger,administer_permissions,super-admin,,,,,,,,,,,,,,deny,0.1.0
payment,view_list,super-admin,,,,,,,,,,,,,,deny,0.1.0
payment,view_detail,super-admin,,,,,,,,,,,,,,deny,0.1.0
payment,view_sensitive_detail,super-admin,,,,,,,,,,,,,,deny,0.1.0
payment,create,super-admin,,,,,,,,,,,,,,deny,0.1.0
payment,edit,super-admin,,,,,,,,,,,,,,deny,0.1.0
payment,submit,super-admin,,,,,,,,,,,,,,deny,0.1.0
payment,approve,super-admin,,,,,,,,,,,,,,deny,0.1.0
payment,reject,super-admin,,,,,,,,,,,,,,deny,0.1.0
payment,assign,super-admin,,,,,,,,,,,,,,deny,0.1.0
payment,reassign,super-admin,,,,,,,,,,,,,,deny,0.1.0
payment,export,super-admin,,,,,,,,,,,,,,deny,0.1.0
payment,upload,super-admin,,,,,,,,,,,,,,deny,0.1.0
payment,download,super-admin,,,,,,,,,,,,,,deny,0.1.0
payment,delete_or_archive,super-admin,,,,,,,,,,,,,,deny,0.1.0
payment,restore,super-admin,,,,,,,,,,,,,,deny,0.1.0
payment,adjust_financial_record,super-admin,,,,,,,,,,,,,,deny,0.1.0
payment,execute_integration_action,super-admin,,,,,,,,,,,,,,deny,0.1.0
payment,configure_policy,super-admin,,,,,,,,,,,,,,deny,0.1.0
payment,administer_permissions,super-admin,,,,,,,,,,,,,,deny,0.1.0
budget,view_list,super-admin,,,,,,,,,,,,,,deny,0.1.0
budget,view_detail,super-admin,,,,,,,,,,,,,,deny,0.1.0
budget,view_sensitive_detail,super-admin,,,,,,,,,,,,,,deny,0.1.0
budget,create,super-admin,,,,,,,,,,,,,,deny,0.1.0
budget,edit,super-admin,,,,,,,,,,,,,,deny,0.1.0
budget,submit,super-admin,,,,,,,,,,,,,,deny,0.1.0
budget,approve,super-admin,,,,,,,,,,,,,,deny,0.1.0
budget,reject,super-admin,,,,,,,,,,,,,,deny,0.1.0
budget,assign,super-admin,,,,,,,,,,,,,,deny,0.1.0
budget,reassign,super-admin,,,,,,,,,,,,,,deny,0.1.0
budget,export,super-admin,,,,,,,,,,,,,,deny,0.1.0
budget,upload,super-admin,,,,,,,,,,,,,,deny,0.1.0
budget,download,super-admin,,,,,,,,,,,,,,deny,0.1.0
budget,delete_or_archive,super-admin,,,,,,,,,,,,,,deny,0.1.0
budget,restore,super-admin,,,,,,,,,,,,,,deny,0.1.0
budget,adjust_financial_record,super-admin,,,,,,,,,,,,,,deny,0.1.0
budget,execute_integration_action,super-admin,,,,,,,,,,,,,,deny,0.1.0
budget,configure_policy,super-admin,,,,,,,,,,,,,,deny,0.1.0
budget,administer_permissions,super-admin,,,,,,,,,,,,,,deny,0.1.0
document,view_list,super-admin,,,,,,,,,,,,,,deny,0.1.0
document,view_detail,super-admin,,,,,,,,,,,,,,deny,0.1.0
document,view_sensitive_detail,super-admin,,,,,,,,,,,,,,deny,0.1.0
document,create,super-admin,,,,,,,,,,,,,,deny,0.1.0
document,edit,super-admin,,,,,,,,,,,,,,deny,0.1.0
document,submit,super-admin,,,,,,,,,,,,,,deny,0.1.0
document,approve,super-admin,,,,,,,,,,,,,,deny,0.1.0
document,reject,super-admin,,,,,,,,,,,,,,deny,0.1.0
document,assign,super-admin,,,,,,,,,,,,,,deny,0.1.0
document,reassign,super-admin,,,,,,,,,,,,,,deny,0.1.0
document,export,super-admin,,,,,,,,,,,,,,deny,0.1.0
document,upload,super-admin,,,,,,,,,,,,,,deny,0.1.0
document,download,super-admin,,,,,,,,,,,,,,deny,0.1.0
document,delete_or_archive,super-admin,,,,,,,,,,,,,,deny,0.1.0
document,restore,super-admin,,,,,,,,,,,,,,deny,0.1.0
document,adjust_financial_record,super-admin,,,,,,,,,,,,,,deny,0.1.0
document,execute_integration_action,super-admin,,,,,,,,,,,,,,deny,0.1.0
document,configure_policy,super-admin,,,,,,,,,,,,,,deny,0.1.0
document,administer_permissions,super-admin,,,,,,,,,,,,,,deny,0.1.0
restricted_document,view_list,super-admin,,,,,,,,,,,,,,deny,0.1.0
restricted_document,view_detail,super-admin,,,,,,,,,,,,,,deny,0.1.0
restricted_document,view_sensitive_detail,super-admin,,,,,,,,,,,,,,deny,0.1.0
restricted_document,create,super-admin,,,,,,,,,,,,,,deny,0.1.0
restricted_document,edit,super-admin,,,,,,,,,,,,,,deny,0.1.0
restricted_document,submit,super-admin,,,,,,,,,,,,,,deny,0.1.0
restricted_document,approve,super-admin,,,,,,,,,,,,,,deny,0.1.0
restricted_document,reject,super-admin,,,,,,,,,,,,,,deny,0.1.0
restricted_document,assign,super-admin,,,,,,,,,,,,,,deny,0.1.0
restricted_document,reassign,super-admin,,,,,,,,,,,,,,deny,0.1.0
restricted_document,export,super-admin,,,,,,,,,,,,,,deny,0.1.0
restricted_document,upload,super-admin,,,,,,,,,,,,,,deny,0.1.0
restricted_document,download,super-admin,,,,,,,,,,,,,,deny,0.1.0
restricted_document,delete_or_archive,super-admin,,,,,,,,,,,,,,deny,0.1.0
restricted_document,restore,super-admin,,,,,,,,,,,,,,deny,0.1.0
restricted_document,adjust_financial_record,super-admin,,,,,,,,,,,,,,deny,0.1.0
restricted_document,execute_integration_action,super-admin,,,,,,,,,,,,,,deny,0.1.0
restricted_document,configure_policy,super-admin,,,,,,,,,,,,,,deny,0.1.0
restricted_document,administer_permissions,super-admin,,,,,,,,,,,,,,deny,0.1.0
screening_report,view_list,super-admin,,,,,,,,,,,,,,deny,0.1.0
screening_report,view_detail,super-admin,,,,,,,,,,,,,,deny,0.1.0
screening_report,view_sensitive_detail,super-admin,,,,,,,,,,,,,,deny,0.1.0
screening_report,create,super-admin,,,,,,,,,,,,,,deny,0.1.0
screening_report,edit,super-admin,,,,,,,,,,,,,,deny,0.1.0
screening_report,submit,super-admin,,,,,,,,,,,,,,deny,0.1.0
screening_report,approve,super-admin,,,,,,,,,,,,,,deny,0.1.0
screening_report,reject,super-admin,,,,,,,,,,,,,,deny,0.1.0
screening_report,assign,super-admin,,,,,,,,,,,,,,deny,0.1.0
screening_report,reassign,super-admin,,,,,,,,,,,,,,deny,0.1.0
screening_report,export,super-admin,,,,,,,,,,,,,,deny,0.1.0
screening_report,upload,super-admin,,,,,,,,,,,,,,deny,0.1.0
screening_report,download,super-admin,,,,,,,,,,,,,,deny,0.1.0
screening_report,delete_or_archive,super-admin,,,,,,,,,,,,,,deny,0.1.0
screening_report,restore,super-admin,,,,,,,,,,,,,,deny,0.1.0
screening_report,adjust_financial_record,super-admin,,,,,,,,,,,,,,deny,0.1.0
screening_report,execute_integration_action,super-admin,,,,,,,,,,,,,,deny,0.1.0
screening_report,configure_policy,super-admin,,,,,,,,,,,,,,deny,0.1.0
screening_report,administer_permissions,super-admin,,,,,,,,,,,,,,deny,0.1.0
communication,view_list,super-admin,,,,,,,,,,,,,,deny,0.1.0
communication,view_detail,super-admin,,,,,,,,,,,,,,deny,0.1.0
communication,view_sensitive_detail,super-admin,,,,,,,,,,,,,,deny,0.1.0
communication,create,super-admin,,,,,,,,,,,,,,deny,0.1.0
communication,edit,super-admin,,,,,,,,,,,,,,deny,0.1.0
communication,submit,super-admin,,,,,,,,,,,,,,deny,0.1.0
communication,approve,super-admin,,,,,,,,,,,,,,deny,0.1.0
communication,reject,super-admin,,,,,,,,,,,,,,deny,0.1.0
communication,assign,super-admin,,,,,,,,,,,,,,deny,0.1.0
communication,reassign,super-admin,,,,,,,,,,,,,,deny,0.1.0
communication,export,super-admin,,,,,,,,,,,,,,deny,0.1.0
communication,upload,super-admin,,,,,,,,,,,,,,deny,0.1.0
communication,download,super-admin,,,,,,,,,,,,,,deny,0.1.0
communication,delete_or_archive,super-admin,,,,,,,,,,,,,,deny,0.1.0
communication,restore,super-admin,,,,,,,,,,,,,,deny,0.1.0
communication,adjust_financial_record,super-admin,,,,,,,,,,,,,,deny,0.1.0
communication,execute_integration_action,super-admin,,,,,,,,,,,,,,deny,0.1.0
communication,configure_policy,super-admin,,,,,,,,,,,,,,deny,0.1.0
communication,administer_permissions,super-admin,,,,,,,,,,,,,,deny,0.1.0
approval,view_list,super-admin,,,,,,,,,,,,,,deny,0.1.0
approval,view_detail,super-admin,,,,,,,,,,,,,,deny,0.1.0
approval,view_sensitive_detail,super-admin,,,,,,,,,,,,,,deny,0.1.0
approval,create,super-admin,,,,,,,,,,,,,,deny,0.1.0
approval,edit,super-admin,,,,,,,,,,,,,,deny,0.1.0
approval,submit,super-admin,,,,,,,,,,,,,,deny,0.1.0
approval,approve,super-admin,,,,,,,,,,,,,,deny,0.1.0
approval,reject,super-admin,,,,,,,,,,,,,,deny,0.1.0
approval,assign,super-admin,,,,,,,,,,,,,,deny,0.1.0
approval,reassign,super-admin,,,,,,,,,,,,,,deny,0.1.0
approval,export,super-admin,,,,,,,,,,,,,,deny,0.1.0
approval,upload,super-admin,,,,,,,,,,,,,,deny,0.1.0
approval,download,super-admin,,,,,,,,,,,,,,deny,0.1.0
approval,delete_or_archive,super-admin,,,,,,,,,,,,,,deny,0.1.0
approval,restore,super-admin,,,,,,,,,,,,,,deny,0.1.0
approval,adjust_financial_record,super-admin,,,,,,,,,,,,,,deny,0.1.0
approval,execute_integration_action,super-admin,,,,,,,,,,,,,,deny,0.1.0
approval,configure_policy,super-admin,,,,,,,,,,,,,,deny,0.1.0
approval,administer_permissions,super-admin,,,,,,,,,,,,,,deny,0.1.0
delegation,view_list,super-admin,,,,,,,,,,,,,,deny,0.1.0
delegation,view_detail,super-admin,,,,,,,,,,,,,,deny,0.1.0
delegation,view_sensitive_detail,super-admin,,,,,,,,,,,,,,deny,0.1.0
delegation,create,super-admin,,,,,,,,,,,,,,deny,0.1.0
delegation,edit,super-admin,,,,,,,,,,,,,,deny,0.1.0
delegation,submit,super-admin,,,,,,,,,,,,,,deny,0.1.0
delegation,approve,super-admin,,,,,,,,,,,,,,deny,0.1.0
delegation,reject,super-admin,,,,,,,,,,,,,,deny,0.1.0
delegation,assign,super-admin,,,,,,,,,,,,,,deny,0.1.0
delegation,reassign,super-admin,,,,,,,,,,,,,,deny,0.1.0
delegation,export,super-admin,,,,,,,,,,,,,,deny,0.1.0
delegation,upload,super-admin,,,,,,,,,,,,,,deny,0.1.0
delegation,download,super-admin,,,,,,,,,,,,,,deny,0.1.0
delegation,delete_or_archive,super-admin,,,,,,,,,,,,,,deny,0.1.0
delegation,restore,super-admin,,,,,,,,,,,,,,deny,0.1.0
delegation,adjust_financial_record,super-admin,,,,,,,,,,,,,,deny,0.1.0
delegation,execute_integration_action,super-admin,,,,,,,,,,,,,,deny,0.1.0
delegation,configure_policy,super-admin,,,,,,,,,,,,,,deny,0.1.0
delegation,administer_permissions,super-admin,,,,,,,,,,,,,,deny,0.1.0
report,view_list,super-admin,,,,,,,,,,,,,,deny,0.1.0
report,view_detail,super-admin,,,,,,,,,,,,,,deny,0.1.0
report,view_sensitive_detail,super-admin,,,,,,,,,,,,,,deny,0.1.0
report,create,super-admin,,,,,,,,,,,,,,deny,0.1.0
report,edit,super-admin,,,,,,,,,,,,,,deny,0.1.0
report,submit,super-admin,,,,,,,,,,,,,,deny,0.1.0
report,approve,super-admin,,,,,,,,,,,,,,deny,0.1.0
report,reject,super-admin,,,,,,,,,,,,,,deny,0.1.0
report,assign,super-admin,,,,,,,,,,,,,,deny,0.1.0
report,reassign,super-admin,,,,,,,,,,,,,,deny,0.1.0
report,export,super-admin,,,,,,,,,,,,,,deny,0.1.0
report,upload,super-admin,,,,,,,,,,,,,,deny,0.1.0
report,download,super-admin,,,,,,,,,,,,,,deny,0.1.0
report,delete_or_archive,super-admin,,,,,,,,,,,,,,deny,0.1.0
report,restore,super-admin,,,,,,,,,,,,,,deny,0.1.0
report,adjust_financial_record,super-admin,,,,,,,,,,,,,,deny,0.1.0
report,execute_integration_action,super-admin,,,,,,,,,,,,,,deny,0.1.0
report,configure_policy,super-admin,,,,,,,,,,,,,,deny,0.1.0
report,administer_permissions,super-admin,,,,,,,,,,,,,,deny,0.1.0
audit,view_list,super-admin,same,authorized,authorized,authorized,authorized,not_required,not_required,False,"['public', 'internal', 'confidential']",False,False,True,True,conditional_allow,0.1.0
audit,view_detail,super-admin,same,authorized,authorized,authorized,authorized,not_required,not_required,False,"['public', 'internal', 'confidential']",False,False,True,True,conditional_allow,0.1.0
audit,view_sensitive_detail,super-admin,,,,,,,,,,,,,,deny,0.1.0
audit,create,super-admin,,,,,,,,,,,,,,deny,0.1.0
audit,edit,super-admin,,,,,,,,,,,,,,deny,0.1.0
audit,submit,super-admin,,,,,,,,,,,,,,deny,0.1.0
audit,approve,super-admin,,,,,,,,,,,,,,deny,0.1.0
audit,reject,super-admin,,,,,,,,,,,,,,deny,0.1.0
audit,assign,super-admin,,,,,,,,,,,,,,deny,0.1.0
audit,reassign,super-admin,,,,,,,,,,,,,,deny,0.1.0
audit,export,super-admin,same,authorized,authorized,authorized,authorized,not_required,not_required,False,"['public', 'internal', 'confidential']",False,False,True,True,conditional_allow,0.1.0
audit,upload,super-admin,,,,,,,,,,,,,,deny,0.1.0
audit,download,super-admin,,,,,,,,,,,,,,deny,0.1.0
audit,delete_or_archive,super-admin,,,,,,,,,,,,,,deny,0.1.0
audit,restore,super-admin,,,,,,,,,,,,,,deny,0.1.0
audit,adjust_financial_record,super-admin,,,,,,,,,,,,,,deny,0.1.0
audit,execute_integration_action,super-admin,,,,,,,,,,,,,,deny,0.1.0
audit,configure_policy,super-admin,,,,,,,,,,,,,,deny,0.1.0
audit,administer_permissions,super-admin,,,,,,,,,,,,,,deny,0.1.0
integration,view_list,super-admin,same,authorized,authorized,authorized,authorized,not_required,not_required,False,"['public', 'internal', 'confidential']",False,True,True,True,conditional_allow,0.1.0
integration,view_detail,super-admin,same,authorized,authorized,authorized,authorized,not_required,not_required,False,"['public', 'internal', 'confidential']",False,True,True,True,conditional_allow,0.1.0
integration,view_sensitive_detail,super-admin,same,authorized,authorized,authorized,authorized,not_required,not_required,False,"['public', 'internal', 'confidential']",False,True,True,True,conditional_allow,0.1.0
integration,create,super-admin,same,authorized,authorized,authorized,authorized,not_required,not_required,False,"['public', 'internal', 'confidential']",False,True,True,True,conditional_allow,0.1.0
integration,edit,super-admin,same,authorized,authorized,authorized,authorized,not_required,not_required,False,"['public', 'internal', 'confidential']",False,True,True,True,conditional_allow,0.1.0
integration,submit,super-admin,same,authorized,authorized,authorized,authorized,not_required,not_required,False,"['public', 'internal', 'confidential']",False,True,True,True,conditional_allow,0.1.0
integration,approve,super-admin,same,authorized,authorized,authorized,authorized,not_required,not_required,False,"['public', 'internal', 'confidential']",False,True,True,True,conditional_allow,0.1.0
integration,reject,super-admin,same,authorized,authorized,authorized,authorized,not_required,not_required,False,"['public', 'internal', 'confidential']",False,True,True,True,conditional_allow,0.1.0
integration,assign,super-admin,same,authorized,authorized,authorized,authorized,not_required,not_required,False,"['public', 'internal', 'confidential']",False,True,True,True,conditional_allow,0.1.0
integration,reassign,super-admin,same,authorized,authorized,authorized,authorized,not_required,not_required,False,"['public', 'internal', 'confidential']",False,True,True,True,conditional_allow,0.1.0
integration,export,super-admin,same,authorized,authorized,authorized,authorized,not_required,not_required,False,"['public', 'internal', 'confidential']",False,True,True,True,conditional_allow,0.1.0
integration,upload,super-admin,same,authorized,authorized,authorized,authorized,not_required,not_required,False,"['public', 'internal', 'confidential']",False,True,True,True,conditional_allow,0.1.0
integration,download,super-admin,same,authorized,authorized,authorized,authorized,not_required,not_required,False,"['public', 'internal', 'confidential']",False,True,True,True,conditional_allow,0.1.0
integration,delete_or_archive,super-admin,same,authorized,authorized,authorized,authorized,not_required,not_required,False,"['public', 'internal', 'confidential']",False,True,True,True,conditional_allow,0.1.0
integration,restore,super-admin,same,authorized,authorized,authorized,authorized,not_required,not_required,False,"['public', 'internal', 'confidential']",False,True,True,True,conditional_allow,0.1.0
integration,adjust_financial_record,super-admin,same,authorized,authorized,authorized,authorized,not_required,not_required,False,"['public', 'internal', 'confidential']",False,True,True,True,conditional_allow,0.1.0
integration,execute_integration_action,super-admin,same,authorized,authorized,authorized,authorized,not_required,not_required,False,"['public', 'internal', 'confidential']",False,True,True,True,conditional_allow,0.1.0
integration,configure_policy,super-admin,same,authorized,authorized,authorized,authorized,not_required,not_required,False,"['public', 'internal', 'confidential']",False,True,True,True,conditional_allow,0.1.0
integration,administer_permissions,super-admin,same,authorized,authorized,authorized,authorized,not_required,not_required,False,"['public', 'internal', 'confidential']",False,True,True,True,conditional_allow,0.1.0
identity,view_list,super-admin,same,authorized,authorized,authorized,authorized,not_required,not_required,False,"['public', 'internal', 'confidential']",False,True,True,True,conditional_allow,0.1.0
identity,view_detail,super-admin,same,authorized,authorized,authorized,authorized,not_required,not_required,False,"['public', 'internal', 'confidential']",False,True,True,True,conditional_allow,0.1.0
identity,view_sensitive_detail,super-admin,same,authorized,authorized,authorized,authorized,not_required,not_required,False,"['public', 'internal', 'confidential']",False,True,True,True,conditional_allow,0.1.0
identity,create,super-admin,same,authorized,authorized,authorized,authorized,not_required,not_required,False,"['public', 'internal', 'confidential']",False,True,True,True,conditional_allow,0.1.0
identity,edit,super-admin,same,authorized,authorized,authorized,authorized,not_required,not_required,False,"['public', 'internal', 'confidential']",False,True,True,True,conditional_allow,0.1.0
identity,submit,super-admin,same,authorized,authorized,authorized,authorized,not_required,not_required,False,"['public', 'internal', 'confidential']",False,True,True,True,conditional_allow,0.1.0
identity,approve,super-admin,same,authorized,authorized,authorized,authorized,not_required,not_required,False,"['public', 'internal', 'confidential']",False,True,True,True,conditional_allow,0.1.0
identity,reject,super-admin,same,authorized,authorized,authorized,authorized,not_required,not_required,False,"['public', 'internal', 'confidential']",False,True,True,True,conditional_allow,0.1.0
identity,assign,super-admin,same,authorized,authorized,authorized,authorized,not_required,not_required,False,"['public', 'internal', 'confidential']",False,True,True,True,conditional_allow,0.1.0
identity,reassign,super-admin,same,authorized,authorized,authorized,authorized,not_required,not_required,False,"['public', 'internal', 'confidential']",False,True,True,True,conditional_allow,0.1.0
identity,export,super-admin,same,authorized,authorized,authorized,authorized,not_required,not_required,False,"['public', 'internal', 'confidential']",False,True,True,True,conditional_allow,0.1.0
identity,upload,super-admin,same,authorized,authorized,authorized,authorized,not_required,not_required,False,"['public', 'internal', 'confidential']",False,True,True,True,conditional_allow,0.1.0
identity,download,super-admin,same,authorized,authorized,authorized,authorized,not_required,not_required,False,"['public', 'internal', 'confidential']",False,True,True,True,conditional_allow,0.1.0
identity,delete_or_archive,super-admin,same,authorized,authorized,authorized,authorized,not_required,not_required,False,"['public', 'internal', 'confidential']",False,True,True,True,conditional_allow,0.1.0
identity,restore,super-admin,same,authorized,authorized,authorized,authorized,not_required,not_required,False,"['public', 'internal', 'confidential']",False,True,True,True,conditional_allow,0.1.0
identity,adjust_financial_record,super-admin,same,authorized,authorized,authorized,authorized,not_required,not_required,False,"['public', 'internal', 'confidential']",False,True,True,True,conditional_allow,0.1.0
identity,execute_integration_action,super-admin,same,authorized,authorized,authorized,authorized,not_required,not_required,False,"['public', 'internal', 'confidential']",False,True,True,True,conditional_allow,0.1.0
identity,configure_policy,super-admin,same,authorized,authorized,authorized,authorized,not_required,not_required,False,"['public', 'internal', 'confidential']",False,True,True,True,conditional_allow,0.1.0
identity,administer_permissions,super-admin,same,authorized,authorized,authorized,authorized,not_required,not_required,False,"['public', 'internal', 'confidential']",False,True,True,True,conditional_allow,0.1.0
technical_admin,view_list,super-admin,same,authorized,authorized,authorized,authorized,not_required,not_required,False,"['public', 'internal', 'confidential']",False,True,True,True,conditional_allow,0.1.0
technical_admin,view_detail,super-admin,same,authorized,authorized,authorized,authorized,not_required,not_required,False,"['public', 'internal', 'confidential']",False,True,True,True,conditional_allow,0.1.0
technical_admin,view_sensitive_detail,super-admin,same,authorized,authorized,authorized,authorized,not_required,not_required,False,"['public', 'internal', 'confidential']",False,True,True,True,conditional_allow,0.1.0
technical_admin,create,super-admin,same,authorized,authorized,authorized,authorized,not_required,not_required,False,"['public', 'internal', 'confidential']",False,True,True,True,conditional_allow,0.1.0
technical_admin,edit,super-admin,same,authorized,authorized,authorized,authorized,not_required,not_required,False,"['public', 'internal', 'confidential']",False,True,True,True,conditional_allow,0.1.0
technical_admin,submit,super-admin,same,authorized,authorized,authorized,authorized,not_required,not_required,False,"['public', 'internal', 'confidential']",False,True,True,True,conditional_allow,0.1.0
technical_admin,approve,super-admin,same,authorized,authorized,authorized,authorized,not_required,not_required,False,"['public', 'internal', 'confidential']",False,True,True,True,conditional_allow,0.1.0
technical_admin,reject,super-admin,same,authorized,authorized,authorized,authorized,not_required,not_required,False,"['public', 'internal', 'confidential']",False,True,True,True,conditional_allow,0.1.0
technical_admin,assign,super-admin,same,authorized,authorized,authorized,authorized,not_required,not_required,False,"['public', 'internal', 'confidential']",False,True,True,True,conditional_allow,0.1.0
technical_admin,reassign,super-admin,same,authorized,authorized,authorized,authorized,not_required,not_required,False,"['public', 'internal', 'confidential']",False,True,True,True,conditional_allow,0.1.0
technical_admin,export,super-admin,same,authorized,authorized,authorized,authorized,not_required,not_required,False,"['public', 'internal', 'confidential']",False,True,True,True,conditional_allow,0.1.0
technical_admin,upload,super-admin,same,authorized,authorized,authorized,authorized,not_required,not_required,False,"['public', 'internal', 'confidential']",False,True,True,True,conditional_allow,0.1.0
technical_admin,download,super-admin,same,authorized,authorized,authorized,authorized,not_required,not_required,False,"['public', 'internal', 'confidential']",False,True,True,True,conditional_allow,0.1.0
technical_admin,delete_or_archive,super-admin,same,authorized,authorized,authorized,authorized,not_required,not_required,False,"['public', 'internal', 'confidential']",False,True,True,True,conditional_allow,0.1.0
technical_admin,restore,super-admin,same,authorized,authorized,authorized,authorized,not_required,not_required,False,"['public', 'internal', 'confidential']",False,True,True,True,conditional_allow,0.1.0
technical_admin,adjust_financial_record,super-admin,same,authorized,authorized,authorized,authorized,not_required,not_required,False,"['public', 'internal', 'confidential']",False,True,True,True,conditional_allow,0.1.0
technical_admin,execute_integration_action,super-admin,same,authorized,authorized,authorized,authorized,not_required,not_required,False,"['public', 'internal', 'confidential']",False,True,True,True,conditional_allow,0.1.0
technical_admin,configure_policy,super-admin,same,authorized,authorized,authorized,authorized,not_required,not_required,False,"['public', 'internal', 'confidential']",False,True,True,True,conditional_allow,0.1.0
technical_admin,administer_permissions,super-admin,same,authorized,authorized,authorized,authorized,not_required,not_required,False,"['public', 'internal', 'confidential']",False,True,True,True,conditional_allow,0.1.0
source_code,view_list,super-admin,same,authorized,authorized,authorized,authorized,not_required,not_required,False,"['public', 'internal', 'confidential']",False,True,True,True,conditional_allow,0.1.0
source_code,view_detail,super-admin,same,authorized,authorized,authorized,authorized,not_required,not_required,False,"['public', 'internal', 'confidential']",False,True,True,True,conditional_allow,0.1.0
source_code,view_sensitive_detail,super-admin,same,authorized,authorized,authorized,authorized,not_required,not_required,False,"['public', 'internal', 'confidential']",False,True,True,True,conditional_allow,0.1.0
source_code,create,super-admin,same,authorized,authorized,authorized,authorized,not_required,not_required,False,"['public', 'internal', 'confidential']",False,True,True,True,conditional_allow,0.1.0
source_code,edit,super-admin,same,authorized,authorized,authorized,authorized,not_required,not_required,False,"['public', 'internal', 'confidential']",False,True,True,True,conditional_allow,0.1.0
source_code,submit,super-admin,same,authorized,authorized,authorized,authorized,not_required,not_required,False,"['public', 'internal', 'confidential']",False,True,True,True,conditional_allow,0.1.0
source_code,approve,super-admin,same,authorized,authorized,authorized,authorized,not_required,not_required,False,"['public', 'internal', 'confidential']",False,True,True,True,conditional_allow,0.1.0
source_code,reject,super-admin,same,authorized,authorized,authorized,authorized,not_required,not_required,False,"['public', 'internal', 'confidential']",False,True,True,True,conditional_allow,0.1.0
source_code,assign,super-admin,same,authorized,authorized,authorized,authorized,not_required,not_required,False,"['public', 'internal', 'confidential']",False,True,True,True,conditional_allow,0.1.0
source_code,reassign,super-admin,same,authorized,authorized,authorized,authorized,not_required,not_required,False,"['public', 'internal', 'confidential']",False,True,True,True,conditional_allow,0.1.0
source_code,export,super-admin,same,authorized,authorized,authorized,authorized,not_required,not_required,False,"['public', 'internal', 'confidential']",False,True,True,True,conditional_allow,0.1.0
source_code,upload,super-admin,same,authorized,authorized,authorized,authorized,not_required,not_required,False,"['public', 'internal', 'confidential']",False,True,True,True,conditional_allow,0.1.0
source_code,download,super-admin,same,authorized,authorized,authorized,authorized,not_required,not_required,False,"['public', 'internal', 'confidential']",False,True,True,True,conditional_allow,0.1.0
source_code,delete_or_archive,super-admin,same,authorized,authorized,authorized,authorized,not_required,not_required,False,"['public', 'internal', 'confidential']",False,True,True,True,conditional_allow,0.1.0
source_code,restore,super-admin,same,authorized,authorized,authorized,authorized,not_required,not_required,False,"['public', 'internal', 'confidential']",False,True,True,True,conditional_allow,0.1.0
source_code,adjust_financial_record,super-admin,same,authorized,authorized,authorized,authorized,not_required,not_required,False,"['public', 'internal', 'confidential']",False,True,True,True,conditional_allow,0.1.0
source_code,execute_integration_action,super-admin,same,authorized,authorized,authorized,authorized,not_required,not_required,False,"['public', 'internal', 'confidential']",False,True,True,True,conditional_allow,0.1.0
source_code,configure_policy,super-admin,same,authorized,authorized,authorized,authorized,not_required,not_required,False,"['public', 'internal', 'confidential']",False,True,True,True,conditional_allow,0.1.0
source_code,administer_permissions,super-admin,same,authorized,authorized,authorized,authorized,not_required,not_required,False,"['public', 'internal', 'confidential']",False,True,True,True,conditional_allow,0.1.0
database_admin,view_list,super-admin,same,authorized,authorized,authorized,authorized,not_required,not_required,False,"['public', 'internal', 'confidential']",False,True,True,True,conditional_allow,0.1.0
database_admin,view_detail,super-admin,same,authorized,authorized,authorized,authorized,not_required,not_required,False,"['public', 'internal', 'confidential']",False,True,True,True,conditional_allow,0.1.0
database_admin,view_sensitive_detail,super-admin,same,authorized,authorized,authorized,authorized,not_required,not_required,False,"['public', 'internal', 'confidential']",False,True,True,True,conditional_allow,0.1.0
database_admin,create,super-admin,same,authorized,authorized,authorized,authorized,not_required,not_required,False,"['public', 'internal', 'confidential']",False,True,True,True,conditional_allow,0.1.0
database_admin,edit,super-admin,same,authorized,authorized,authorized,authorized,not_required,not_required,False,"['public', 'internal', 'confidential']",False,True,True,True,conditional_allow,0.1.0
database_admin,submit,super-admin,same,authorized,authorized,authorized,authorized,not_required,not_required,False,"['public', 'internal', 'confidential']",False,True,True,True,conditional_allow,0.1.0
database_admin,approve,super-admin,same,authorized,authorized,authorized,authorized,not_required,not_required,False,"['public', 'internal', 'confidential']",False,True,True,True,conditional_allow,0.1.0
database_admin,reject,super-admin,same,authorized,authorized,authorized,authorized,not_required,not_required,False,"['public', 'internal', 'confidential']",False,True,True,True,conditional_allow,0.1.0
database_admin,assign,super-admin,same,authorized,authorized,authorized,authorized,not_required,not_required,False,"['public', 'internal', 'confidential']",False,True,True,True,conditional_allow,0.1.0
database_admin,reassign,super-admin,same,authorized,authorized,authorized,authorized,not_required,not_required,False,"['public', 'internal', 'confidential']",False,True,True,True,conditional_allow,0.1.0
database_admin,export,super-admin,same,authorized,authorized,authorized,authorized,not_required,not_required,False,"['public', 'internal', 'confidential']",False,True,True,True,conditional_allow,0.1.0
database_admin,upload,super-admin,same,authorized,authorized,authorized,authorized,not_required,not_required,False,"['public', 'internal', 'confidential']",False,True,True,True,conditional_allow,0.1.0
database_admin,download,super-admin,same,authorized,authorized,authorized,authorized,not_required,not_required,False,"['public', 'internal', 'confidential']",False,True,True,True,conditional_allow,0.1.0
database_admin,delete_or_archive,super-admin,same,authorized,authorized,authorized,authorized,not_required,not_required,False,"['public', 'internal', 'confidential']",False,True,True,True,conditional_allow,0.1.0
database_admin,restore,super-admin,same,authorized,authorized,authorized,authorized,not_required,not_required,False,"['public', 'internal', 'confidential']",False,True,True,True,conditional_allow,0.1.0
database_admin,adjust_financial_record,super-admin,same,authorized,authorized,authorized,authorized,not_required,not_required,False,"['public', 'internal', 'confidential']",False,True,True,True,conditional_allow,0.1.0
database_admin,execute_integration_action,super-admin,same,authorized,authorized,authorized,authorized,not_required,not_required,False,"['public', 'internal', 'confidential']",False,True,True,True,conditional_allow,0.1.0
database_admin,configure_policy,super-admin,same,authorized,authorized,authorized,authorized,not_required,not_required,False,"['public', 'internal', 'confidential']",False,True,True,True,conditional_allow,0.1.0
database_admin,administer_permissions,super-admin,same,authorized,authorized,authorized,authorized,not_required,not_required,False,"['public', 'internal', 'confidential']",False,True,True,True,conditional_allow,0.1.0
production_secret,view_list,super-admin,same,authorized,authorized,authorized,authorized,not_required,not_required,False,"['public', 'internal', 'confidential']",False,True,True,True,conditional_allow,0.1.0
production_secret,view_detail,super-admin,same,authorized,authorized,authorized,authorized,not_required,not_required,False,"['public', 'internal', 'confidential']",False,True,True,True,conditional_allow,0.1.0
production_secret,view_sensitive_detail,super-admin,same,authorized,authorized,authorized,authorized,not_required,not_required,False,"['public', 'internal', 'confidential']",False,True,True,True,conditional_allow,0.1.0
production_secret,create,super-admin,same,authorized,authorized,authorized,authorized,not_required,not_required,False,"['public', 'internal', 'confidential']",False,True,True,True,conditional_allow,0.1.0
production_secret,edit,super-admin,same,authorized,authorized,authorized,authorized,not_required,not_required,False,"['public', 'internal', 'confidential']",False,True,True,True,conditional_allow,0.1.0
production_secret,submit,super-admin,same,authorized,authorized,authorized,authorized,not_required,not_required,False,"['public', 'internal', 'confidential']",False,True,True,True,conditional_allow,0.1.0
production_secret,approve,super-admin,same,authorized,authorized,authorized,authorized,not_required,not_required,False,"['public', 'internal', 'confidential']",False,True,True,True,conditional_allow,0.1.0
production_secret,reject,super-admin,same,authorized,authorized,authorized,authorized,not_required,not_required,False,"['public', 'internal', 'confidential']",False,True,True,True,conditional_allow,0.1.0
production_secret,assign,super-admin,same,authorized,authorized,authorized,authorized,not_required,not_required,False,"['public', 'internal', 'confidential']",False,True,True,True,conditional_allow,0.1.0
production_secret,reassign,super-admin,same,authorized,authorized,authorized,authorized,not_required,not_required,False,"['public', 'internal', 'confidential']",False,True,True,True,conditional_allow,0.1.0
production_secret,export,super-admin,same,authorized,authorized,authorized,authorized,not_required,not_required,False,"['public', 'internal', 'confidential']",False,True,True,True,conditional_allow,0.1.0
production_secret,upload,super-admin,same,authorized,authorized,authorized,authorized,not_required,not_required,False,"['public', 'internal', 'confidential']",False,True,True,True,conditional_allow,0.1.0
production_secret,download,super-admin,same,authorized,authorized,authorized,authorized,not_required,not_required,False,"['public', 'internal', 'confidential']",False,True,True,True,conditional_allow,0.1.0
production_secret,delete_or_archive,super-admin,same,authorized,authorized,authorized,authorized,not_required,not_required,False,"['public', 'internal', 'confidential']",False,True,True,True,conditional_allow,0.1.0
production_secret,restore,super-admin,same,authorized,authorized,authorized,authorized,not_required,not_required,False,"['public', 'internal', 'confidential']",False,True,True,True,conditional_allow,0.1.0
production_secret,adjust_financial_record,super-admin,same,authorized,authorized,authorized,authorized,not_required,not_required,False,"['public', 'internal', 'confidential']",False,True,True,True,conditional_allow,0.1.0
production_secret,execute_integration_action,super-admin,same,authorized,authorized,authorized,authorized,not_required,not_required,False,"['public', 'internal', 'confidential']",False,True,True,True,conditional_allow,0.1.0
production_secret,configure_policy,super-admin,same,authorized,authorized,authorized,authorized,not_required,not_required,False,"['public', 'internal', 'confidential']",False,True,True,True,conditional_allow,0.1.0
production_secret,administer_permissions,super-admin,same,authorized,authorized,authorized,authorized,not_required,not_required,False,"['public', 'internal', 'confidential']",False,True,True,True,conditional_allow,0.1.0
deployment,view_list,super-admin,same,authorized,authorized,authorized,authorized,not_required,not_required,False,"['public', 'internal', 'confidential']",False,True,True,True,conditional_allow,0.1.0
deployment,view_detail,super-admin,same,authorized,authorized,authorized,authorized,not_required,not_required,False,"['public', 'internal', 'confidential']",False,True,True,True,conditional_allow,0.1.0
deployment,view_sensitive_detail,super-admin,same,authorized,authorized,authorized,authorized,not_required,not_required,False,"['public', 'internal', 'confidential']",False,True,True,True,conditional_allow,0.1.0
deployment,create,super-admin,same,authorized,authorized,authorized,authorized,not_required,not_required,False,"['public', 'internal', 'confidential']",False,True,True,True,conditional_allow,0.1.0
deployment,edit,super-admin,same,authorized,authorized,authorized,authorized,not_required,not_required,False,"['public', 'internal', 'confidential']",False,True,True,True,conditional_allow,0.1.0
deployment,submit,super-admin,same,authorized,authorized,authorized,authorized,not_required,not_required,False,"['public', 'internal', 'confidential']",False,True,True,True,conditional_allow,0.1.0
deployment,approve,super-admin,same,authorized,authorized,authorized,authorized,not_required,not_required,False,"['public', 'internal', 'confidential']",False,True,True,True,conditional_allow,0.1.0
deployment,reject,super-admin,same,authorized,authorized,authorized,authorized,not_required,not_required,False,"['public', 'internal', 'confidential']",False,True,True,True,conditional_allow,0.1.0
deployment,assign,super-admin,same,authorized,authorized,authorized,authorized,not_required,not_required,False,"['public', 'internal', 'confidential']",False,True,True,True,conditional_allow,0.1.0
deployment,reassign,super-admin,same,authorized,authorized,authorized,authorized,not_required,not_required,False,"['public', 'internal', 'confidential']",False,True,True,True,conditional_allow,0.1.0
deployment,export,super-admin,same,authorized,authorized,authorized,authorized,not_required,not_required,False,"['public', 'internal', 'confidential']",False,True,True,True,conditional_allow,0.1.0
deployment,upload,super-admin,same,authorized,authorized,authorized,authorized,not_required,not_required,False,"['public', 'internal', 'confidential']",False,True,True,True,conditional_allow,0.1.0
deployment,download,super-admin,same,authorized,authorized,authorized,authorized,not_required,not_required,False,"['public', 'internal', 'confidential']",False,True,True,True,conditional_allow,0.1.0
deployment,delete_or_archive,super-admin,same,authorized,authorized,authorized,authorized,not_required,not_required,False,"['public', 'internal', 'confidential']",False,True,True,True,conditional_allow,0.1.0
deployment,restore,super-admin,same,authorized,authorized,authorized,authorized,not_required,not_required,False,"['public', 'internal', 'confidential']",False,True,True,True,conditional_allow,0.1.0
deployment,adjust_financial_record,super-admin,same,authorized,authorized,authorized,authorized,not_required,not_required,False,"['public', 'internal', 'confidential']",False,True,True,True,conditional_allow,0.1.0
deployment,execute_integration_action,super-admin,same,authorized,authorized,authorized,authorized,not_required,not_required,False,"['public', 'internal', 'confidential']",False,True,True,True,conditional_allow,0.1.0
deployment,configure_policy,super-admin,same,authorized,authorized,authorized,authorized,not_required,not_required,False,"['public', 'internal', 'confidential']",False,True,True,True,conditional_allow,0.1.0
deployment,administer_permissions,super-admin,same,authorized,authorized,authorized,authorized,not_required,not_required,False,"['public', 'internal', 'confidential']",False,True,True,True,conditional_allow,0.1.0
migration_execution,view_list,super-admin,same,authorized,authorized,authorized,authorized,not_required,not_required,False,"['public', 'internal', 'confidential']",False,True,True,True,conditional_allow,0.1.0
migration_execution,view_detail,super-admin,same,authorized,authorized,authorized,authorized,not_required,not_required,False,"['public', 'internal', 'confidential']",False,True,True,True,conditional_allow,0.1.0
migration_execution,view_sensitive_detail,super-admin,same,authorized,authorized,authorized,authorized,not_required,not_required,False,"['public', 'internal', 'confidential']",False,True,True,True,conditional_allow,0.1.0
migration_execution,create,super-admin,same,authorized,authorized,authorized,authorized,not_required,not_required,False,"['public', 'internal', 'confidential']",False,True,True,True,conditional_allow,0.1.0
migration_execution,edit,super-admin,same,authorized,authorized,authorized,authorized,not_required,not_required,False,"['public', 'internal', 'confidential']",False,True,True,True,conditional_allow,0.1.0
migration_execution,submit,super-admin,same,authorized,authorized,authorized,authorized,not_required,not_required,False,"['public', 'internal', 'confidential']",False,True,True,True,conditional_allow,0.1.0
migration_execution,approve,super-admin,same,authorized,authorized,authorized,authorized,not_required,not_required,False,"['public', 'internal', 'confidential']",False,True,True,True,conditional_allow,0.1.0
migration_execution,reject,super-admin,same,authorized,authorized,authorized,authorized,not_required,not_required,False,"['public', 'internal', 'confidential']",False,True,True,True,conditional_allow,0.1.0
migration_execution,assign,super-admin,same,authorized,authorized,authorized,authorized,not_required,not_required,False,"['public', 'internal', 'confidential']",False,True,True,True,conditional_allow,0.1.0
migration_execution,reassign,super-admin,same,authorized,authorized,authorized,authorized,not_required,not_required,False,"['public', 'internal', 'confidential']",False,True,True,True,conditional_allow,0.1.0
migration_execution,export,super-admin,same,authorized,authorized,authorized,authorized,not_required,not_required,False,"['public', 'internal', 'confidential']",False,True,True,True,conditional_allow,0.1.0
migration_execution,upload,super-admin,same,authorized,authorized,authorized,authorized,not_required,not_required,False,"['public', 'internal', 'confidential']",False,True,True,True,conditional_allow,0.1.0
migration_execution,download,super-admin,same,authorized,authorized,authorized,authorized,not_required,not_required,False,"['public', 'internal', 'confidential']",False,True,True,True,conditional_allow,0.1.0
migration_execution,delete_or_archive,super-admin,same,authorized,authorized,authorized,authorized,not_required,not_required,False,"['public', 'internal', 'confidential']",False,True,True,True,conditional_allow,0.1.0
migration_execution,restore,super-admin,same,authorized,authorized,authorized,authorized,not_required,not_required,False,"['public', 'internal', 'confidential']",False,True,True,True,conditional_allow,0.1.0
migration_execution,adjust_financial_record,super-admin,same,authorized,authorized,authorized,authorized,not_required,not_required,False,"['public', 'internal', 'confidential']",False,True,True,True,conditional_allow,0.1.0
migration_execution,execute_integration_action,super-admin,same,authorized,authorized,authorized,authorized,not_required,not_required,False,"['public', 'internal', 'confidential']",False,True,True,True,conditional_allow,0.1.0
migration_execution,configure_policy,super-admin,same,authorized,authorized,authorized,authorized,not_required,not_required,False,"['public', 'internal', 'confidential']",False,True,True,True,conditional_allow,0.1.0
migration_execution,administer_permissions,super-admin,same,authorized,authorized,authorized,authorized,not_required,not_required,False,"['public', 'internal', 'confidential']",False,True,True,True,conditional_allow,0.1.0
rls_policy,view_list,super-admin,same,authorized,authorized,authorized,authorized,not_required,not_required,False,"['public', 'internal', 'confidential']",False,True,True,True,conditional_allow,0.1.0
rls_policy,view_detail,super-admin,same,authorized,authorized,authorized,authorized,not_required,not_required,False,"['public', 'internal', 'confidential']",False,True,True,True,conditional_allow,0.1.0
rls_policy,view_sensitive_detail,super-admin,same,authorized,authorized,authorized,authorized,not_required,not_required,False,"['public', 'internal', 'confidential']",False,True,True,True,conditional_allow,0.1.0
rls_policy,create,super-admin,same,authorized,authorized,authorized,authorized,not_required,not_required,False,"['public', 'internal', 'confidential']",False,True,True,True,conditional_allow,0.1.0
rls_policy,edit,super-admin,same,authorized,authorized,authorized,authorized,not_required,not_required,False,"['public', 'internal', 'confidential']",False,True,True,True,conditional_allow,0.1.0
rls_policy,submit,super-admin,same,authorized,authorized,authorized,authorized,not_required,not_required,False,"['public', 'internal', 'confidential']",False,True,True,True,conditional_allow,0.1.0
rls_policy,approve,super-admin,same,authorized,authorized,authorized,authorized,not_required,not_required,False,"['public', 'internal', 'confidential']",False,True,True,True,conditional_allow,0.1.0
rls_policy,reject,super-admin,same,authorized,authorized,authorized,authorized,not_required,not_required,False,"['public', 'internal', 'confidential']",False,True,True,True,conditional_allow,0.1.0
rls_policy,assign,super-admin,same,authorized,authorized,authorized,authorized,not_required,not_required,False,"['public', 'internal', 'confidential']",False,True,True,True,conditional_allow,0.1.0
rls_policy,reassign,super-admin,same,authorized,authorized,authorized,authorized,not_required,not_required,False,"['public', 'internal', 'confidential']",False,True,True,True,conditional_allow,0.1.0
rls_policy,export,super-admin,same,authorized,authorized,authorized,authorized,not_required,not_required,False,"['public', 'internal', 'confidential']",False,True,True,True,conditional_allow,0.1.0
rls_policy,upload,super-admin,same,authorized,authorized,authorized,authorized,not_required,not_required,False,"['public', 'internal', 'confidential']",False,True,True,True,conditional_allow,0.1.0
rls_policy,download,super-admin,same,authorized,authorized,authorized,authorized,not_required,not_required,False,"['public', 'internal', 'confidential']",False,True,True,True,conditional_allow,0.1.0
rls_policy,delete_or_archive,super-admin,same,authorized,authorized,authorized,authorized,not_required,not_required,False,"['public', 'internal', 'confidential']",False,True,True,True,conditional_allow,0.1.0
rls_policy,restore,super-admin,same,authorized,authorized,authorized,authorized,not_required,not_required,False,"['public', 'internal', 'confidential']",False,True,True,True,conditional_allow,0.1.0
rls_policy,adjust_financial_record,super-admin,same,authorized,authorized,authorized,authorized,not_required,not_required,False,"['public', 'internal', 'confidential']",False,True,True,True,conditional_allow,0.1.0
rls_policy,execute_integration_action,super-admin,same,authorized,authorized,authorized,authorized,not_required,not_required,False,"['public', 'internal', 'confidential']",False,True,True,True,conditional_allow,0.1.0
rls_policy,configure_policy,super-admin,same,authorized,authorized,authorized,authorized,not_required,not_required,False,"['public', 'internal', 'confidential']",False,True,True,True,conditional_allow,0.1.0
rls_policy,administer_permissions,super-admin,same,authorized,authorized,authorized,authorized,not_required,not_required,False,"['public', 'internal', 'confidential']",False,True,True,True,conditional_allow,0.1.0
developer_flag,view_list,super-admin,same,authorized,authorized,authorized,authorized,not_required,not_required,False,"['public', 'internal', 'confidential']",False,True,True,True,conditional_allow,0.1.0
developer_flag,view_detail,super-admin,same,authorized,authorized,authorized,authorized,not_required,not_required,False,"['public', 'internal', 'confidential']",False,True,True,True,conditional_allow,0.1.0
developer_flag,view_sensitive_detail,super-admin,same,authorized,authorized,authorized,authorized,not_required,not_required,False,"['public', 'internal', 'confidential']",False,True,True,True,conditional_allow,0.1.0
developer_flag,create,super-admin,same,authorized,authorized,authorized,authorized,not_required,not_required,False,"['public', 'internal', 'confidential']",False,True,True,True,conditional_allow,0.1.0
developer_flag,edit,super-admin,same,authorized,authorized,authorized,authorized,not_required,not_required,False,"['public', 'internal', 'confidential']",False,True,True,True,conditional_allow,0.1.0
developer_flag,submit,super-admin,same,authorized,authorized,authorized,authorized,not_required,not_required,False,"['public', 'internal', 'confidential']",False,True,True,True,conditional_allow,0.1.0
developer_flag,approve,super-admin,same,authorized,authorized,authorized,authorized,not_required,not_required,False,"['public', 'internal', 'confidential']",False,True,True,True,conditional_allow,0.1.0
developer_flag,reject,super-admin,same,authorized,authorized,authorized,authorized,not_required,not_required,False,"['public', 'internal', 'confidential']",False,True,True,True,conditional_allow,0.1.0
developer_flag,assign,super-admin,same,authorized,authorized,authorized,authorized,not_required,not_required,False,"['public', 'internal', 'confidential']",False,True,True,True,conditional_allow,0.1.0
developer_flag,reassign,super-admin,same,authorized,authorized,authorized,authorized,not_required,not_required,False,"['public', 'internal', 'confidential']",False,True,True,True,conditional_allow,0.1.0
developer_flag,export,super-admin,same,authorized,authorized,authorized,authorized,not_required,not_required,False,"['public', 'internal', 'confidential']",False,True,True,True,conditional_allow,0.1.0
developer_flag,upload,super-admin,same,authorized,authorized,authorized,authorized,not_required,not_required,False,"['public', 'internal', 'confidential']",False,True,True,True,conditional_allow,0.1.0
developer_flag,download,super-admin,same,authorized,authorized,authorized,authorized,not_required,not_required,False,"['public', 'internal', 'confidential']",False,True,True,True,conditional_allow,0.1.0
developer_flag,delete_or_archive,super-admin,same,authorized,authorized,authorized,authorized,not_required,not_required,False,"['public', 'internal', 'confidential']",False,True,True,True,conditional_allow,0.1.0
developer_flag,restore,super-admin,same,authorized,authorized,authorized,authorized,not_required,not_required,False,"['public', 'internal', 'confidential']",False,True,True,True,conditional_allow,0.1.0
developer_flag,adjust_financial_record,super-admin,same,authorized,authorized,authorized,authorized,not_required,not_required,False,"['public', 'internal', 'confidential']",False,True,True,True,conditional_allow,0.1.0
developer_flag,execute_integration_action,super-admin,same,authorized,authorized,authorized,authorized,not_required,not_required,False,"['public', 'internal', 'confidential']",False,True,True,True,conditional_allow,0.1.0
developer_flag,configure_policy,super-admin,same,authorized,authorized,authorized,authorized,not_required,not_required,False,"['public', 'internal', 'confidential']",False,True,True,True,conditional_allow,0.1.0
developer_flag,administer_permissions,super-admin,same,authorized,authorized,authorized,authorized,not_required,not_required,False,"['public', 'internal', 'confidential']",False,True,True,True,conditional_allow,0.1.0
secret_rotation,view_list,super-admin,same,authorized,authorized,authorized,authorized,not_required,not_required,False,"['public', 'internal', 'confidential']",False,True,True,True,conditional_allow,0.1.0
secret_rotation,view_detail,super-admin,same,authorized,authorized,authorized,authorized,not_required,not_required,False,"['public', 'internal', 'confidential']",False,True,True,True,conditional_allow,0.1.0
secret_rotation,view_sensitive_detail,super-admin,same,authorized,authorized,authorized,authorized,not_required,not_required,False,"['public', 'internal', 'confidential']",False,True,True,True,conditional_allow,0.1.0
secret_rotation,create,super-admin,same,authorized,authorized,authorized,authorized,not_required,not_required,False,"['public', 'internal', 'confidential']",False,True,True,True,conditional_allow,0.1.0
secret_rotation,edit,super-admin,same,authorized,authorized,authorized,authorized,not_required,not_required,False,"['public', 'internal', 'confidential']",False,True,True,True,conditional_allow,0.1.0
secret_rotation,submit,super-admin,same,authorized,authorized,authorized,authorized,not_required,not_required,False,"['public', 'internal', 'confidential']",False,True,True,True,conditional_allow,0.1.0
secret_rotation,approve,super-admin,same,authorized,authorized,authorized,authorized,not_required,not_required,False,"['public', 'internal', 'confidential']",False,True,True,True,conditional_allow,0.1.0
secret_rotation,reject,super-admin,same,authorized,authorized,authorized,authorized,not_required,not_required,False,"['public', 'internal', 'confidential']",False,True,True,True,conditional_allow,0.1.0
secret_rotation,assign,super-admin,same,authorized,authorized,authorized,authorized,not_required,not_required,False,"['public', 'internal', 'confidential']",False,True,True,True,conditional_allow,0.1.0
secret_rotation,reassign,super-admin,same,authorized,authorized,authorized,authorized,not_required,not_required,False,"['public', 'internal', 'confidential']",False,True,True,True,conditional_allow,0.1.0
secret_rotation,export,super-admin,same,authorized,authorized,authorized,authorized,not_required,not_required,False,"['public', 'internal', 'confidential']",False,True,True,True,conditional_allow,0.1.0
secret_rotation,upload,super-admin,same,authorized,authorized,authorized,authorized,not_required,not_required,False,"['public', 'internal', 'confidential']",False,True,True,True,conditional_allow,0.1.0
secret_rotation,download,super-admin,same,authorized,authorized,authorized,authorized,not_required,not_required,False,"['public', 'internal', 'confidential']",False,True,True,True,conditional_allow,0.1.0
secret_rotation,delete_or_archive,super-admin,same,authorized,authorized,authorized,authorized,not_required,not_required,False,"['public', 'internal', 'confidential']",False,True,True,True,conditional_allow,0.1.0
secret_rotation,restore,super-admin,same,authorized,authorized,authorized,authorized,not_required,not_required,False,"['public', 'internal', 'confidential']",False,True,True,True,conditional_allow,0.1.0
secret_rotation,adjust_financial_record,super-admin,same,authorized,authorized,authorized,authorized,not_required,not_required,False,"['public', 'internal', 'confidential']",False,True,True,True,conditional_allow,0.1.0
secret_rotation,execute_integration_action,super-admin,same,authorized,authorized,authorized,authorized,not_required,not_required,False,"['public', 'internal', 'confidential']",False,True,True,True,conditional_allow,0.1.0
secret_rotation,configure_policy,super-admin,same,authorized,authorized,authorized,authorized,not_required,not_required,False,"['public', 'internal', 'confidential']",False,True,True,True,conditional_allow,0.1.0
secret_rotation,administer_permissions,super-admin,same,authorized,authorized,authorized,authorized,not_required,not_required,False,"['public', 'internal', 'confidential']",False,True,True,True,conditional_allow,0.1.0
support_access,view_list,super-admin,same,authorized,authorized,authorized,authorized,not_required,not_required,False,"['public', 'internal', 'confidential']",False,True,True,True,conditional_allow,0.1.0
support_access,view_detail,super-admin,same,authorized,authorized,authorized,authorized,not_required,not_required,False,"['public', 'internal', 'confidential']",False,True,True,True,conditional_allow,0.1.0
support_access,view_sensitive_detail,super-admin,same,authorized,authorized,authorized,authorized,not_required,not_required,False,"['public', 'internal', 'confidential']",False,True,True,True,conditional_allow,0.1.0
support_access,create,super-admin,same,authorized,authorized,authorized,authorized,not_required,not_required,False,"['public', 'internal', 'confidential']",False,True,True,True,conditional_allow,0.1.0
support_access,edit,super-admin,same,authorized,authorized,authorized,authorized,not_required,not_required,False,"['public', 'internal', 'confidential']",False,True,True,True,conditional_allow,0.1.0
support_access,submit,super-admin,same,authorized,authorized,authorized,authorized,not_required,not_required,False,"['public', 'internal', 'confidential']",False,True,True,True,conditional_allow,0.1.0
support_access,approve,super-admin,same,authorized,authorized,authorized,authorized,not_required,not_required,False,"['public', 'internal', 'confidential']",False,True,True,True,conditional_allow,0.1.0
support_access,reject,super-admin,same,authorized,authorized,authorized,authorized,not_required,not_required,False,"['public', 'internal', 'confidential']",False,True,True,True,conditional_allow,0.1.0
support_access,assign,super-admin,same,authorized,authorized,authorized,authorized,not_required,not_required,False,"['public', 'internal', 'confidential']",False,True,True,True,conditional_allow,0.1.0
support_access,reassign,super-admin,same,authorized,authorized,authorized,authorized,not_required,not_required,False,"['public', 'internal', 'confidential']",False,True,True,True,conditional_allow,0.1.0
support_access,export,super-admin,same,authorized,authorized,authorized,authorized,not_required,not_required,False,"['public', 'internal', 'confidential']",False,True,True,True,conditional_allow,0.1.0
support_access,upload,super-admin,same,authorized,authorized,authorized,authorized,not_required,not_required,False,"['public', 'internal', 'confidential']",False,True,True,True,conditional_allow,0.1.0
support_access,download,super-admin,same,authorized,authorized,authorized,authorized,not_required,not_required,False,"['public', 'internal', 'confidential']",False,True,True,True,conditional_allow,0.1.0
support_access,delete_or_archive,super-admin,same,authorized,authorized,authorized,authorized,not_required,not_required,False,"['public', 'internal', 'confidential']",False,True,True,True,conditional_allow,0.1.0
support_access,restore,super-admin,same,authorized,authorized,authorized,authorized,not_required,not_required,False,"['public', 'internal', 'confidential']",False,True,True,True,conditional_allow,0.1.0
support_access,adjust_financial_record,super-admin,same,authorized,authorized,authorized,authorized,not_required,not_required,False,"['public', 'internal', 'confidential']",False,True,True,True,conditional_allow,0.1.0
support_access,execute_integration_action,super-admin,same,authorized,authorized,authorized,authorized,not_required,not_required,False,"['public', 'internal', 'confidential']",False,True,True,True,conditional_allow,0.1.0
support_access,configure_policy,super-admin,same,authorized,authorized,authorized,authorized,not_required,not_required,False,"['public', 'internal', 'confidential']",False,True,True,True,conditional_allow,0.1.0
support_access,administer_permissions,super-admin,same,authorized,authorized,authorized,authorized,not_required,not_required,False,"['public', 'internal', 'confidential']",False,True,True,True,conditional_allow,0.1.0
impersonation,view_list,super-admin,,,,,,,,,,,,,,deny,0.1.0
impersonation,view_detail,super-admin,,,,,,,,,,,,,,deny,0.1.0
impersonation,view_sensitive_detail,super-admin,,,,,,,,,,,,,,deny,0.1.0
impersonation,create,super-admin,,,,,,,,,,,,,,deny,0.1.0
impersonation,edit,super-admin,,,,,,,,,,,,,,deny,0.1.0
impersonation,submit,super-admin,,,,,,,,,,,,,,deny,0.1.0
impersonation,approve,super-admin,,,,,,,,,,,,,,deny,0.1.0
impersonation,reject,super-admin,,,,,,,,,,,,,,deny,0.1.0
impersonation,assign,super-admin,,,,,,,,,,,,,,deny,0.1.0
impersonation,reassign,super-admin,,,,,,,,,,,,,,deny,0.1.0
impersonation,export,super-admin,,,,,,,,,,,,,,deny,0.1.0
impersonation,upload,super-admin,,,,,,,,,,,,,,deny,0.1.0
impersonation,download,super-admin,,,,,,,,,,,,,,deny,0.1.0
impersonation,delete_or_archive,super-admin,,,,,,,,,,,,,,deny,0.1.0
impersonation,restore,super-admin,,,,,,,,,,,,,,deny,0.1.0
impersonation,adjust_financial_record,super-admin,,,,,,,,,,,,,,deny,0.1.0
impersonation,execute_integration_action,super-admin,,,,,,,,,,,,,,deny,0.1.0
impersonation,configure_policy,super-admin,,,,,,,,,,,,,,deny,0.1.0
impersonation,administer_permissions,super-admin,,,,,,,,,,,,,,deny,0.1.0
organization,view_list,leasing,,,,,,,,,,,,,,deny,0.1.0
organization,view_detail,leasing,,,,,,,,,,,,,,deny,0.1.0
organization,view_sensitive_detail,leasing,,,,,,,,,,,,,,deny,0.1.0
organization,create,leasing,,,,,,,,,,,,,,deny,0.1.0
organization,edit,leasing,,,,,,,,,,,,,,deny,0.1.0
organization,submit,leasing,,,,,,,,,,,,,,deny,0.1.0
organization,approve,leasing,,,,,,,,,,,,,,deny,0.1.0
organization,reject,leasing,,,,,,,,,,,,,,deny,0.1.0
organization,assign,leasing,,,,,,,,,,,,,,deny,0.1.0
organization,reassign,leasing,,,,,,,,,,,,,,deny,0.1.0
organization,export,leasing,,,,,,,,,,,,,,deny,0.1.0
organization,upload,leasing,,,,,,,,,,,,,,deny,0.1.0
organization,download,leasing,,,,,,,,,,,,,,deny,0.1.0
organization,delete_or_archive,leasing,,,,,,,,,,,,,,deny,0.1.0
organization,restore,leasing,,,,,,,,,,,,,,deny,0.1.0
organization,adjust_financial_record,leasing,,,,,,,,,,,,,,deny,0.1.0
organization,execute_integration_action,leasing,,,,,,,,,,,,,,deny,0.1.0
organization,configure_policy,leasing,,,,,,,,,,,,,,deny,0.1.0
organization,administer_permissions,leasing,,,,,,,,,,,,,,deny,0.1.0
ownership_entity,view_list,leasing,,,,,,,,,,,,,,deny,0.1.0
ownership_entity,view_detail,leasing,,,,,,,,,,,,,,deny,0.1.0
ownership_entity,view_sensitive_detail,leasing,,,,,,,,,,,,,,deny,0.1.0
ownership_entity,create,leasing,,,,,,,,,,,,,,deny,0.1.0
ownership_entity,edit,leasing,,,,,,,,,,,,,,deny,0.1.0
ownership_entity,submit,leasing,,,,,,,,,,,,,,deny,0.1.0
ownership_entity,approve,leasing,,,,,,,,,,,,,,deny,0.1.0
ownership_entity,reject,leasing,,,,,,,,,,,,,,deny,0.1.0
ownership_entity,assign,leasing,,,,,,,,,,,,,,deny,0.1.0
ownership_entity,reassign,leasing,,,,,,,,,,,,,,deny,0.1.0
ownership_entity,export,leasing,,,,,,,,,,,,,,deny,0.1.0
ownership_entity,upload,leasing,,,,,,,,,,,,,,deny,0.1.0
ownership_entity,download,leasing,,,,,,,,,,,,,,deny,0.1.0
ownership_entity,delete_or_archive,leasing,,,,,,,,,,,,,,deny,0.1.0
ownership_entity,restore,leasing,,,,,,,,,,,,,,deny,0.1.0
ownership_entity,adjust_financial_record,leasing,,,,,,,,,,,,,,deny,0.1.0
ownership_entity,execute_integration_action,leasing,,,,,,,,,,,,,,deny,0.1.0
ownership_entity,configure_policy,leasing,,,,,,,,,,,,,,deny,0.1.0
ownership_entity,administer_permissions,leasing,,,,,,,,,,,,,,deny,0.1.0
property,view_list,leasing,same,authorized,authorized,authorized,authorized,not_required,not_required,False,"['public', 'internal', 'confidential']",False,False,True,False,conditional_allow,0.1.0
property,view_detail,leasing,same,authorized,authorized,authorized,authorized,not_required,not_required,False,"['public', 'internal', 'confidential']",False,False,True,False,conditional_allow,0.1.0
property,view_sensitive_detail,leasing,,,,,,,,,,,,,,deny,0.1.0
property,create,leasing,same,authorized,authorized,authorized,authorized,not_required,not_required,False,"['public', 'internal', 'confidential']",False,False,True,False,conditional_allow,0.1.0
property,edit,leasing,same,authorized,authorized,authorized,authorized,not_required,not_required,False,"['public', 'internal', 'confidential']",False,False,True,False,conditional_allow,0.1.0
property,submit,leasing,same,authorized,authorized,authorized,authorized,not_required,not_required,False,"['public', 'internal', 'confidential']",False,False,True,False,conditional_allow,0.1.0
property,approve,leasing,,,,,,,,,,,,,,deny,0.1.0
property,reject,leasing,,,,,,,,,,,,,,deny,0.1.0
property,assign,leasing,same,authorized,authorized,authorized,authorized,not_required,not_required,False,"['public', 'internal', 'confidential']",False,False,True,False,conditional_allow,0.1.0
property,reassign,leasing,same,authorized,authorized,authorized,authorized,not_required,not_required,False,"['public', 'internal', 'confidential']",False,False,True,False,conditional_allow,0.1.0
property,export,leasing,,,,,,,,,,,,,,deny,0.1.0
property,upload,leasing,same,authorized,authorized,authorized,authorized,not_required,not_required,False,"['public', 'internal', 'confidential']",False,False,True,False,conditional_allow,0.1.0
property,download,leasing,same,authorized,authorized,authorized,authorized,not_required,not_required,False,"['public', 'internal', 'confidential']",False,False,True,False,conditional_allow,0.1.0
property,delete_or_archive,leasing,,,,,,,,,,,,,,deny,0.1.0
property,restore,leasing,,,,,,,,,,,,,,deny,0.1.0
property,adjust_financial_record,leasing,,,,,,,,,,,,,,deny,0.1.0
property,execute_integration_action,leasing,,,,,,,,,,,,,,deny,0.1.0
property,configure_policy,leasing,,,,,,,,,,,,,,deny,0.1.0
property,administer_permissions,leasing,,,,,,,,,,,,,,deny,0.1.0
building,view_list,leasing,same,authorized,authorized,authorized,authorized,not_required,not_required,False,"['public', 'internal', 'confidential']",False,False,True,False,conditional_allow,0.1.0
building,view_detail,leasing,same,authorized,authorized,authorized,authorized,not_required,not_required,False,"['public', 'internal', 'confidential']",False,False,True,False,conditional_allow,0.1.0
building,view_sensitive_detail,leasing,,,,,,,,,,,,,,deny,0.1.0
building,create,leasing,same,authorized,authorized,authorized,authorized,not_required,not_required,False,"['public', 'internal', 'confidential']",False,False,True,False,conditional_allow,0.1.0
building,edit,leasing,same,authorized,authorized,authorized,authorized,not_required,not_required,False,"['public', 'internal', 'confidential']",False,False,True,False,conditional_allow,0.1.0
building,submit,leasing,same,authorized,authorized,authorized,authorized,not_required,not_required,False,"['public', 'internal', 'confidential']",False,False,True,False,conditional_allow,0.1.0
building,approve,leasing,,,,,,,,,,,,,,deny,0.1.0
building,reject,leasing,,,,,,,,,,,,,,deny,0.1.0
building,assign,leasing,same,authorized,authorized,authorized,authorized,not_required,not_required,False,"['public', 'internal', 'confidential']",False,False,True,False,conditional_allow,0.1.0
building,reassign,leasing,same,authorized,authorized,authorized,authorized,not_required,not_required,False,"['public', 'internal', 'confidential']",False,False,True,False,conditional_allow,0.1.0
building,export,leasing,,,,,,,,,,,,,,deny,0.1.0
building,upload,leasing,same,authorized,authorized,authorized,authorized,not_required,not_required,False,"['public', 'internal', 'confidential']",False,False,True,False,conditional_allow,0.1.0
building,download,leasing,same,authorized,authorized,authorized,authorized,not_required,not_required,False,"['public', 'internal', 'confidential']",False,False,True,False,conditional_allow,0.1.0
building,delete_or_archive,leasing,,,,,,,,,,,,,,deny,0.1.0
building,restore,leasing,,,,,,,,,,,,,,deny,0.1.0
building,adjust_financial_record,leasing,,,,,,,,,,,,,,deny,0.1.0
building,execute_integration_action,leasing,,,,,,,,,,,,,,deny,0.1.0
building,configure_policy,leasing,,,,,,,,,,,,,,deny,0.1.0
building,administer_permissions,leasing,,,,,,,,,,,,,,deny,0.1.0
unit,view_list,leasing,same,authorized,authorized,authorized,authorized,not_required,not_required,False,"['public', 'internal', 'confidential']",False,False,True,False,conditional_allow,0.1.0
unit,view_detail,leasing,same,authorized,authorized,authorized,authorized,not_required,not_required,False,"['public', 'internal', 'confidential']",False,False,True,False,conditional_allow,0.1.0
unit,view_sensitive_detail,leasing,,,,,,,,,,,,,,deny,0.1.0
unit,create,leasing,same,authorized,authorized,authorized,authorized,not_required,not_required,False,"['public', 'internal', 'confidential']",False,False,True,False,conditional_allow,0.1.0
unit,edit,leasing,same,authorized,authorized,authorized,authorized,not_required,not_required,False,"['public', 'internal', 'confidential']",False,False,True,False,conditional_allow,0.1.0
unit,submit,leasing,same,authorized,authorized,authorized,authorized,not_required,not_required,False,"['public', 'internal', 'confidential']",False,False,True,False,conditional_allow,0.1.0
unit,approve,leasing,,,,,,,,,,,,,,deny,0.1.0
unit,reject,leasing,,,,,,,,,,,,,,deny,0.1.0
unit,assign,leasing,same,authorized,authorized,authorized,authorized,not_required,not_required,False,"['public', 'internal', 'confidential']",False,False,True,False,conditional_allow,0.1.0
unit,reassign,leasing,same,authorized,authorized,authorized,authorized,not_required,not_required,False,"['public', 'internal', 'confidential']",False,False,True,False,conditional_allow,0.1.0
unit,export,leasing,,,,,,,,,,,,,,deny,0.1.0
unit,upload,leasing,same,authorized,authorized,authorized,authorized,not_required,not_required,False,"['public', 'internal', 'confidential']",False,False,True,False,conditional_allow,0.1.0
unit,download,leasing,same,authorized,authorized,authorized,authorized,not_required,not_required,False,"['public', 'internal', 'confidential']",False,False,True,False,conditional_allow,0.1.0
unit,delete_or_archive,leasing,,,,,,,,,,,,,,deny,0.1.0
unit,restore,leasing,,,,,,,,,,,,,,deny,0.1.0
unit,adjust_financial_record,leasing,,,,,,,,,,,,,,deny,0.1.0
unit,execute_integration_action,leasing,,,,,,,,,,,,,,deny,0.1.0
unit,configure_policy,leasing,,,,,,,,,,,,,,deny,0.1.0
unit,administer_permissions,leasing,,,,,,,,,,,,,,deny,0.1.0
household,view_list,leasing,same,authorized,authorized,authorized,authorized,not_required,not_required,False,"['public', 'internal', 'confidential']",False,False,True,False,conditional_allow,0.1.0
household,view_detail,leasing,same,authorized,authorized,authorized,authorized,not_required,not_required,False,"['public', 'internal', 'confidential']",False,False,True,False,conditional_allow,0.1.0
household,view_sensitive_detail,leasing,,,,,,,,,,,,,,deny,0.1.0
household,create,leasing,same,authorized,authorized,authorized,authorized,not_required,not_required,False,"['public', 'internal', 'confidential']",False,False,True,False,conditional_allow,0.1.0
household,edit,leasing,same,authorized,authorized,authorized,authorized,not_required,not_required,False,"['public', 'internal', 'confidential']",False,False,True,False,conditional_allow,0.1.0
household,submit,leasing,same,authorized,authorized,authorized,authorized,not_required,not_required,False,"['public', 'internal', 'confidential']",False,False,True,False,conditional_allow,0.1.0
household,approve,leasing,,,,,,,,,,,,,,deny,0.1.0
household,reject,leasing,,,,,,,,,,,,,,deny,0.1.0
household,assign,leasing,same,authorized,authorized,authorized,authorized,not_required,not_required,False,"['public', 'internal', 'confidential']",False,False,True,False,conditional_allow,0.1.0
household,reassign,leasing,same,authorized,authorized,authorized,authorized,not_required,not_required,False,"['public', 'internal', 'confidential']",False,False,True,False,conditional_allow,0.1.0
household,export,leasing,,,,,,,,,,,,,,deny,0.1.0
household,upload,leasing,same,authorized,authorized,authorized,authorized,not_required,not_required,False,"['public', 'internal', 'confidential']",False,False,True,False,conditional_allow,0.1.0
household,download,leasing,same,authorized,authorized,authorized,authorized,not_required,not_required,False,"['public', 'internal', 'confidential']",False,False,True,False,conditional_allow,0.1.0
household,delete_or_archive,leasing,,,,,,,,,,,,,,deny,0.1.0
household,restore,leasing,,,,,,,,,,,,,,deny,0.1.0
household,adjust_financial_record,leasing,,,,,,,,,,,,,,deny,0.1.0
household,execute_integration_action,leasing,,,,,,,,,,,,,,deny,0.1.0
household,configure_policy,leasing,,,,,,,,,,,,,,deny,0.1.0
household,administer_permissions,leasing,,,,,,,,,,,,,,deny,0.1.0
person,view_list,leasing,same,authorized,authorized,authorized,authorized,not_required,not_required,False,"['public', 'internal', 'confidential']",False,False,True,False,conditional_allow,0.1.0
person,view_detail,leasing,same,authorized,authorized,authorized,authorized,not_required,not_required,False,"['public', 'internal', 'confidential']",False,False,True,False,conditional_allow,0.1.0
person,view_sensitive_detail,leasing,,,,,,,,,,,,,,deny,0.1.0
person,create,leasing,same,authorized,authorized,authorized,authorized,not_required,not_required,False,"['public', 'internal', 'confidential']",False,False,True,False,conditional_allow,0.1.0
person,edit,leasing,same,authorized,authorized,authorized,authorized,not_required,not_required,False,"['public', 'internal', 'confidential']",False,False,True,False,conditional_allow,0.1.0
person,submit,leasing,same,authorized,authorized,authorized,authorized,not_required,not_required,False,"['public', 'internal', 'confidential']",False,False,True,False,conditional_allow,0.1.0
person,approve,leasing,,,,,,,,,,,,,,deny,0.1.0
person,reject,leasing,,,,,,,,,,,,,,deny,0.1.0
person,assign,leasing,same,authorized,authorized,authorized,authorized,not_required,not_required,False,"['public', 'internal', 'confidential']",False,False,True,False,conditional_allow,0.1.0
person,reassign,leasing,same,authorized,authorized,authorized,authorized,not_required,not_required,False,"['public', 'internal', 'confidential']",False,False,True,False,conditional_allow,0.1.0
person,export,leasing,,,,,,,,,,,,,,deny,0.1.0
person,upload,leasing,same,authorized,authorized,authorized,authorized,not_required,not_required,False,"['public', 'internal', 'confidential']",False,False,True,False,conditional_allow,0.1.0
person,download,leasing,same,authorized,authorized,authorized,authorized,not_required,not_required,False,"['public', 'internal', 'confidential']",False,False,True,False,conditional_allow,0.1.0
person,delete_or_archive,leasing,,,,,,,,,,,,,,deny,0.1.0
person,restore,leasing,,,,,,,,,,,,,,deny,0.1.0
person,adjust_financial_record,leasing,,,,,,,,,,,,,,deny,0.1.0
person,execute_integration_action,leasing,,,,,,,,,,,,,,deny,0.1.0
person,configure_policy,leasing,,,,,,,,,,,,,,deny,0.1.0
person,administer_permissions,leasing,,,,,,,,,,,,,,deny,0.1.0
application,view_list,leasing,same,authorized,authorized,authorized,authorized,not_required,not_required,False,"['public', 'internal', 'confidential']",False,False,True,False,conditional_allow,0.1.0
application,view_detail,leasing,same,authorized,authorized,authorized,authorized,not_required,not_required,False,"['public', 'internal', 'confidential']",False,False,True,False,conditional_allow,0.1.0
application,view_sensitive_detail,leasing,,,,,,,,,,,,,,deny,0.1.0
application,create,leasing,same,authorized,authorized,authorized,authorized,not_required,not_required,False,"['public', 'internal', 'confidential']",False,False,True,False,conditional_allow,0.1.0
application,edit,leasing,same,authorized,authorized,authorized,authorized,not_required,not_required,False,"['public', 'internal', 'confidential']",False,False,True,False,conditional_allow,0.1.0
application,submit,leasing,same,authorized,authorized,authorized,authorized,not_required,not_required,False,"['public', 'internal', 'confidential']",False,False,True,False,conditional_allow,0.1.0
application,approve,leasing,,,,,,,,,,,,,,deny,0.1.0
application,reject,leasing,,,,,,,,,,,,,,deny,0.1.0
application,assign,leasing,same,authorized,authorized,authorized,authorized,not_required,not_required,False,"['public', 'internal', 'confidential']",False,False,True,False,conditional_allow,0.1.0
application,reassign,leasing,same,authorized,authorized,authorized,authorized,not_required,not_required,False,"['public', 'internal', 'confidential']",False,False,True,False,conditional_allow,0.1.0
application,export,leasing,,,,,,,,,,,,,,deny,0.1.0
application,upload,leasing,same,authorized,authorized,authorized,authorized,not_required,not_required,False,"['public', 'internal', 'confidential']",False,False,True,False,conditional_allow,0.1.0
application,download,leasing,same,authorized,authorized,authorized,authorized,not_required,not_required,False,"['public', 'internal', 'confidential']",False,False,True,False,conditional_allow,0.1.0
application,delete_or_archive,leasing,,,,,,,,,,,,,,deny,0.1.0
application,restore,leasing,,,,,,,,,,,,,,deny,0.1.0
application,adjust_financial_record,leasing,,,,,,,,,,,,,,deny,0.1.0
application,execute_integration_action,leasing,,,,,,,,,,,,,,deny,0.1.0
application,configure_policy,leasing,,,,,,,,,,,,,,deny,0.1.0
application,administer_permissions,leasing,,,,,,,,,,,,,,deny,0.1.0
showing,view_list,leasing,same,authorized,authorized,authorized,authorized,not_required,not_required,False,"['public', 'internal', 'confidential']",False,False,True,False,conditional_allow,0.1.0
showing,view_detail,leasing,same,authorized,authorized,authorized,authorized,not_required,not_required,False,"['public', 'internal', 'confidential']",False,False,True,False,conditional_allow,0.1.0
showing,view_sensitive_detail,leasing,,,,,,,,,,,,,,deny,0.1.0
showing,create,leasing,same,authorized,authorized,authorized,authorized,not_required,not_required,False,"['public', 'internal', 'confidential']",False,False,True,False,conditional_allow,0.1.0
showing,edit,leasing,same,authorized,authorized,authorized,authorized,not_required,not_required,False,"['public', 'internal', 'confidential']",False,False,True,False,conditional_allow,0.1.0
showing,submit,leasing,same,authorized,authorized,authorized,authorized,not_required,not_required,False,"['public', 'internal', 'confidential']",False,False,True,False,conditional_allow,0.1.0
showing,approve,leasing,,,,,,,,,,,,,,deny,0.1.0
showing,reject,leasing,,,,,,,,,,,,,,deny,0.1.0
showing,assign,leasing,same,authorized,authorized,authorized,authorized,not_required,not_required,False,"['public', 'internal', 'confidential']",False,False,True,False,conditional_allow,0.1.0
showing,reassign,leasing,same,authorized,authorized,authorized,authorized,not_required,not_required,False,"['public', 'internal', 'confidential']",False,False,True,False,conditional_allow,0.1.0
showing,export,leasing,,,,,,,,,,,,,,deny,0.1.0
showing,upload,leasing,same,authorized,authorized,authorized,authorized,not_required,not_required,False,"['public', 'internal', 'confidential']",False,False,True,False,conditional_allow,0.1.0
showing,download,leasing,same,authorized,authorized,authorized,authorized,not_required,not_required,False,"['public', 'internal', 'confidential']",False,False,True,False,conditional_allow,0.1.0
showing,delete_or_archive,leasing,,,,,,,,,,,,,,deny,0.1.0
showing,restore,leasing,,,,,,,,,,,,,,deny,0.1.0
showing,adjust_financial_record,leasing,,,,,,,,,,,,,,deny,0.1.0
showing,execute_integration_action,leasing,,,,,,,,,,,,,,deny,0.1.0
showing,configure_policy,leasing,,,,,,,,,,,,,,deny,0.1.0
showing,administer_permissions,leasing,,,,,,,,,,,,,,deny,0.1.0
lease,view_list,leasing,same,authorized,authorized,authorized,authorized,not_required,not_required,False,"['public', 'internal', 'confidential']",False,False,True,False,conditional_allow,0.1.0
lease,view_detail,leasing,same,authorized,authorized,authorized,authorized,not_required,not_required,False,"['public', 'internal', 'confidential']",False,False,True,False,conditional_allow,0.1.0
lease,view_sensitive_detail,leasing,,,,,,,,,,,,,,deny,0.1.0
lease,create,leasing,same,authorized,authorized,authorized,authorized,not_required,not_required,False,"['public', 'internal', 'confidential']",False,False,True,False,conditional_allow,0.1.0
lease,edit,leasing,same,authorized,authorized,authorized,authorized,not_required,not_required,False,"['public', 'internal', 'confidential']",False,False,True,False,conditional_allow,0.1.0
lease,submit,leasing,same,authorized,authorized,authorized,authorized,not_required,not_required,False,"['public', 'internal', 'confidential']",False,False,True,False,conditional_allow,0.1.0
lease,approve,leasing,,,,,,,,,,,,,,deny,0.1.0
lease,reject,leasing,,,,,,,,,,,,,,deny,0.1.0
lease,assign,leasing,same,authorized,authorized,authorized,authorized,not_required,not_required,False,"['public', 'internal', 'confidential']",False,False,True,False,conditional_allow,0.1.0
lease,reassign,leasing,same,authorized,authorized,authorized,authorized,not_required,not_required,False,"['public', 'internal', 'confidential']",False,False,True,False,conditional_allow,0.1.0
lease,export,leasing,,,,,,,,,,,,,,deny,0.1.0
lease,upload,leasing,same,authorized,authorized,authorized,authorized,not_required,not_required,False,"['public', 'internal', 'confidential']",False,False,True,False,conditional_allow,0.1.0
lease,download,leasing,same,authorized,authorized,authorized,authorized,not_required,not_required,False,"['public', 'internal', 'confidential']",False,False,True,False,conditional_allow,0.1.0
lease,delete_or_archive,leasing,,,,,,,,,,,,,,deny,0.1.0
lease,restore,leasing,,,,,,,,,,,,,,deny,0.1.0
lease,adjust_financial_record,leasing,,,,,,,,,,,,,,deny,0.1.0
lease,execute_integration_action,leasing,,,,,,,,,,,,,,deny,0.1.0
lease,configure_policy,leasing,,,,,,,,,,,,,,deny,0.1.0
lease,administer_permissions,leasing,,,,,,,,,,,,,,deny,0.1.0
maintenance,view_list,leasing,same,authorized,authorized,authorized,authorized,not_required,not_required,False,"['public', 'internal', 'confidential']",False,False,True,False,conditional_allow,0.1.0
maintenance,view_detail,leasing,same,authorized,authorized,authorized,authorized,not_required,not_required,False,"['public', 'internal', 'confidential']",False,False,True,False,conditional_allow,0.1.0
maintenance,view_sensitive_detail,leasing,,,,,,,,,,,,,,deny,0.1.0
maintenance,create,leasing,same,authorized,authorized,authorized,authorized,not_required,not_required,False,"['public', 'internal', 'confidential']",False,False,True,False,conditional_allow,0.1.0
maintenance,edit,leasing,same,authorized,authorized,authorized,authorized,not_required,not_required,False,"['public', 'internal', 'confidential']",False,False,True,False,conditional_allow,0.1.0
maintenance,submit,leasing,same,authorized,authorized,authorized,authorized,not_required,not_required,False,"['public', 'internal', 'confidential']",False,False,True,False,conditional_allow,0.1.0
maintenance,approve,leasing,,,,,,,,,,,,,,deny,0.1.0
maintenance,reject,leasing,,,,,,,,,,,,,,deny,0.1.0
maintenance,assign,leasing,same,authorized,authorized,authorized,authorized,not_required,not_required,False,"['public', 'internal', 'confidential']",False,False,True,False,conditional_allow,0.1.0
maintenance,reassign,leasing,same,authorized,authorized,authorized,authorized,not_required,not_required,False,"['public', 'internal', 'confidential']",False,False,True,False,conditional_allow,0.1.0
maintenance,export,leasing,,,,,,,,,,,,,,deny,0.1.0
maintenance,upload,leasing,same,authorized,authorized,authorized,authorized,not_required,not_required,False,"['public', 'internal', 'confidential']",False,False,True,False,conditional_allow,0.1.0
maintenance,download,leasing,same,authorized,authorized,authorized,authorized,not_required,not_required,False,"['public', 'internal', 'confidential']",False,False,True,False,conditional_allow,0.1.0
maintenance,delete_or_archive,leasing,,,,,,,,,,,,,,deny,0.1.0
maintenance,restore,leasing,,,,,,,,,,,,,,deny,0.1.0
maintenance,adjust_financial_record,leasing,,,,,,,,,,,,,,deny,0.1.0
maintenance,execute_integration_action,leasing,,,,,,,,,,,,,,deny,0.1.0
maintenance,configure_policy,leasing,,,,,,,,,,,,,,deny,0.1.0
maintenance,administer_permissions,leasing,,,,,,,,,,,,,,deny,0.1.0
assignment,view_list,leasing,same,authorized,authorized,authorized,authorized,not_required,not_required,False,"['public', 'internal', 'confidential']",False,False,True,False,conditional_allow,0.1.0
assignment,view_detail,leasing,same,authorized,authorized,authorized,authorized,not_required,not_required,False,"['public', 'internal', 'confidential']",False,False,True,False,conditional_allow,0.1.0
assignment,view_sensitive_detail,leasing,,,,,,,,,,,,,,deny,0.1.0
assignment,create,leasing,same,authorized,authorized,authorized,authorized,not_required,not_required,False,"['public', 'internal', 'confidential']",False,False,True,False,conditional_allow,0.1.0
assignment,edit,leasing,same,authorized,authorized,authorized,authorized,not_required,not_required,False,"['public', 'internal', 'confidential']",False,False,True,False,conditional_allow,0.1.0
assignment,submit,leasing,same,authorized,authorized,authorized,authorized,not_required,not_required,False,"['public', 'internal', 'confidential']",False,False,True,False,conditional_allow,0.1.0
assignment,approve,leasing,,,,,,,,,,,,,,deny,0.1.0
assignment,reject,leasing,,,,,,,,,,,,,,deny,0.1.0
assignment,assign,leasing,same,authorized,authorized,authorized,authorized,not_required,not_required,False,"['public', 'internal', 'confidential']",False,False,True,False,conditional_allow,0.1.0
assignment,reassign,leasing,same,authorized,authorized,authorized,authorized,not_required,not_required,False,"['public', 'internal', 'confidential']",False,False,True,False,conditional_allow,0.1.0
assignment,export,leasing,,,,,,,,,,,,,,deny,0.1.0
assignment,upload,leasing,same,authorized,authorized,authorized,authorized,not_required,not_required,False,"['public', 'internal', 'confidential']",False,False,True,False,conditional_allow,0.1.0
assignment,download,leasing,same,authorized,authorized,authorized,authorized,not_required,not_required,False,"['public', 'internal', 'confidential']",False,False,True,False,conditional_allow,0.1.0
assignment,delete_or_archive,leasing,,,,,,,,,,,,,,deny,0.1.0
assignment,restore,leasing,,,,,,,,,,,,,,deny,0.1.0
assignment,adjust_financial_record,leasing,,,,,,,,,,,,,,deny,0.1.0
assignment,execute_integration_action,leasing,,,,,,,,,,,,,,deny,0.1.0
assignment,configure_policy,leasing,,,,,,,,,,,,,,deny,0.1.0
assignment,administer_permissions,leasing,,,,,,,,,,,,,,deny,0.1.0
vendor,view_list,leasing,same,authorized,authorized,authorized,authorized,not_required,not_required,False,"['public', 'internal', 'confidential']",False,False,True,False,conditional_allow,0.1.0
vendor,view_detail,leasing,same,authorized,authorized,authorized,authorized,not_required,not_required,False,"['public', 'internal', 'confidential']",False,False,True,False,conditional_allow,0.1.0
vendor,view_sensitive_detail,leasing,,,,,,,,,,,,,,deny,0.1.0
vendor,create,leasing,same,authorized,authorized,authorized,authorized,not_required,not_required,False,"['public', 'internal', 'confidential']",False,False,True,False,conditional_allow,0.1.0
vendor,edit,leasing,same,authorized,authorized,authorized,authorized,not_required,not_required,False,"['public', 'internal', 'confidential']",False,False,True,False,conditional_allow,0.1.0
vendor,submit,leasing,same,authorized,authorized,authorized,authorized,not_required,not_required,False,"['public', 'internal', 'confidential']",False,False,True,False,conditional_allow,0.1.0
vendor,approve,leasing,,,,,,,,,,,,,,deny,0.1.0
vendor,reject,leasing,,,,,,,,,,,,,,deny,0.1.0
vendor,assign,leasing,same,authorized,authorized,authorized,authorized,not_required,not_required,False,"['public', 'internal', 'confidential']",False,False,True,False,conditional_allow,0.1.0
vendor,reassign,leasing,same,authorized,authorized,authorized,authorized,not_required,not_required,False,"['public', 'internal', 'confidential']",False,False,True,False,conditional_allow,0.1.0
vendor,export,leasing,,,,,,,,,,,,,,deny,0.1.0
vendor,upload,leasing,same,authorized,authorized,authorized,authorized,not_required,not_required,False,"['public', 'internal', 'confidential']",False,False,True,False,conditional_allow,0.1.0
vendor,download,leasing,same,authorized,authorized,authorized,authorized,not_required,not_required,False,"['public', 'internal', 'confidential']",False,False,True,False,conditional_allow,0.1.0
vendor,delete_or_archive,leasing,,,,,,,,,,,,,,deny,0.1.0
vendor,restore,leasing,,,,,,,,,,,,,,deny,0.1.0
vendor,adjust_financial_record,leasing,,,,,,,,,,,,,,deny,0.1.0
vendor,execute_integration_action,leasing,,,,,,,,,,,,,,deny,0.1.0
vendor,configure_policy,leasing,,,,,,,,,,,,,,deny,0.1.0
vendor,administer_permissions,leasing,,,,,,,,,,,,,,deny,0.1.0
ledger,view_list,leasing,,,,,,,,,,,,,,deny,0.1.0
ledger,view_detail,leasing,,,,,,,,,,,,,,deny,0.1.0
ledger,view_sensitive_detail,leasing,,,,,,,,,,,,,,deny,0.1.0
ledger,create,leasing,,,,,,,,,,,,,,deny,0.1.0
ledger,edit,leasing,,,,,,,,,,,,,,deny,0.1.0
ledger,submit,leasing,,,,,,,,,,,,,,deny,0.1.0
ledger,approve,leasing,,,,,,,,,,,,,,deny,0.1.0
ledger,reject,leasing,,,,,,,,,,,,,,deny,0.1.0
ledger,assign,leasing,,,,,,,,,,,,,,deny,0.1.0
ledger,reassign,leasing,,,,,,,,,,,,,,deny,0.1.0
ledger,export,leasing,,,,,,,,,,,,,,deny,0.1.0
ledger,upload,leasing,,,,,,,,,,,,,,deny,0.1.0
ledger,download,leasing,,,,,,,,,,,,,,deny,0.1.0
ledger,delete_or_archive,leasing,,,,,,,,,,,,,,deny,0.1.0
ledger,restore,leasing,,,,,,,,,,,,,,deny,0.1.0
ledger,adjust_financial_record,leasing,,,,,,,,,,,,,,deny,0.1.0
ledger,execute_integration_action,leasing,,,,,,,,,,,,,,deny,0.1.0
ledger,configure_policy,leasing,,,,,,,,,,,,,,deny,0.1.0
ledger,administer_permissions,leasing,,,,,,,,,,,,,,deny,0.1.0
payment,view_list,leasing,same,authorized,authorized,authorized,authorized,not_required,not_required,False,"['public', 'internal', 'confidential']",False,False,True,False,conditional_allow,0.1.0
payment,view_detail,leasing,same,authorized,authorized,authorized,authorized,not_required,not_required,False,"['public', 'internal', 'confidential']",False,False,True,False,conditional_allow,0.1.0
payment,view_sensitive_detail,leasing,,,,,,,,,,,,,,deny,0.1.0
payment,create,leasing,,,,,,,,,,,,,,deny,0.1.0
payment,edit,leasing,,,,,,,,,,,,,,deny,0.1.0
payment,submit,leasing,,,,,,,,,,,,,,deny,0.1.0
payment,approve,leasing,,,,,,,,,,,,,,deny,0.1.0
payment,reject,leasing,,,,,,,,,,,,,,deny,0.1.0
payment,assign,leasing,,,,,,,,,,,,,,deny,0.1.0
payment,reassign,leasing,,,,,,,,,,,,,,deny,0.1.0
payment,export,leasing,,,,,,,,,,,,,,deny,0.1.0
payment,upload,leasing,,,,,,,,,,,,,,deny,0.1.0
payment,download,leasing,,,,,,,,,,,,,,deny,0.1.0
payment,delete_or_archive,leasing,,,,,,,,,,,,,,deny,0.1.0
payment,restore,leasing,,,,,,,,,,,,,,deny,0.1.0
payment,adjust_financial_record,leasing,,,,,,,,,,,,,,deny,0.1.0
payment,execute_integration_action,leasing,,,,,,,,,,,,,,deny,0.1.0
payment,configure_policy,leasing,,,,,,,,,,,,,,deny,0.1.0
payment,administer_permissions,leasing,,,,,,,,,,,,,,deny,0.1.0
budget,view_list,leasing,same,authorized,authorized,authorized,authorized,not_required,not_required,False,"['public', 'internal', 'confidential']",False,False,True,False,conditional_allow,0.1.0
budget,view_detail,leasing,same,authorized,authorized,authorized,authorized,not_required,not_required,False,"['public', 'internal', 'confidential']",False,False,True,False,conditional_allow,0.1.0
budget,view_sensitive_detail,leasing,,,,,,,,,,,,,,deny,0.1.0
budget,create,leasing,,,,,,,,,,,,,,deny,0.1.0
budget,edit,leasing,,,,,,,,,,,,,,deny,0.1.0
budget,submit,leasing,,,,,,,,,,,,,,deny,0.1.0
budget,approve,leasing,,,,,,,,,,,,,,deny,0.1.0
budget,reject,leasing,,,,,,,,,,,,,,deny,0.1.0
budget,assign,leasing,,,,,,,,,,,,,,deny,0.1.0
budget,reassign,leasing,,,,,,,,,,,,,,deny,0.1.0
budget,export,leasing,,,,,,,,,,,,,,deny,0.1.0
budget,upload,leasing,,,,,,,,,,,,,,deny,0.1.0
budget,download,leasing,,,,,,,,,,,,,,deny,0.1.0
budget,delete_or_archive,leasing,,,,,,,,,,,,,,deny,0.1.0
budget,restore,leasing,,,,,,,,,,,,,,deny,0.1.0
budget,adjust_financial_record,leasing,,,,,,,,,,,,,,deny,0.1.0
budget,execute_integration_action,leasing,,,,,,,,,,,,,,deny,0.1.0
budget,configure_policy,leasing,,,,,,,,,,,,,,deny,0.1.0
budget,administer_permissions,leasing,,,,,,,,,,,,,,deny,0.1.0
document,view_list,leasing,same,authorized,authorized,authorized,authorized,not_required,not_required,False,"['public', 'internal', 'confidential']",False,False,True,False,conditional_allow,0.1.0
document,view_detail,leasing,same,authorized,authorized,authorized,authorized,not_required,not_required,False,"['public', 'internal', 'confidential']",False,False,True,False,conditional_allow,0.1.0
document,view_sensitive_detail,leasing,,,,,,,,,,,,,,deny,0.1.0
document,create,leasing,same,authorized,authorized,authorized,authorized,not_required,not_required,False,"['public', 'internal', 'confidential']",False,False,True,False,conditional_allow,0.1.0
document,edit,leasing,same,authorized,authorized,authorized,authorized,not_required,not_required,False,"['public', 'internal', 'confidential']",False,False,True,False,conditional_allow,0.1.0
document,submit,leasing,same,authorized,authorized,authorized,authorized,not_required,not_required,False,"['public', 'internal', 'confidential']",False,False,True,False,conditional_allow,0.1.0
document,approve,leasing,,,,,,,,,,,,,,deny,0.1.0
document,reject,leasing,,,,,,,,,,,,,,deny,0.1.0
document,assign,leasing,same,authorized,authorized,authorized,authorized,not_required,not_required,False,"['public', 'internal', 'confidential']",False,False,True,False,conditional_allow,0.1.0
document,reassign,leasing,same,authorized,authorized,authorized,authorized,not_required,not_required,False,"['public', 'internal', 'confidential']",False,False,True,False,conditional_allow,0.1.0
document,export,leasing,,,,,,,,,,,,,,deny,0.1.0
document,upload,leasing,same,authorized,authorized,authorized,authorized,not_required,not_required,False,"['public', 'internal', 'confidential']",False,False,True,False,conditional_allow,0.1.0
document,download,leasing,same,authorized,authorized,authorized,authorized,not_required,not_required,False,"['public', 'internal', 'confidential']",False,False,True,False,conditional_allow,0.1.0
document,delete_or_archive,leasing,,,,,,,,,,,,,,deny,0.1.0
document,restore,leasing,,,,,,,,,,,,,,deny,0.1.0
document,adjust_financial_record,leasing,,,,,,,,,,,,,,deny,0.1.0
document,execute_integration_action,leasing,,,,,,,,,,,,,,deny,0.1.0
document,configure_policy,leasing,,,,,,,,,,,,,,deny,0.1.0
document,administer_permissions,leasing,,,,,,,,,,,,,,deny,0.1.0
restricted_document,view_list,leasing,,,,,,,,,,,,,,deny,0.1.0
restricted_document,view_detail,leasing,,,,,,,,,,,,,,deny,0.1.0
restricted_document,view_sensitive_detail,leasing,,,,,,,,,,,,,,deny,0.1.0
restricted_document,create,leasing,,,,,,,,,,,,,,deny,0.1.0
restricted_document,edit,leasing,,,,,,,,,,,,,,deny,0.1.0
restricted_document,submit,leasing,,,,,,,,,,,,,,deny,0.1.0
restricted_document,approve,leasing,,,,,,,,,,,,,,deny,0.1.0
restricted_document,reject,leasing,,,,,,,,,,,,,,deny,0.1.0
restricted_document,assign,leasing,,,,,,,,,,,,,,deny,0.1.0
restricted_document,reassign,leasing,,,,,,,,,,,,,,deny,0.1.0
restricted_document,export,leasing,,,,,,,,,,,,,,deny,0.1.0
restricted_document,upload,leasing,,,,,,,,,,,,,,deny,0.1.0
restricted_document,download,leasing,,,,,,,,,,,,,,deny,0.1.0
restricted_document,delete_or_archive,leasing,,,,,,,,,,,,,,deny,0.1.0
restricted_document,restore,leasing,,,,,,,,,,,,,,deny,0.1.0
restricted_document,adjust_financial_record,leasing,,,,,,,,,,,,,,deny,0.1.0
restricted_document,execute_integration_action,leasing,,,,,,,,,,,,,,deny,0.1.0
restricted_document,configure_policy,leasing,,,,,,,,,,,,,,deny,0.1.0
restricted_document,administer_permissions,leasing,,,,,,,,,,,,,,deny,0.1.0
screening_report,view_list,leasing,,,,,,,,,,,,,,deny,0.1.0
screening_report,view_detail,leasing,,,,,,,,,,,,,,deny,0.1.0
screening_report,view_sensitive_detail,leasing,,,,,,,,,,,,,,deny,0.1.0
screening_report,create,leasing,,,,,,,,,,,,,,deny,0.1.0
screening_report,edit,leasing,,,,,,,,,,,,,,deny,0.1.0
screening_report,submit,leasing,,,,,,,,,,,,,,deny,0.1.0
screening_report,approve,leasing,,,,,,,,,,,,,,deny,0.1.0
screening_report,reject,leasing,,,,,,,,,,,,,,deny,0.1.0
screening_report,assign,leasing,,,,,,,,,,,,,,deny,0.1.0
screening_report,reassign,leasing,,,,,,,,,,,,,,deny,0.1.0
screening_report,export,leasing,,,,,,,,,,,,,,deny,0.1.0
screening_report,upload,leasing,,,,,,,,,,,,,,deny,0.1.0
screening_report,download,leasing,,,,,,,,,,,,,,deny,0.1.0
screening_report,delete_or_archive,leasing,,,,,,,,,,,,,,deny,0.1.0
screening_report,restore,leasing,,,,,,,,,,,,,,deny,0.1.0
screening_report,adjust_financial_record,leasing,,,,,,,,,,,,,,deny,0.1.0
screening_report,execute_integration_action,leasing,,,,,,,,,,,,,,deny,0.1.0
screening_report,configure_policy,leasing,,,,,,,,,,,,,,deny,0.1.0
screening_report,administer_permissions,leasing,,,,,,,,,,,,,,deny,0.1.0
communication,view_list,leasing,same,authorized,authorized,authorized,authorized,not_required,not_required,False,"['public', 'internal', 'confidential']",False,False,True,False,conditional_allow,0.1.0
communication,view_detail,leasing,same,authorized,authorized,authorized,authorized,not_required,not_required,False,"['public', 'internal', 'confidential']",False,False,True,False,conditional_allow,0.1.0
communication,view_sensitive_detail,leasing,,,,,,,,,,,,,,deny,0.1.0
communication,create,leasing,same,authorized,authorized,authorized,authorized,not_required,not_required,False,"['public', 'internal', 'confidential']",False,False,True,False,conditional_allow,0.1.0
communication,edit,leasing,same,authorized,authorized,authorized,authorized,not_required,not_required,False,"['public', 'internal', 'confidential']",False,False,True,False,conditional_allow,0.1.0
communication,submit,leasing,same,authorized,authorized,authorized,authorized,not_required,not_required,False,"['public', 'internal', 'confidential']",False,False,True,False,conditional_allow,0.1.0
communication,approve,leasing,,,,,,,,,,,,,,deny,0.1.0
communication,reject,leasing,,,,,,,,,,,,,,deny,0.1.0
communication,assign,leasing,same,authorized,authorized,authorized,authorized,not_required,not_required,False,"['public', 'internal', 'confidential']",False,False,True,False,conditional_allow,0.1.0
communication,reassign,leasing,same,authorized,authorized,authorized,authorized,not_required,not_required,False,"['public', 'internal', 'confidential']",False,False,True,False,conditional_allow,0.1.0
communication,export,leasing,,,,,,,,,,,,,,deny,0.1.0
communication,upload,leasing,same,authorized,authorized,authorized,authorized,not_required,not_required,False,"['public', 'internal', 'confidential']",False,False,True,False,conditional_allow,0.1.0
communication,download,leasing,same,authorized,authorized,authorized,authorized,not_required,not_required,False,"['public', 'internal', 'confidential']",False,False,True,False,conditional_allow,0.1.0
communication,delete_or_archive,leasing,,,,,,,,,,,,,,deny,0.1.0
communication,restore,leasing,,,,,,,,,,,,,,deny,0.1.0
communication,adjust_financial_record,leasing,,,,,,,,,,,,,,deny,0.1.0
communication,execute_integration_action,leasing,,,,,,,,,,,,,,deny,0.1.0
communication,configure_policy,leasing,,,,,,,,,,,,,,deny,0.1.0
communication,administer_permissions,leasing,,,,,,,,,,,,,,deny,0.1.0
approval,view_list,leasing,same,authorized,authorized,authorized,authorized,not_required,not_required,False,"['public', 'internal', 'confidential']",False,False,True,False,conditional_allow,0.1.0
approval,view_detail,leasing,same,authorized,authorized,authorized,authorized,not_required,not_required,False,"['public', 'internal', 'confidential']",False,False,True,False,conditional_allow,0.1.0
approval,view_sensitive_detail,leasing,,,,,,,,,,,,,,deny,0.1.0
approval,create,leasing,,,,,,,,,,,,,,deny,0.1.0
approval,edit,leasing,,,,,,,,,,,,,,deny,0.1.0
approval,submit,leasing,,,,,,,,,,,,,,deny,0.1.0
approval,approve,leasing,same,authorized,authorized,authorized,authorized,not_required,not_required,False,"['public', 'internal', 'confidential']",True,True,True,True,conditional_allow,0.1.0
approval,reject,leasing,same,authorized,authorized,authorized,authorized,not_required,not_required,False,"['public', 'internal', 'confidential']",True,True,True,True,conditional_allow,0.1.0
approval,assign,leasing,,,,,,,,,,,,,,deny,0.1.0
approval,reassign,leasing,,,,,,,,,,,,,,deny,0.1.0
approval,export,leasing,,,,,,,,,,,,,,deny,0.1.0
approval,upload,leasing,,,,,,,,,,,,,,deny,0.1.0
approval,download,leasing,,,,,,,,,,,,,,deny,0.1.0
approval,delete_or_archive,leasing,,,,,,,,,,,,,,deny,0.1.0
approval,restore,leasing,,,,,,,,,,,,,,deny,0.1.0
approval,adjust_financial_record,leasing,,,,,,,,,,,,,,deny,0.1.0
approval,execute_integration_action,leasing,,,,,,,,,,,,,,deny,0.1.0
approval,configure_policy,leasing,,,,,,,,,,,,,,deny,0.1.0
approval,administer_permissions,leasing,,,,,,,,,,,,,,deny,0.1.0
delegation,view_list,leasing,,,,,,,,,,,,,,deny,0.1.0
delegation,view_detail,leasing,,,,,,,,,,,,,,deny,0.1.0
delegation,view_sensitive_detail,leasing,,,,,,,,,,,,,,deny,0.1.0
delegation,create,leasing,,,,,,,,,,,,,,deny,0.1.0
delegation,edit,leasing,,,,,,,,,,,,,,deny,0.1.0
delegation,submit,leasing,,,,,,,,,,,,,,deny,0.1.0
delegation,approve,leasing,,,,,,,,,,,,,,deny,0.1.0
delegation,reject,leasing,,,,,,,,,,,,,,deny,0.1.0
delegation,assign,leasing,,,,,,,,,,,,,,deny,0.1.0
delegation,reassign,leasing,,,,,,,,,,,,,,deny,0.1.0
delegation,export,leasing,,,,,,,,,,,,,,deny,0.1.0
delegation,upload,leasing,,,,,,,,,,,,,,deny,0.1.0
delegation,download,leasing,,,,,,,,,,,,,,deny,0.1.0
delegation,delete_or_archive,leasing,,,,,,,,,,,,,,deny,0.1.0
delegation,restore,leasing,,,,,,,,,,,,,,deny,0.1.0
delegation,adjust_financial_record,leasing,,,,,,,,,,,,,,deny,0.1.0
delegation,execute_integration_action,leasing,,,,,,,,,,,,,,deny,0.1.0
delegation,configure_policy,leasing,,,,,,,,,,,,,,deny,0.1.0
delegation,administer_permissions,leasing,,,,,,,,,,,,,,deny,0.1.0
report,view_list,leasing,,,,,,,,,,,,,,deny,0.1.0
report,view_detail,leasing,,,,,,,,,,,,,,deny,0.1.0
report,view_sensitive_detail,leasing,,,,,,,,,,,,,,deny,0.1.0
report,create,leasing,,,,,,,,,,,,,,deny,0.1.0
report,edit,leasing,,,,,,,,,,,,,,deny,0.1.0
report,submit,leasing,,,,,,,,,,,,,,deny,0.1.0
report,approve,leasing,,,,,,,,,,,,,,deny,0.1.0
report,reject,leasing,,,,,,,,,,,,,,deny,0.1.0
report,assign,leasing,,,,,,,,,,,,,,deny,0.1.0
report,reassign,leasing,,,,,,,,,,,,,,deny,0.1.0
report,export,leasing,,,,,,,,,,,,,,deny,0.1.0
report,upload,leasing,,,,,,,,,,,,,,deny,0.1.0
report,download,leasing,,,,,,,,,,,,,,deny,0.1.0
report,delete_or_archive,leasing,,,,,,,,,,,,,,deny,0.1.0
report,restore,leasing,,,,,,,,,,,,,,deny,0.1.0
report,adjust_financial_record,leasing,,,,,,,,,,,,,,deny,0.1.0
report,execute_integration_action,leasing,,,,,,,,,,,,,,deny,0.1.0
report,configure_policy,leasing,,,,,,,,,,,,,,deny,0.1.0
report,administer_permissions,leasing,,,,,,,,,,,,,,deny,0.1.0
audit,view_list,leasing,,,,,,,,,,,,,,deny,0.1.0
audit,view_detail,leasing,,,,,,,,,,,,,,deny,0.1.0
audit,view_sensitive_detail,leasing,,,,,,,,,,,,,,deny,0.1.0
audit,create,leasing,,,,,,,,,,,,,,deny,0.1.0
audit,edit,leasing,,,,,,,,,,,,,,deny,0.1.0
audit,submit,leasing,,,,,,,,,,,,,,deny,0.1.0
audit,approve,leasing,,,,,,,,,,,,,,deny,0.1.0
audit,reject,leasing,,,,,,,,,,,,,,deny,0.1.0
audit,assign,leasing,,,,,,,,,,,,,,deny,0.1.0
audit,reassign,leasing,,,,,,,,,,,,,,deny,0.1.0
audit,export,leasing,,,,,,,,,,,,,,deny,0.1.0
audit,upload,leasing,,,,,,,,,,,,,,deny,0.1.0
audit,download,leasing,,,,,,,,,,,,,,deny,0.1.0
audit,delete_or_archive,leasing,,,,,,,,,,,,,,deny,0.1.0
audit,restore,leasing,,,,,,,,,,,,,,deny,0.1.0
audit,adjust_financial_record,leasing,,,,,,,,,,,,,,deny,0.1.0
audit,execute_integration_action,leasing,,,,,,,,,,,,,,deny,0.1.0
audit,configure_policy,leasing,,,,,,,,,,,,,,deny,0.1.0
audit,administer_permissions,leasing,,,,,,,,,,,,,,deny,0.1.0
integration,view_list,leasing,same,authorized,authorized,authorized,authorized,not_required,not_required,False,"['public', 'internal', 'confidential']",False,False,True,False,conditional_allow,0.1.0
integration,view_detail,leasing,same,authorized,authorized,authorized,authorized,not_required,not_required,False,"['public', 'internal', 'confidential']",False,False,True,False,conditional_allow,0.1.0
integration,view_sensitive_detail,leasing,,,,,,,,,,,,,,deny,0.1.0
integration,create,leasing,,,,,,,,,,,,,,deny,0.1.0
integration,edit,leasing,,,,,,,,,,,,,,deny,0.1.0
integration,submit,leasing,,,,,,,,,,,,,,deny,0.1.0
integration,approve,leasing,,,,,,,,,,,,,,deny,0.1.0
integration,reject,leasing,,,,,,,,,,,,,,deny,0.1.0
integration,assign,leasing,,,,,,,,,,,,,,deny,0.1.0
integration,reassign,leasing,,,,,,,,,,,,,,deny,0.1.0
integration,export,leasing,,,,,,,,,,,,,,deny,0.1.0
integration,upload,leasing,,,,,,,,,,,,,,deny,0.1.0
integration,download,leasing,,,,,,,,,,,,,,deny,0.1.0
integration,delete_or_archive,leasing,,,,,,,,,,,,,,deny,0.1.0
integration,restore,leasing,,,,,,,,,,,,,,deny,0.1.0
integration,adjust_financial_record,leasing,,,,,,,,,,,,,,deny,0.1.0
integration,execute_integration_action,leasing,,,,,,,,,,,,,,deny,0.1.0
integration,configure_policy,leasing,,,,,,,,,,,,,,deny,0.1.0
integration,administer_permissions,leasing,,,,,,,,,,,,,,deny,0.1.0
identity,view_list,leasing,,,,,,,,,,,,,,deny,0.1.0
identity,view_detail,leasing,,,,,,,,,,,,,,deny,0.1.0
identity,view_sensitive_detail,leasing,,,,,,,,,,,,,,deny,0.1.0
identity,create,leasing,,,,,,,,,,,,,,deny,0.1.0
identity,edit,leasing,,,,,,,,,,,,,,deny,0.1.0
identity,submit,leasing,,,,,,,,,,,,,,deny,0.1.0
identity,approve,leasing,,,,,,,,,,,,,,deny,0.1.0
identity,reject,leasing,,,,,,,,,,,,,,deny,0.1.0
identity,assign,leasing,,,,,,,,,,,,,,deny,0.1.0
identity,reassign,leasing,,,,,,,,,,,,,,deny,0.1.0
identity,export,leasing,,,,,,,,,,,,,,deny,0.1.0
identity,upload,leasing,,,,,,,,,,,,,,deny,0.1.0
identity,download,leasing,,,,,,,,,,,,,,deny,0.1.0
identity,delete_or_archive,leasing,,,,,,,,,,,,,,deny,0.1.0
identity,restore,leasing,,,,,,,,,,,,,,deny,0.1.0
identity,adjust_financial_record,leasing,,,,,,,,,,,,,,deny,0.1.0
identity,execute_integration_action,leasing,,,,,,,,,,,,,,deny,0.1.0
identity,configure_policy,leasing,,,,,,,,,,,,,,deny,0.1.0
identity,administer_permissions,leasing,,,,,,,,,,,,,,deny,0.1.0
technical_admin,view_list,leasing,,,,,,,,,,,,,,deny,0.1.0
technical_admin,view_detail,leasing,,,,,,,,,,,,,,deny,0.1.0
technical_admin,view_sensitive_detail,leasing,,,,,,,,,,,,,,deny,0.1.0
technical_admin,create,leasing,,,,,,,,,,,,,,deny,0.1.0
technical_admin,edit,leasing,,,,,,,,,,,,,,deny,0.1.0
technical_admin,submit,leasing,,,,,,,,,,,,,,deny,0.1.0
technical_admin,approve,leasing,,,,,,,,,,,,,,deny,0.1.0
technical_admin,reject,leasing,,,,,,,,,,,,,,deny,0.1.0
technical_admin,assign,leasing,,,,,,,,,,,,,,deny,0.1.0
technical_admin,reassign,leasing,,,,,,,,,,,,,,deny,0.1.0
technical_admin,export,leasing,,,,,,,,,,,,,,deny,0.1.0
technical_admin,upload,leasing,,,,,,,,,,,,,,deny,0.1.0
technical_admin,download,leasing,,,,,,,,,,,,,,deny,0.1.0
technical_admin,delete_or_archive,leasing,,,,,,,,,,,,,,deny,0.1.0
technical_admin,restore,leasing,,,,,,,,,,,,,,deny,0.1.0
technical_admin,adjust_financial_record,leasing,,,,,,,,,,,,,,deny,0.1.0
technical_admin,execute_integration_action,leasing,,,,,,,,,,,,,,deny,0.1.0
technical_admin,configure_policy,leasing,,,,,,,,,,,,,,deny,0.1.0
technical_admin,administer_permissions,leasing,,,,,,,,,,,,,,deny,0.1.0
source_code,view_list,leasing,,,,,,,,,,,,,,deny,0.1.0
source_code,view_detail,leasing,,,,,,,,,,,,,,deny,0.1.0
source_code,view_sensitive_detail,leasing,,,,,,,,,,,,,,deny,0.1.0
source_code,create,leasing,,,,,,,,,,,,,,deny,0.1.0
source_code,edit,leasing,,,,,,,,,,,,,,deny,0.1.0
source_code,submit,leasing,,,,,,,,,,,,,,deny,0.1.0
source_code,approve,leasing,,,,,,,,,,,,,,deny,0.1.0
source_code,reject,leasing,,,,,,,,,,,,,,deny,0.1.0
source_code,assign,leasing,,,,,,,,,,,,,,deny,0.1.0
source_code,reassign,leasing,,,,,,,,,,,,,,deny,0.1.0
source_code,export,leasing,,,,,,,,,,,,,,deny,0.1.0
source_code,upload,leasing,,,,,,,,,,,,,,deny,0.1.0
source_code,download,leasing,,,,,,,,,,,,,,deny,0.1.0
source_code,delete_or_archive,leasing,,,,,,,,,,,,,,deny,0.1.0
source_code,restore,leasing,,,,,,,,,,,,,,deny,0.1.0
source_code,adjust_financial_record,leasing,,,,,,,,,,,,,,deny,0.1.0
source_code,execute_integration_action,leasing,,,,,,,,,,,,,,deny,0.1.0
source_code,configure_policy,leasing,,,,,,,,,,,,,,deny,0.1.0
source_code,administer_permissions,leasing,,,,,,,,,,,,,,deny,0.1.0
database_admin,view_list,leasing,,,,,,,,,,,,,,deny,0.1.0
database_admin,view_detail,leasing,,,,,,,,,,,,,,deny,0.1.0
database_admin,view_sensitive_detail,leasing,,,,,,,,,,,,,,deny,0.1.0
database_admin,create,leasing,,,,,,,,,,,,,,deny,0.1.0
database_admin,edit,leasing,,,,,,,,,,,,,,deny,0.1.0
database_admin,submit,leasing,,,,,,,,,,,,,,deny,0.1.0
database_admin,approve,leasing,,,,,,,,,,,,,,deny,0.1.0
database_admin,reject,leasing,,,,,,,,,,,,,,deny,0.1.0
database_admin,assign,leasing,,,,,,,,,,,,,,deny,0.1.0
database_admin,reassign,leasing,,,,,,,,,,,,,,deny,0.1.0
database_admin,export,leasing,,,,,,,,,,,,,,deny,0.1.0
database_admin,upload,leasing,,,,,,,,,,,,,,deny,0.1.0
database_admin,download,leasing,,,,,,,,,,,,,,deny,0.1.0
database_admin,delete_or_archive,leasing,,,,,,,,,,,,,,deny,0.1.0
database_admin,restore,leasing,,,,,,,,,,,,,,deny,0.1.0
database_admin,adjust_financial_record,leasing,,,,,,,,,,,,,,deny,0.1.0
database_admin,execute_integration_action,leasing,,,,,,,,,,,,,,deny,0.1.0
database_admin,configure_policy,leasing,,,,,,,,,,,,,,deny,0.1.0
database_admin,administer_permissions,leasing,,,,,,,,,,,,,,deny,0.1.0
production_secret,view_list,leasing,,,,,,,,,,,,,,deny,0.1.0
production_secret,view_detail,leasing,,,,,,,,,,,,,,deny,0.1.0
production_secret,view_sensitive_detail,leasing,,,,,,,,,,,,,,deny,0.1.0
production_secret,create,leasing,,,,,,,,,,,,,,deny,0.1.0
production_secret,edit,leasing,,,,,,,,,,,,,,deny,0.1.0
production_secret,submit,leasing,,,,,,,,,,,,,,deny,0.1.0
production_secret,approve,leasing,,,,,,,,,,,,,,deny,0.1.0
production_secret,reject,leasing,,,,,,,,,,,,,,deny,0.1.0
production_secret,assign,leasing,,,,,,,,,,,,,,deny,0.1.0
production_secret,reassign,leasing,,,,,,,,,,,,,,deny,0.1.0
production_secret,export,leasing,,,,,,,,,,,,,,deny,0.1.0
production_secret,upload,leasing,,,,,,,,,,,,,,deny,0.1.0
production_secret,download,leasing,,,,,,,,,,,,,,deny,0.1.0
production_secret,delete_or_archive,leasing,,,,,,,,,,,,,,deny,0.1.0
production_secret,restore,leasing,,,,,,,,,,,,,,deny,0.1.0
production_secret,adjust_financial_record,leasing,,,,,,,,,,,,,,deny,0.1.0
production_secret,execute_integration_action,leasing,,,,,,,,,,,,,,deny,0.1.0
production_secret,configure_policy,leasing,,,,,,,,,,,,,,deny,0.1.0
production_secret,administer_permissions,leasing,,,,,,,,,,,,,,deny,0.1.0
deployment,view_list,leasing,,,,,,,,,,,,,,deny,0.1.0
deployment,view_detail,leasing,,,,,,,,,,,,,,deny,0.1.0
deployment,view_sensitive_detail,leasing,,,,,,,,,,,,,,deny,0.1.0
deployment,create,leasing,,,,,,,,,,,,,,deny,0.1.0
deployment,edit,leasing,,,,,,,,,,,,,,deny,0.1.0
deployment,submit,leasing,,,,,,,,,,,,,,deny,0.1.0
deployment,approve,leasing,,,,,,,,,,,,,,deny,0.1.0
deployment,reject,leasing,,,,,,,,,,,,,,deny,0.1.0
deployment,assign,leasing,,,,,,,,,,,,,,deny,0.1.0
deployment,reassign,leasing,,,,,,,,,,,,,,deny,0.1.0
deployment,export,leasing,,,,,,,,,,,,,,deny,0.1.0
deployment,upload,leasing,,,,,,,,,,,,,,deny,0.1.0
deployment,download,leasing,,,,,,,,,,,,,,deny,0.1.0
deployment,delete_or_archive,leasing,,,,,,,,,,,,,,deny,0.1.0
deployment,restore,leasing,,,,,,,,,,,,,,deny,0.1.0
deployment,adjust_financial_record,leasing,,,,,,,,,,,,,,deny,0.1.0
deployment,execute_integration_action,leasing,,,,,,,,,,,,,,deny,0.1.0
deployment,configure_policy,leasing,,,,,,,,,,,,,,deny,0.1.0
deployment,administer_permissions,leasing,,,,,,,,,,,,,,deny,0.1.0
migration_execution,view_list,leasing,,,,,,,,,,,,,,deny,0.1.0
migration_execution,view_detail,leasing,,,,,,,,,,,,,,deny,0.1.0
migration_execution,view_sensitive_detail,leasing,,,,,,,,,,,,,,deny,0.1.0
migration_execution,create,leasing,,,,,,,,,,,,,,deny,0.1.0
migration_execution,edit,leasing,,,,,,,,,,,,,,deny,0.1.0
migration_execution,submit,leasing,,,,,,,,,,,,,,deny,0.1.0
migration_execution,approve,leasing,,,,,,,,,,,,,,deny,0.1.0
migration_execution,reject,leasing,,,,,,,,,,,,,,deny,0.1.0
migration_execution,assign,leasing,,,,,,,,,,,,,,deny,0.1.0
migration_execution,reassign,leasing,,,,,,,,,,,,,,deny,0.1.0
migration_execution,export,leasing,,,,,,,,,,,,,,deny,0.1.0
migration_execution,upload,leasing,,,,,,,,,,,,,,deny,0.1.0
migration_execution,download,leasing,,,,,,,,,,,,,,deny,0.1.0
migration_execution,delete_or_archive,leasing,,,,,,,,,,,,,,deny,0.1.0
migration_execution,restore,leasing,,,,,,,,,,,,,,deny,0.1.0
migration_execution,adjust_financial_record,leasing,,,,,,,,,,,,,,deny,0.1.0
migration_execution,execute_integration_action,leasing,,,,,,,,,,,,,,deny,0.1.0
migration_execution,configure_policy,leasing,,,,,,,,,,,,,,deny,0.1.0
migration_execution,administer_permissions,leasing,,,,,,,,,,,,,,deny,0.1.0
rls_policy,view_list,leasing,,,,,,,,,,,,,,deny,0.1.0
rls_policy,view_detail,leasing,,,,,,,,,,,,,,deny,0.1.0
rls_policy,view_sensitive_detail,leasing,,,,,,,,,,,,,,deny,0.1.0
rls_policy,create,leasing,,,,,,,,,,,,,,deny,0.1.0
rls_policy,edit,leasing,,,,,,,,,,,,,,deny,0.1.0
rls_policy,submit,leasing,,,,,,,,,,,,,,deny,0.1.0
rls_policy,approve,leasing,,,,,,,,,,,,,,deny,0.1.0
rls_policy,reject,leasing,,,,,,,,,,,,,,deny,0.1.0
rls_policy,assign,leasing,,,,,,,,,,,,,,deny,0.1.0
rls_policy,reassign,leasing,,,,,,,,,,,,,,deny,0.1.0
rls_policy,export,leasing,,,,,,,,,,,,,,deny,0.1.0
rls_policy,upload,leasing,,,,,,,,,,,,,,deny,0.1.0
rls_policy,download,leasing,,,,,,,,,,,,,,deny,0.1.0
rls_policy,delete_or_archive,leasing,,,,,,,,,,,,,,deny,0.1.0
rls_policy,restore,leasing,,,,,,,,,,,,,,deny,0.1.0
rls_policy,adjust_financial_record,leasing,,,,,,,,,,,,,,deny,0.1.0
rls_policy,execute_integration_action,leasing,,,,,,,,,,,,,,deny,0.1.0
rls_policy,configure_policy,leasing,,,,,,,,,,,,,,deny,0.1.0
rls_policy,administer_permissions,leasing,,,,,,,,,,,,,,deny,0.1.0
developer_flag,view_list,leasing,,,,,,,,,,,,,,deny,0.1.0
developer_flag,view_detail,leasing,,,,,,,,,,,,,,deny,0.1.0
developer_flag,view_sensitive_detail,leasing,,,,,,,,,,,,,,deny,0.1.0
developer_flag,create,leasing,,,,,,,,,,,,,,deny,0.1.0
developer_flag,edit,leasing,,,,,,,,,,,,,,deny,0.1.0
developer_flag,submit,leasing,,,,,,,,,,,,,,deny,0.1.0
developer_flag,approve,leasing,,,,,,,,,,,,,,deny,0.1.0
developer_flag,reject,leasing,,,,,,,,,,,,,,deny,0.1.0
developer_flag,assign,leasing,,,,,,,,,,,,,,deny,0.1.0
developer_flag,reassign,leasing,,,,,,,,,,,,,,deny,0.1.0
developer_flag,export,leasing,,,,,,,,,,,,,,deny,0.1.0
developer_flag,upload,leasing,,,,,,,,,,,,,,deny,0.1.0
developer_flag,download,leasing,,,,,,,,,,,,,,deny,0.1.0
developer_flag,delete_or_archive,leasing,,,,,,,,,,,,,,deny,0.1.0
developer_flag,restore,leasing,,,,,,,,,,,,,,deny,0.1.0
developer_flag,adjust_financial_record,leasing,,,,,,,,,,,,,,deny,0.1.0
developer_flag,execute_integration_action,leasing,,,,,,,,,,,,,,deny,0.1.0
developer_flag,configure_policy,leasing,,,,,,,,,,,,,,deny,0.1.0
developer_flag,administer_permissions,leasing,,,,,,,,,,,,,,deny,0.1.0
secret_rotation,view_list,leasing,,,,,,,,,,,,,,deny,0.1.0
secret_rotation,view_detail,leasing,,,,,,,,,,,,,,deny,0.1.0
secret_rotation,view_sensitive_detail,leasing,,,,,,,,,,,,,,deny,0.1.0
secret_rotation,create,leasing,,,,,,,,,,,,,,deny,0.1.0
secret_rotation,edit,leasing,,,,,,,,,,,,,,deny,0.1.0
secret_rotation,submit,leasing,,,,,,,,,,,,,,deny,0.1.0
secret_rotation,approve,leasing,,,,,,,,,,,,,,deny,0.1.0
secret_rotation,reject,leasing,,,,,,,,,,,,,,deny,0.1.0
secret_rotation,assign,leasing,,,,,,,,,,,,,,deny,0.1.0
secret_rotation,reassign,leasing,,,,,,,,,,,,,,deny,0.1.0
secret_rotation,export,leasing,,,,,,,,,,,,,,deny,0.1.0
secret_rotation,upload,leasing,,,,,,,,,,,,,,deny,0.1.0
secret_rotation,download,leasing,,,,,,,,,,,,,,deny,0.1.0
secret_rotation,delete_or_archive,leasing,,,,,,,,,,,,,,deny,0.1.0
secret_rotation,restore,leasing,,,,,,,,,,,,,,deny,0.1.0
secret_rotation,adjust_financial_record,leasing,,,,,,,,,,,,,,deny,0.1.0
secret_rotation,execute_integration_action,leasing,,,,,,,,,,,,,,deny,0.1.0
secret_rotation,configure_policy,leasing,,,,,,,,,,,,,,deny,0.1.0
secret_rotation,administer_permissions,leasing,,,,,,,,,,,,,,deny,0.1.0
support_access,view_list,leasing,,,,,,,,,,,,,,deny,0.1.0
support_access,view_detail,leasing,,,,,,,,,,,,,,deny,0.1.0
support_access,view_sensitive_detail,leasing,,,,,,,,,,,,,,deny,0.1.0
support_access,create,leasing,,,,,,,,,,,,,,deny,0.1.0
support_access,edit,leasing,,,,,,,,,,,,,,deny,0.1.0
support_access,submit,leasing,,,,,,,,,,,,,,deny,0.1.0
support_access,approve,leasing,,,,,,,,,,,,,,deny,0.1.0
support_access,reject,leasing,,,,,,,,,,,,,,deny,0.1.0
support_access,assign,leasing,,,,,,,,,,,,,,deny,0.1.0
support_access,reassign,leasing,,,,,,,,,,,,,,deny,0.1.0
support_access,export,leasing,,,,,,,,,,,,,,deny,0.1.0
support_access,upload,leasing,,,,,,,,,,,,,,deny,0.1.0
support_access,download,leasing,,,,,,,,,,,,,,deny,0.1.0
support_access,delete_or_archive,leasing,,,,,,,,,,,,,,deny,0.1.0
support_access,restore,leasing,,,,,,,,,,,,,,deny,0.1.0
support_access,adjust_financial_record,leasing,,,,,,,,,,,,,,deny,0.1.0
support_access,execute_integration_action,leasing,,,,,,,,,,,,,,deny,0.1.0
support_access,configure_policy,leasing,,,,,,,,,,,,,,deny,0.1.0
support_access,administer_permissions,leasing,,,,,,,,,,,,,,deny,0.1.0
impersonation,view_list,leasing,,,,,,,,,,,,,,deny,0.1.0
impersonation,view_detail,leasing,,,,,,,,,,,,,,deny,0.1.0
impersonation,view_sensitive_detail,leasing,,,,,,,,,,,,,,deny,0.1.0
impersonation,create,leasing,,,,,,,,,,,,,,deny,0.1.0
impersonation,edit,leasing,,,,,,,,,,,,,,deny,0.1.0
impersonation,submit,leasing,,,,,,,,,,,,,,deny,0.1.0
impersonation,approve,leasing,,,,,,,,,,,,,,deny,0.1.0
impersonation,reject,leasing,,,,,,,,,,,,,,deny,0.1.0
impersonation,assign,leasing,,,,,,,,,,,,,,deny,0.1.0
impersonation,reassign,leasing,,,,,,,,,,,,,,deny,0.1.0
impersonation,export,leasing,,,,,,,,,,,,,,deny,0.1.0
impersonation,upload,leasing,,,,,,,,,,,,,,deny,0.1.0
impersonation,download,leasing,,,,,,,,,,,,,,deny,0.1.0
impersonation,delete_or_archive,leasing,,,,,,,,,,,,,,deny,0.1.0
impersonation,restore,leasing,,,,,,,,,,,,,,deny,0.1.0
impersonation,adjust_financial_record,leasing,,,,,,,,,,,,,,deny,0.1.0
impersonation,execute_integration_action,leasing,,,,,,,,,,,,,,deny,0.1.0
impersonation,configure_policy,leasing,,,,,,,,,,,,,,deny,0.1.0
impersonation,administer_permissions,leasing,,,,,,,,,,,,,,deny,0.1.0
organization,view_list,accounting,,,,,,,,,,,,,,deny,0.1.0
organization,view_detail,accounting,,,,,,,,,,,,,,deny,0.1.0
organization,view_sensitive_detail,accounting,,,,,,,,,,,,,,deny,0.1.0
organization,create,accounting,,,,,,,,,,,,,,deny,0.1.0
organization,edit,accounting,,,,,,,,,,,,,,deny,0.1.0
organization,submit,accounting,,,,,,,,,,,,,,deny,0.1.0
organization,approve,accounting,,,,,,,,,,,,,,deny,0.1.0
organization,reject,accounting,,,,,,,,,,,,,,deny,0.1.0
organization,assign,accounting,,,,,,,,,,,,,,deny,0.1.0
organization,reassign,accounting,,,,,,,,,,,,,,deny,0.1.0
organization,export,accounting,,,,,,,,,,,,,,deny,0.1.0
organization,upload,accounting,,,,,,,,,,,,,,deny,0.1.0
organization,download,accounting,,,,,,,,,,,,,,deny,0.1.0
organization,delete_or_archive,accounting,,,,,,,,,,,,,,deny,0.1.0
organization,restore,accounting,,,,,,,,,,,,,,deny,0.1.0
organization,adjust_financial_record,accounting,,,,,,,,,,,,,,deny,0.1.0
organization,execute_integration_action,accounting,,,,,,,,,,,,,,deny,0.1.0
organization,configure_policy,accounting,,,,,,,,,,,,,,deny,0.1.0
organization,administer_permissions,accounting,,,,,,,,,,,,,,deny,0.1.0
ownership_entity,view_list,accounting,,,,,,,,,,,,,,deny,0.1.0
ownership_entity,view_detail,accounting,,,,,,,,,,,,,,deny,0.1.0
ownership_entity,view_sensitive_detail,accounting,,,,,,,,,,,,,,deny,0.1.0
ownership_entity,create,accounting,,,,,,,,,,,,,,deny,0.1.0
ownership_entity,edit,accounting,,,,,,,,,,,,,,deny,0.1.0
ownership_entity,submit,accounting,,,,,,,,,,,,,,deny,0.1.0
ownership_entity,approve,accounting,,,,,,,,,,,,,,deny,0.1.0
ownership_entity,reject,accounting,,,,,,,,,,,,,,deny,0.1.0
ownership_entity,assign,accounting,,,,,,,,,,,,,,deny,0.1.0
ownership_entity,reassign,accounting,,,,,,,,,,,,,,deny,0.1.0
ownership_entity,export,accounting,,,,,,,,,,,,,,deny,0.1.0
ownership_entity,upload,accounting,,,,,,,,,,,,,,deny,0.1.0
ownership_entity,download,accounting,,,,,,,,,,,,,,deny,0.1.0
ownership_entity,delete_or_archive,accounting,,,,,,,,,,,,,,deny,0.1.0
ownership_entity,restore,accounting,,,,,,,,,,,,,,deny,0.1.0
ownership_entity,adjust_financial_record,accounting,,,,,,,,,,,,,,deny,0.1.0
ownership_entity,execute_integration_action,accounting,,,,,,,,,,,,,,deny,0.1.0
ownership_entity,configure_policy,accounting,,,,,,,,,,,,,,deny,0.1.0
ownership_entity,administer_permissions,accounting,,,,,,,,,,,,,,deny,0.1.0
property,view_list,accounting,,,,,,,,,,,,,,deny,0.1.0
property,view_detail,accounting,,,,,,,,,,,,,,deny,0.1.0
property,view_sensitive_detail,accounting,,,,,,,,,,,,,,deny,0.1.0
property,create,accounting,,,,,,,,,,,,,,deny,0.1.0
property,edit,accounting,,,,,,,,,,,,,,deny,0.1.0
property,submit,accounting,,,,,,,,,,,,,,deny,0.1.0
property,approve,accounting,,,,,,,,,,,,,,deny,0.1.0
property,reject,accounting,,,,,,,,,,,,,,deny,0.1.0
property,assign,accounting,,,,,,,,,,,,,,deny,0.1.0
property,reassign,accounting,,,,,,,,,,,,,,deny,0.1.0
property,export,accounting,,,,,,,,,,,,,,deny,0.1.0
property,upload,accounting,,,,,,,,,,,,,,deny,0.1.0
property,download,accounting,,,,,,,,,,,,,,deny,0.1.0
property,delete_or_archive,accounting,,,,,,,,,,,,,,deny,0.1.0
property,restore,accounting,,,,,,,,,,,,,,deny,0.1.0
property,adjust_financial_record,accounting,,,,,,,,,,,,,,deny,0.1.0
property,execute_integration_action,accounting,,,,,,,,,,,,,,deny,0.1.0
property,configure_policy,accounting,,,,,,,,,,,,,,deny,0.1.0
property,administer_permissions,accounting,,,,,,,,,,,,,,deny,0.1.0
building,view_list,accounting,,,,,,,,,,,,,,deny,0.1.0
building,view_detail,accounting,,,,,,,,,,,,,,deny,0.1.0
building,view_sensitive_detail,accounting,,,,,,,,,,,,,,deny,0.1.0
building,create,accounting,,,,,,,,,,,,,,deny,0.1.0
building,edit,accounting,,,,,,,,,,,,,,deny,0.1.0
building,submit,accounting,,,,,,,,,,,,,,deny,0.1.0
building,approve,accounting,,,,,,,,,,,,,,deny,0.1.0
building,reject,accounting,,,,,,,,,,,,,,deny,0.1.0
building,assign,accounting,,,,,,,,,,,,,,deny,0.1.0
building,reassign,accounting,,,,,,,,,,,,,,deny,0.1.0
building,export,accounting,,,,,,,,,,,,,,deny,0.1.0
building,upload,accounting,,,,,,,,,,,,,,deny,0.1.0
building,download,accounting,,,,,,,,,,,,,,deny,0.1.0
building,delete_or_archive,accounting,,,,,,,,,,,,,,deny,0.1.0
building,restore,accounting,,,,,,,,,,,,,,deny,0.1.0
building,adjust_financial_record,accounting,,,,,,,,,,,,,,deny,0.1.0
building,execute_integration_action,accounting,,,,,,,,,,,,,,deny,0.1.0
building,configure_policy,accounting,,,,,,,,,,,,,,deny,0.1.0
building,administer_permissions,accounting,,,,,,,,,,,,,,deny,0.1.0
unit,view_list,accounting,,,,,,,,,,,,,,deny,0.1.0
unit,view_detail,accounting,,,,,,,,,,,,,,deny,0.1.0
unit,view_sensitive_detail,accounting,,,,,,,,,,,,,,deny,0.1.0
unit,create,accounting,,,,,,,,,,,,,,deny,0.1.0
unit,edit,accounting,,,,,,,,,,,,,,deny,0.1.0
unit,submit,accounting,,,,,,,,,,,,,,deny,0.1.0
unit,approve,accounting,,,,,,,,,,,,,,deny,0.1.0
unit,reject,accounting,,,,,,,,,,,,,,deny,0.1.0
unit,assign,accounting,,,,,,,,,,,,,,deny,0.1.0
unit,reassign,accounting,,,,,,,,,,,,,,deny,0.1.0
unit,export,accounting,,,,,,,,,,,,,,deny,0.1.0
unit,upload,accounting,,,,,,,,,,,,,,deny,0.1.0
unit,download,accounting,,,,,,,,,,,,,,deny,0.1.0
unit,delete_or_archive,accounting,,,,,,,,,,,,,,deny,0.1.0
unit,restore,accounting,,,,,,,,,,,,,,deny,0.1.0
unit,adjust_financial_record,accounting,,,,,,,,,,,,,,deny,0.1.0
unit,execute_integration_action,accounting,,,,,,,,,,,,,,deny,0.1.0
unit,configure_policy,accounting,,,,,,,,,,,,,,deny,0.1.0
unit,administer_permissions,accounting,,,,,,,,,,,,,,deny,0.1.0
household,view_list,accounting,,,,,,,,,,,,,,deny,0.1.0
household,view_detail,accounting,,,,,,,,,,,,,,deny,0.1.0
household,view_sensitive_detail,accounting,,,,,,,,,,,,,,deny,0.1.0
household,create,accounting,,,,,,,,,,,,,,deny,0.1.0
household,edit,accounting,,,,,,,,,,,,,,deny,0.1.0
household,submit,accounting,,,,,,,,,,,,,,deny,0.1.0
household,approve,accounting,,,,,,,,,,,,,,deny,0.1.0
household,reject,accounting,,,,,,,,,,,,,,deny,0.1.0
household,assign,accounting,,,,,,,,,,,,,,deny,0.1.0
household,reassign,accounting,,,,,,,,,,,,,,deny,0.1.0
household,export,accounting,,,,,,,,,,,,,,deny,0.1.0
household,upload,accounting,,,,,,,,,,,,,,deny,0.1.0
household,download,accounting,,,,,,,,,,,,,,deny,0.1.0
household,delete_or_archive,accounting,,,,,,,,,,,,,,deny,0.1.0
household,restore,accounting,,,,,,,,,,,,,,deny,0.1.0
household,adjust_financial_record,accounting,,,,,,,,,,,,,,deny,0.1.0
household,execute_integration_action,accounting,,,,,,,,,,,,,,deny,0.1.0
household,configure_policy,accounting,,,,,,,,,,,,,,deny,0.1.0
household,administer_permissions,accounting,,,,,,,,,,,,,,deny,0.1.0
person,view_list,accounting,,,,,,,,,,,,,,deny,0.1.0
person,view_detail,accounting,,,,,,,,,,,,,,deny,0.1.0
person,view_sensitive_detail,accounting,,,,,,,,,,,,,,deny,0.1.0
person,create,accounting,,,,,,,,,,,,,,deny,0.1.0
person,edit,accounting,,,,,,,,,,,,,,deny,0.1.0
person,submit,accounting,,,,,,,,,,,,,,deny,0.1.0
person,approve,accounting,,,,,,,,,,,,,,deny,0.1.0
person,reject,accounting,,,,,,,,,,,,,,deny,0.1.0
person,assign,accounting,,,,,,,,,,,,,,deny,0.1.0
person,reassign,accounting,,,,,,,,,,,,,,deny,0.1.0
person,export,accounting,,,,,,,,,,,,,,deny,0.1.0
person,upload,accounting,,,,,,,,,,,,,,deny,0.1.0
person,download,accounting,,,,,,,,,,,,,,deny,0.1.0
person,delete_or_archive,accounting,,,,,,,,,,,,,,deny,0.1.0
person,restore,accounting,,,,,,,,,,,,,,deny,0.1.0
person,adjust_financial_record,accounting,,,,,,,,,,,,,,deny,0.1.0
person,execute_integration_action,accounting,,,,,,,,,,,,,,deny,0.1.0
person,configure_policy,accounting,,,,,,,,,,,,,,deny,0.1.0
person,administer_permissions,accounting,,,,,,,,,,,,,,deny,0.1.0
application,view_list,accounting,,,,,,,,,,,,,,deny,0.1.0
application,view_detail,accounting,,,,,,,,,,,,,,deny,0.1.0
application,view_sensitive_detail,accounting,,,,,,,,,,,,,,deny,0.1.0
application,create,accounting,,,,,,,,,,,,,,deny,0.1.0
application,edit,accounting,,,,,,,,,,,,,,deny,0.1.0
application,submit,accounting,,,,,,,,,,,,,,deny,0.1.0
application,approve,accounting,,,,,,,,,,,,,,deny,0.1.0
application,reject,accounting,,,,,,,,,,,,,,deny,0.1.0
application,assign,accounting,,,,,,,,,,,,,,deny,0.1.0
application,reassign,accounting,,,,,,,,,,,,,,deny,0.1.0
application,export,accounting,,,,,,,,,,,,,,deny,0.1.0
application,upload,accounting,,,,,,,,,,,,,,deny,0.1.0
application,download,accounting,,,,,,,,,,,,,,deny,0.1.0
application,delete_or_archive,accounting,,,,,,,,,,,,,,deny,0.1.0
application,restore,accounting,,,,,,,,,,,,,,deny,0.1.0
application,adjust_financial_record,accounting,,,,,,,,,,,,,,deny,0.1.0
application,execute_integration_action,accounting,,,,,,,,,,,,,,deny,0.1.0
application,configure_policy,accounting,,,,,,,,,,,,,,deny,0.1.0
application,administer_permissions,accounting,,,,,,,,,,,,,,deny,0.1.0
showing,view_list,accounting,,,,,,,,,,,,,,deny,0.1.0
showing,view_detail,accounting,,,,,,,,,,,,,,deny,0.1.0
showing,view_sensitive_detail,accounting,,,,,,,,,,,,,,deny,0.1.0
showing,create,accounting,,,,,,,,,,,,,,deny,0.1.0
showing,edit,accounting,,,,,,,,,,,,,,deny,0.1.0
showing,submit,accounting,,,,,,,,,,,,,,deny,0.1.0
showing,approve,accounting,,,,,,,,,,,,,,deny,0.1.0
showing,reject,accounting,,,,,,,,,,,,,,deny,0.1.0
showing,assign,accounting,,,,,,,,,,,,,,deny,0.1.0
showing,reassign,accounting,,,,,,,,,,,,,,deny,0.1.0
showing,export,accounting,,,,,,,,,,,,,,deny,0.1.0
showing,upload,accounting,,,,,,,,,,,,,,deny,0.1.0
showing,download,accounting,,,,,,,,,,,,,,deny,0.1.0
showing,delete_or_archive,accounting,,,,,,,,,,,,,,deny,0.1.0
showing,restore,accounting,,,,,,,,,,,,,,deny,0.1.0
showing,adjust_financial_record,accounting,,,,,,,,,,,,,,deny,0.1.0
showing,execute_integration_action,accounting,,,,,,,,,,,,,,deny,0.1.0
showing,configure_policy,accounting,,,,,,,,,,,,,,deny,0.1.0
showing,administer_permissions,accounting,,,,,,,,,,,,,,deny,0.1.0
lease,view_list,accounting,,,,,,,,,,,,,,deny,0.1.0
lease,view_detail,accounting,,,,,,,,,,,,,,deny,0.1.0
lease,view_sensitive_detail,accounting,,,,,,,,,,,,,,deny,0.1.0
lease,create,accounting,,,,,,,,,,,,,,deny,0.1.0
lease,edit,accounting,,,,,,,,,,,,,,deny,0.1.0
lease,submit,accounting,,,,,,,,,,,,,,deny,0.1.0
lease,approve,accounting,,,,,,,,,,,,,,deny,0.1.0
lease,reject,accounting,,,,,,,,,,,,,,deny,0.1.0
lease,assign,accounting,,,,,,,,,,,,,,deny,0.1.0
lease,reassign,accounting,,,,,,,,,,,,,,deny,0.1.0
lease,export,accounting,,,,,,,,,,,,,,deny,0.1.0
lease,upload,accounting,,,,,,,,,,,,,,deny,0.1.0
lease,download,accounting,,,,,,,,,,,,,,deny,0.1.0
lease,delete_or_archive,accounting,,,,,,,,,,,,,,deny,0.1.0
lease,restore,accounting,,,,,,,,,,,,,,deny,0.1.0
lease,adjust_financial_record,accounting,,,,,,,,,,,,,,deny,0.1.0
lease,execute_integration_action,accounting,,,,,,,,,,,,,,deny,0.1.0
lease,configure_policy,accounting,,,,,,,,,,,,,,deny,0.1.0
lease,administer_permissions,accounting,,,,,,,,,,,,,,deny,0.1.0
maintenance,view_list,accounting,,,,,,,,,,,,,,deny,0.1.0
maintenance,view_detail,accounting,,,,,,,,,,,,,,deny,0.1.0
maintenance,view_sensitive_detail,accounting,,,,,,,,,,,,,,deny,0.1.0
maintenance,create,accounting,,,,,,,,,,,,,,deny,0.1.0
maintenance,edit,accounting,,,,,,,,,,,,,,deny,0.1.0
maintenance,submit,accounting,,,,,,,,,,,,,,deny,0.1.0
maintenance,approve,accounting,,,,,,,,,,,,,,deny,0.1.0
maintenance,reject,accounting,,,,,,,,,,,,,,deny,0.1.0
maintenance,assign,accounting,,,,,,,,,,,,,,deny,0.1.0
maintenance,reassign,accounting,,,,,,,,,,,,,,deny,0.1.0
maintenance,export,accounting,,,,,,,,,,,,,,deny,0.1.0
maintenance,upload,accounting,,,,,,,,,,,,,,deny,0.1.0
maintenance,download,accounting,,,,,,,,,,,,,,deny,0.1.0
maintenance,delete_or_archive,accounting,,,,,,,,,,,,,,deny,0.1.0
maintenance,restore,accounting,,,,,,,,,,,,,,deny,0.1.0
maintenance,adjust_financial_record,accounting,,,,,,,,,,,,,,deny,0.1.0
maintenance,execute_integration_action,accounting,,,,,,,,,,,,,,deny,0.1.0
maintenance,configure_policy,accounting,,,,,,,,,,,,,,deny,0.1.0
maintenance,administer_permissions,accounting,,,,,,,,,,,,,,deny,0.1.0
assignment,view_list,accounting,,,,,,,,,,,,,,deny,0.1.0
assignment,view_detail,accounting,,,,,,,,,,,,,,deny,0.1.0
assignment,view_sensitive_detail,accounting,,,,,,,,,,,,,,deny,0.1.0
assignment,create,accounting,,,,,,,,,,,,,,deny,0.1.0
assignment,edit,accounting,,,,,,,,,,,,,,deny,0.1.0
assignment,submit,accounting,,,,,,,,,,,,,,deny,0.1.0
assignment,approve,accounting,,,,,,,,,,,,,,deny,0.1.0
assignment,reject,accounting,,,,,,,,,,,,,,deny,0.1.0
assignment,assign,accounting,,,,,,,,,,,,,,deny,0.1.0
assignment,reassign,accounting,,,,,,,,,,,,,,deny,0.1.0
assignment,export,accounting,,,,,,,,,,,,,,deny,0.1.0
assignment,upload,accounting,,,,,,,,,,,,,,deny,0.1.0
assignment,download,accounting,,,,,,,,,,,,,,deny,0.1.0
assignment,delete_or_archive,accounting,,,,,,,,,,,,,,deny,0.1.0
assignment,restore,accounting,,,,,,,,,,,,,,deny,0.1.0
assignment,adjust_financial_record,accounting,,,,,,,,,,,,,,deny,0.1.0
assignment,execute_integration_action,accounting,,,,,,,,,,,,,,deny,0.1.0
assignment,configure_policy,accounting,,,,,,,,,,,,,,deny,0.1.0
assignment,administer_permissions,accounting,,,,,,,,,,,,,,deny,0.1.0
vendor,view_list,accounting,,,,,,,,,,,,,,deny,0.1.0
vendor,view_detail,accounting,,,,,,,,,,,,,,deny,0.1.0
vendor,view_sensitive_detail,accounting,,,,,,,,,,,,,,deny,0.1.0
vendor,create,accounting,,,,,,,,,,,,,,deny,0.1.0
vendor,edit,accounting,,,,,,,,,,,,,,deny,0.1.0
vendor,submit,accounting,,,,,,,,,,,,,,deny,0.1.0
vendor,approve,accounting,,,,,,,,,,,,,,deny,0.1.0
vendor,reject,accounting,,,,,,,,,,,,,,deny,0.1.0
vendor,assign,accounting,,,,,,,,,,,,,,deny,0.1.0
vendor,reassign,accounting,,,,,,,,,,,,,,deny,0.1.0
vendor,export,accounting,,,,,,,,,,,,,,deny,0.1.0
vendor,upload,accounting,,,,,,,,,,,,,,deny,0.1.0
vendor,download,accounting,,,,,,,,,,,,,,deny,0.1.0
vendor,delete_or_archive,accounting,,,,,,,,,,,,,,deny,0.1.0
vendor,restore,accounting,,,,,,,,,,,,,,deny,0.1.0
vendor,adjust_financial_record,accounting,,,,,,,,,,,,,,deny,0.1.0
vendor,execute_integration_action,accounting,,,,,,,,,,,,,,deny,0.1.0
vendor,configure_policy,accounting,,,,,,,,,,,,,,deny,0.1.0
vendor,administer_permissions,accounting,,,,,,,,,,,,,,deny,0.1.0
ledger,view_list,accounting,same,authorized,authorized,authorized,authorized,not_required,not_required,True,"['public', 'internal', 'confidential']",False,False,True,False,conditional_allow,0.1.0
ledger,view_detail,accounting,same,authorized,authorized,authorized,authorized,not_required,not_required,True,"['public', 'internal', 'confidential']",False,False,True,False,conditional_allow,0.1.0
ledger,view_sensitive_detail,accounting,,,,,,,,,,,,,,deny,0.1.0
ledger,create,accounting,,,,,,,,,,,,,,deny,0.1.0
ledger,edit,accounting,,,,,,,,,,,,,,deny,0.1.0
ledger,submit,accounting,same,authorized,authorized,authorized,authorized,not_required,not_required,True,"['public', 'internal', 'confidential']",False,True,True,True,conditional_allow,0.1.0
ledger,approve,accounting,,,,,,,,,,,,,,deny,0.1.0
ledger,reject,accounting,,,,,,,,,,,,,,deny,0.1.0
ledger,assign,accounting,,,,,,,,,,,,,,deny,0.1.0
ledger,reassign,accounting,,,,,,,,,,,,,,deny,0.1.0
ledger,export,accounting,same,authorized,authorized,authorized,authorized,not_required,not_required,True,"['public', 'internal', 'confidential']",False,False,True,False,conditional_allow,0.1.0
ledger,upload,accounting,,,,,,,,,,,,,,deny,0.1.0
ledger,download,accounting,same,authorized,authorized,authorized,authorized,not_required,not_required,True,"['public', 'internal', 'confidential']",False,False,True,False,conditional_allow,0.1.0
ledger,delete_or_archive,accounting,,,,,,,,,,,,,,deny,0.1.0
ledger,restore,accounting,,,,,,,,,,,,,,deny,0.1.0
ledger,adjust_financial_record,accounting,,,,,,,,,,,,,,deny,0.1.0
ledger,execute_integration_action,accounting,,,,,,,,,,,,,,deny,0.1.0
ledger,configure_policy,accounting,,,,,,,,,,,,,,deny,0.1.0
ledger,administer_permissions,accounting,,,,,,,,,,,,,,deny,0.1.0
payment,view_list,accounting,same,authorized,authorized,authorized,authorized,not_required,not_required,True,"['public', 'internal', 'confidential']",False,False,True,False,conditional_allow,0.1.0
payment,view_detail,accounting,same,authorized,authorized,authorized,authorized,not_required,not_required,True,"['public', 'internal', 'confidential']",False,False,True,False,conditional_allow,0.1.0
payment,view_sensitive_detail,accounting,,,,,,,,,,,,,,deny,0.1.0
payment,create,accounting,,,,,,,,,,,,,,deny,0.1.0
payment,edit,accounting,,,,,,,,,,,,,,deny,0.1.0
payment,submit,accounting,same,authorized,authorized,authorized,authorized,not_required,not_required,True,"['public', 'internal', 'confidential']",False,True,True,True,conditional_allow,0.1.0
payment,approve,accounting,,,,,,,,,,,,,,deny,0.1.0
payment,reject,accounting,,,,,,,,,,,,,,deny,0.1.0
payment,assign,accounting,,,,,,,,,,,,,,deny,0.1.0
payment,reassign,accounting,,,,,,,,,,,,,,deny,0.1.0
payment,export,accounting,same,authorized,authorized,authorized,authorized,not_required,not_required,True,"['public', 'internal', 'confidential']",False,False,True,False,conditional_allow,0.1.0
payment,upload,accounting,,,,,,,,,,,,,,deny,0.1.0
payment,download,accounting,same,authorized,authorized,authorized,authorized,not_required,not_required,True,"['public', 'internal', 'confidential']",False,False,True,False,conditional_allow,0.1.0
payment,delete_or_archive,accounting,,,,,,,,,,,,,,deny,0.1.0
payment,restore,accounting,,,,,,,,,,,,,,deny,0.1.0
payment,adjust_financial_record,accounting,,,,,,,,,,,,,,deny,0.1.0
payment,execute_integration_action,accounting,,,,,,,,,,,,,,deny,0.1.0
payment,configure_policy,accounting,,,,,,,,,,,,,,deny,0.1.0
payment,administer_permissions,accounting,,,,,,,,,,,,,,deny,0.1.0
budget,view_list,accounting,same,authorized,authorized,authorized,authorized,not_required,not_required,True,"['public', 'internal', 'confidential']",False,False,True,False,conditional_allow,0.1.0
budget,view_detail,accounting,same,authorized,authorized,authorized,authorized,not_required,not_required,True,"['public', 'internal', 'confidential']",False,False,True,False,conditional_allow,0.1.0
budget,view_sensitive_detail,accounting,,,,,,,,,,,,,,deny,0.1.0
budget,create,accounting,,,,,,,,,,,,,,deny,0.1.0
budget,edit,accounting,,,,,,,,,,,,,,deny,0.1.0
budget,submit,accounting,,,,,,,,,,,,,,deny,0.1.0
budget,approve,accounting,,,,,,,,,,,,,,deny,0.1.0
budget,reject,accounting,,,,,,,,,,,,,,deny,0.1.0
budget,assign,accounting,,,,,,,,,,,,,,deny,0.1.0
budget,reassign,accounting,,,,,,,,,,,,,,deny,0.1.0
budget,export,accounting,same,authorized,authorized,authorized,authorized,not_required,not_required,True,"['public', 'internal', 'confidential']",False,False,True,False,conditional_allow,0.1.0
budget,upload,accounting,,,,,,,,,,,,,,deny,0.1.0
budget,download,accounting,same,authorized,authorized,authorized,authorized,not_required,not_required,True,"['public', 'internal', 'confidential']",False,False,True,False,conditional_allow,0.1.0
budget,delete_or_archive,accounting,,,,,,,,,,,,,,deny,0.1.0
budget,restore,accounting,,,,,,,,,,,,,,deny,0.1.0
budget,adjust_financial_record,accounting,,,,,,,,,,,,,,deny,0.1.0
budget,execute_integration_action,accounting,,,,,,,,,,,,,,deny,0.1.0
budget,configure_policy,accounting,,,,,,,,,,,,,,deny,0.1.0
budget,administer_permissions,accounting,,,,,,,,,,,,,,deny,0.1.0
document,view_list,accounting,same,authorized,authorized,authorized,authorized,not_required,not_required,True,"['public', 'internal', 'confidential']",False,False,True,False,conditional_allow,0.1.0
document,view_detail,accounting,same,authorized,authorized,authorized,authorized,not_required,not_required,True,"['public', 'internal', 'confidential']",False,False,True,False,conditional_allow,0.1.0
document,view_sensitive_detail,accounting,,,,,,,,,,,,,,deny,0.1.0
document,create,accounting,,,,,,,,,,,,,,deny,0.1.0
document,edit,accounting,,,,,,,,,,,,,,deny,0.1.0
document,submit,accounting,,,,,,,,,,,,,,deny,0.1.0
document,approve,accounting,,,,,,,,,,,,,,deny,0.1.0
document,reject,accounting,,,,,,,,,,,,,,deny,0.1.0
document,assign,accounting,,,,,,,,,,,,,,deny,0.1.0
document,reassign,accounting,,,,,,,,,,,,,,deny,0.1.0
document,export,accounting,same,authorized,authorized,authorized,authorized,not_required,not_required,True,"['public', 'internal', 'confidential']",False,False,True,False,conditional_allow,0.1.0
document,upload,accounting,,,,,,,,,,,,,,deny,0.1.0
document,download,accounting,same,authorized,authorized,authorized,authorized,not_required,not_required,True,"['public', 'internal', 'confidential']",False,False,True,False,conditional_allow,0.1.0
document,delete_or_archive,accounting,,,,,,,,,,,,,,deny,0.1.0
document,restore,accounting,,,,,,,,,,,,,,deny,0.1.0
document,adjust_financial_record,accounting,,,,,,,,,,,,,,deny,0.1.0
document,execute_integration_action,accounting,,,,,,,,,,,,,,deny,0.1.0
document,configure_policy,accounting,,,,,,,,,,,,,,deny,0.1.0
document,administer_permissions,accounting,,,,,,,,,,,,,,deny,0.1.0
restricted_document,view_list,accounting,,,,,,,,,,,,,,deny,0.1.0
restricted_document,view_detail,accounting,,,,,,,,,,,,,,deny,0.1.0
restricted_document,view_sensitive_detail,accounting,,,,,,,,,,,,,,deny,0.1.0
restricted_document,create,accounting,,,,,,,,,,,,,,deny,0.1.0
restricted_document,edit,accounting,,,,,,,,,,,,,,deny,0.1.0
restricted_document,submit,accounting,,,,,,,,,,,,,,deny,0.1.0
restricted_document,approve,accounting,,,,,,,,,,,,,,deny,0.1.0
restricted_document,reject,accounting,,,,,,,,,,,,,,deny,0.1.0
restricted_document,assign,accounting,,,,,,,,,,,,,,deny,0.1.0
restricted_document,reassign,accounting,,,,,,,,,,,,,,deny,0.1.0
restricted_document,export,accounting,,,,,,,,,,,,,,deny,0.1.0
restricted_document,upload,accounting,,,,,,,,,,,,,,deny,0.1.0
restricted_document,download,accounting,,,,,,,,,,,,,,deny,0.1.0
restricted_document,delete_or_archive,accounting,,,,,,,,,,,,,,deny,0.1.0
restricted_document,restore,accounting,,,,,,,,,,,,,,deny,0.1.0
restricted_document,adjust_financial_record,accounting,,,,,,,,,,,,,,deny,0.1.0
restricted_document,execute_integration_action,accounting,,,,,,,,,,,,,,deny,0.1.0
restricted_document,configure_policy,accounting,,,,,,,,,,,,,,deny,0.1.0
restricted_document,administer_permissions,accounting,,,,,,,,,,,,,,deny,0.1.0
screening_report,view_list,accounting,,,,,,,,,,,,,,deny,0.1.0
screening_report,view_detail,accounting,,,,,,,,,,,,,,deny,0.1.0
screening_report,view_sensitive_detail,accounting,,,,,,,,,,,,,,deny,0.1.0
screening_report,create,accounting,,,,,,,,,,,,,,deny,0.1.0
screening_report,edit,accounting,,,,,,,,,,,,,,deny,0.1.0
screening_report,submit,accounting,,,,,,,,,,,,,,deny,0.1.0
screening_report,approve,accounting,,,,,,,,,,,,,,deny,0.1.0
screening_report,reject,accounting,,,,,,,,,,,,,,deny,0.1.0
screening_report,assign,accounting,,,,,,,,,,,,,,deny,0.1.0
screening_report,reassign,accounting,,,,,,,,,,,,,,deny,0.1.0
screening_report,export,accounting,,,,,,,,,,,,,,deny,0.1.0
screening_report,upload,accounting,,,,,,,,,,,,,,deny,0.1.0
screening_report,download,accounting,,,,,,,,,,,,,,deny,0.1.0
screening_report,delete_or_archive,accounting,,,,,,,,,,,,,,deny,0.1.0
screening_report,restore,accounting,,,,,,,,,,,,,,deny,0.1.0
screening_report,adjust_financial_record,accounting,,,,,,,,,,,,,,deny,0.1.0
screening_report,execute_integration_action,accounting,,,,,,,,,,,,,,deny,0.1.0
screening_report,configure_policy,accounting,,,,,,,,,,,,,,deny,0.1.0
screening_report,administer_permissions,accounting,,,,,,,,,,,,,,deny,0.1.0
communication,view_list,accounting,,,,,,,,,,,,,,deny,0.1.0
communication,view_detail,accounting,,,,,,,,,,,,,,deny,0.1.0
communication,view_sensitive_detail,accounting,,,,,,,,,,,,,,deny,0.1.0
communication,create,accounting,,,,,,,,,,,,,,deny,0.1.0
communication,edit,accounting,,,,,,,,,,,,,,deny,0.1.0
communication,submit,accounting,,,,,,,,,,,,,,deny,0.1.0
communication,approve,accounting,,,,,,,,,,,,,,deny,0.1.0
communication,reject,accounting,,,,,,,,,,,,,,deny,0.1.0
communication,assign,accounting,,,,,,,,,,,,,,deny,0.1.0
communication,reassign,accounting,,,,,,,,,,,,,,deny,0.1.0
communication,export,accounting,,,,,,,,,,,,,,deny,0.1.0
communication,upload,accounting,,,,,,,,,,,,,,deny,0.1.0
communication,download,accounting,,,,,,,,,,,,,,deny,0.1.0
communication,delete_or_archive,accounting,,,,,,,,,,,,,,deny,0.1.0
communication,restore,accounting,,,,,,,,,,,,,,deny,0.1.0
communication,adjust_financial_record,accounting,,,,,,,,,,,,,,deny,0.1.0
communication,execute_integration_action,accounting,,,,,,,,,,,,,,deny,0.1.0
communication,configure_policy,accounting,,,,,,,,,,,,,,deny,0.1.0
communication,administer_permissions,accounting,,,,,,,,,,,,,,deny,0.1.0
approval,view_list,accounting,,,,,,,,,,,,,,deny,0.1.0
approval,view_detail,accounting,,,,,,,,,,,,,,deny,0.1.0
approval,view_sensitive_detail,accounting,,,,,,,,,,,,,,deny,0.1.0
approval,create,accounting,,,,,,,,,,,,,,deny,0.1.0
approval,edit,accounting,,,,,,,,,,,,,,deny,0.1.0
approval,submit,accounting,,,,,,,,,,,,,,deny,0.1.0
approval,approve,accounting,,,,,,,,,,,,,,deny,0.1.0
approval,reject,accounting,,,,,,,,,,,,,,deny,0.1.0
approval,assign,accounting,,,,,,,,,,,,,,deny,0.1.0
approval,reassign,accounting,,,,,,,,,,,,,,deny,0.1.0
approval,export,accounting,,,,,,,,,,,,,,deny,0.1.0
approval,upload,accounting,,,,,,,,,,,,,,deny,0.1.0
approval,download,accounting,,,,,,,,,,,,,,deny,0.1.0
approval,delete_or_archive,accounting,,,,,,,,,,,,,,deny,0.1.0
approval,restore,accounting,,,,,,,,,,,,,,deny,0.1.0
approval,adjust_financial_record,accounting,,,,,,,,,,,,,,deny,0.1.0
approval,execute_integration_action,accounting,,,,,,,,,,,,,,deny,0.1.0
approval,configure_policy,accounting,,,,,,,,,,,,,,deny,0.1.0
approval,administer_permissions,accounting,,,,,,,,,,,,,,deny,0.1.0
delegation,view_list,accounting,,,,,,,,,,,,,,deny,0.1.0
delegation,view_detail,accounting,,,,,,,,,,,,,,deny,0.1.0
delegation,view_sensitive_detail,accounting,,,,,,,,,,,,,,deny,0.1.0
delegation,create,accounting,,,,,,,,,,,,,,deny,0.1.0
delegation,edit,accounting,,,,,,,,,,,,,,deny,0.1.0
delegation,submit,accounting,,,,,,,,,,,,,,deny,0.1.0
delegation,approve,accounting,,,,,,,,,,,,,,deny,0.1.0
delegation,reject,accounting,,,,,,,,,,,,,,deny,0.1.0
delegation,assign,accounting,,,,,,,,,,,,,,deny,0.1.0
delegation,reassign,accounting,,,,,,,,,,,,,,deny,0.1.0
delegation,export,accounting,,,,,,,,,,,,,,deny,0.1.0
delegation,upload,accounting,,,,,,,,,,,,,,deny,0.1.0
delegation,download,accounting,,,,,,,,,,,,,,deny,0.1.0
delegation,delete_or_archive,accounting,,,,,,,,,,,,,,deny,0.1.0
delegation,restore,accounting,,,,,,,,,,,,,,deny,0.1.0
delegation,adjust_financial_record,accounting,,,,,,,,,,,,,,deny,0.1.0
delegation,execute_integration_action,accounting,,,,,,,,,,,,,,deny,0.1.0
delegation,configure_policy,accounting,,,,,,,,,,,,,,deny,0.1.0
delegation,administer_permissions,accounting,,,,,,,,,,,,,,deny,0.1.0
report,view_list,accounting,same,authorized,authorized,authorized,authorized,not_required,not_required,True,"['public', 'internal', 'confidential']",False,False,True,False,conditional_allow,0.1.0
report,view_detail,accounting,same,authorized,authorized,authorized,authorized,not_required,not_required,True,"['public', 'internal', 'confidential']",False,False,True,False,conditional_allow,0.1.0
report,view_sensitive_detail,accounting,,,,,,,,,,,,,,deny,0.1.0
report,create,accounting,,,,,,,,,,,,,,deny,0.1.0
report,edit,accounting,,,,,,,,,,,,,,deny,0.1.0
report,submit,accounting,,,,,,,,,,,,,,deny,0.1.0
report,approve,accounting,,,,,,,,,,,,,,deny,0.1.0
report,reject,accounting,,,,,,,,,,,,,,deny,0.1.0
report,assign,accounting,,,,,,,,,,,,,,deny,0.1.0
report,reassign,accounting,,,,,,,,,,,,,,deny,0.1.0
report,export,accounting,same,authorized,authorized,authorized,authorized,not_required,not_required,True,"['public', 'internal', 'confidential']",False,False,True,False,conditional_allow,0.1.0
report,upload,accounting,,,,,,,,,,,,,,deny,0.1.0
report,download,accounting,same,authorized,authorized,authorized,authorized,not_required,not_required,True,"['public', 'internal', 'confidential']",False,False,True,False,conditional_allow,0.1.0
report,delete_or_archive,accounting,,,,,,,,,,,,,,deny,0.1.0
report,restore,accounting,,,,,,,,,,,,,,deny,0.1.0
report,adjust_financial_record,accounting,,,,,,,,,,,,,,deny,0.1.0
report,execute_integration_action,accounting,,,,,,,,,,,,,,deny,0.1.0
report,configure_policy,accounting,,,,,,,,,,,,,,deny,0.1.0
report,administer_permissions,accounting,,,,,,,,,,,,,,deny,0.1.0
audit,view_list,accounting,,,,,,,,,,,,,,deny,0.1.0
audit,view_detail,accounting,,,,,,,,,,,,,,deny,0.1.0
audit,view_sensitive_detail,accounting,,,,,,,,,,,,,,deny,0.1.0
audit,create,accounting,,,,,,,,,,,,,,deny,0.1.0
audit,edit,accounting,,,,,,,,,,,,,,deny,0.1.0
audit,submit,accounting,,,,,,,,,,,,,,deny,0.1.0
audit,approve,accounting,,,,,,,,,,,,,,deny,0.1.0
audit,reject,accounting,,,,,,,,,,,,,,deny,0.1.0
audit,assign,accounting,,,,,,,,,,,,,,deny,0.1.0
audit,reassign,accounting,,,,,,,,,,,,,,deny,0.1.0
audit,export,accounting,,,,,,,,,,,,,,deny,0.1.0
audit,upload,accounting,,,,,,,,,,,,,,deny,0.1.0
audit,download,accounting,,,,,,,,,,,,,,deny,0.1.0
audit,delete_or_archive,accounting,,,,,,,,,,,,,,deny,0.1.0
audit,restore,accounting,,,,,,,,,,,,,,deny,0.1.0
audit,adjust_financial_record,accounting,,,,,,,,,,,,,,deny,0.1.0
audit,execute_integration_action,accounting,,,,,,,,,,,,,,deny,0.1.0
audit,configure_policy,accounting,,,,,,,,,,,,,,deny,0.1.0
audit,administer_permissions,accounting,,,,,,,,,,,,,,deny,0.1.0
integration,view_list,accounting,,,,,,,,,,,,,,deny,0.1.0
integration,view_detail,accounting,,,,,,,,,,,,,,deny,0.1.0
integration,view_sensitive_detail,accounting,,,,,,,,,,,,,,deny,0.1.0
integration,create,accounting,,,,,,,,,,,,,,deny,0.1.0
integration,edit,accounting,,,,,,,,,,,,,,deny,0.1.0
integration,submit,accounting,,,,,,,,,,,,,,deny,0.1.0
integration,approve,accounting,,,,,,,,,,,,,,deny,0.1.0
integration,reject,accounting,,,,,,,,,,,,,,deny,0.1.0
integration,assign,accounting,,,,,,,,,,,,,,deny,0.1.0
integration,reassign,accounting,,,,,,,,,,,,,,deny,0.1.0
integration,export,accounting,,,,,,,,,,,,,,deny,0.1.0
integration,upload,accounting,,,,,,,,,,,,,,deny,0.1.0
integration,download,accounting,,,,,,,,,,,,,,deny,0.1.0
integration,delete_or_archive,accounting,,,,,,,,,,,,,,deny,0.1.0
integration,restore,accounting,,,,,,,,,,,,,,deny,0.1.0
integration,adjust_financial_record,accounting,,,,,,,,,,,,,,deny,0.1.0
integration,execute_integration_action,accounting,,,,,,,,,,,,,,deny,0.1.0
integration,configure_policy,accounting,,,,,,,,,,,,,,deny,0.1.0
integration,administer_permissions,accounting,,,,,,,,,,,,,,deny,0.1.0
identity,view_list,accounting,,,,,,,,,,,,,,deny,0.1.0
identity,view_detail,accounting,,,,,,,,,,,,,,deny,0.1.0
identity,view_sensitive_detail,accounting,,,,,,,,,,,,,,deny,0.1.0
identity,create,accounting,,,,,,,,,,,,,,deny,0.1.0
identity,edit,accounting,,,,,,,,,,,,,,deny,0.1.0
identity,submit,accounting,,,,,,,,,,,,,,deny,0.1.0
identity,approve,accounting,,,,,,,,,,,,,,deny,0.1.0
identity,reject,accounting,,,,,,,,,,,,,,deny,0.1.0
identity,assign,accounting,,,,,,,,,,,,,,deny,0.1.0
identity,reassign,accounting,,,,,,,,,,,,,,deny,0.1.0
identity,export,accounting,,,,,,,,,,,,,,deny,0.1.0
identity,upload,accounting,,,,,,,,,,,,,,deny,0.1.0
identity,download,accounting,,,,,,,,,,,,,,deny,0.1.0
identity,delete_or_archive,accounting,,,,,,,,,,,,,,deny,0.1.0
identity,restore,accounting,,,,,,,,,,,,,,deny,0.1.0
identity,adjust_financial_record,accounting,,,,,,,,,,,,,,deny,0.1.0
identity,execute_integration_action,accounting,,,,,,,,,,,,,,deny,0.1.0
identity,configure_policy,accounting,,,,,,,,,,,,,,deny,0.1.0
identity,administer_permissions,accounting,,,,,,,,,,,,,,deny,0.1.0
technical_admin,view_list,accounting,,,,,,,,,,,,,,deny,0.1.0
technical_admin,view_detail,accounting,,,,,,,,,,,,,,deny,0.1.0
technical_admin,view_sensitive_detail,accounting,,,,,,,,,,,,,,deny,0.1.0
technical_admin,create,accounting,,,,,,,,,,,,,,deny,0.1.0
technical_admin,edit,accounting,,,,,,,,,,,,,,deny,0.1.0
technical_admin,submit,accounting,,,,,,,,,,,,,,deny,0.1.0
technical_admin,approve,accounting,,,,,,,,,,,,,,deny,0.1.0
technical_admin,reject,accounting,,,,,,,,,,,,,,deny,0.1.0
technical_admin,assign,accounting,,,,,,,,,,,,,,deny,0.1.0
technical_admin,reassign,accounting,,,,,,,,,,,,,,deny,0.1.0
technical_admin,export,accounting,,,,,,,,,,,,,,deny,0.1.0
technical_admin,upload,accounting,,,,,,,,,,,,,,deny,0.1.0
technical_admin,download,accounting,,,,,,,,,,,,,,deny,0.1.0
technical_admin,delete_or_archive,accounting,,,,,,,,,,,,,,deny,0.1.0
technical_admin,restore,accounting,,,,,,,,,,,,,,deny,0.1.0
technical_admin,adjust_financial_record,accounting,,,,,,,,,,,,,,deny,0.1.0
technical_admin,execute_integration_action,accounting,,,,,,,,,,,,,,deny,0.1.0
technical_admin,configure_policy,accounting,,,,,,,,,,,,,,deny,0.1.0
technical_admin,administer_permissions,accounting,,,,,,,,,,,,,,deny,0.1.0
source_code,view_list,accounting,,,,,,,,,,,,,,deny,0.1.0
source_code,view_detail,accounting,,,,,,,,,,,,,,deny,0.1.0
source_code,view_sensitive_detail,accounting,,,,,,,,,,,,,,deny,0.1.0
source_code,create,accounting,,,,,,,,,,,,,,deny,0.1.0
source_code,edit,accounting,,,,,,,,,,,,,,deny,0.1.0
source_code,submit,accounting,,,,,,,,,,,,,,deny,0.1.0
source_code,approve,accounting,,,,,,,,,,,,,,deny,0.1.0
source_code,reject,accounting,,,,,,,,,,,,,,deny,0.1.0
source_code,assign,accounting,,,,,,,,,,,,,,deny,0.1.0
source_code,reassign,accounting,,,,,,,,,,,,,,deny,0.1.0
source_code,export,accounting,,,,,,,,,,,,,,deny,0.1.0
source_code,upload,accounting,,,,,,,,,,,,,,deny,0.1.0
source_code,download,accounting,,,,,,,,,,,,,,deny,0.1.0
source_code,delete_or_archive,accounting,,,,,,,,,,,,,,deny,0.1.0
source_code,restore,accounting,,,,,,,,,,,,,,deny,0.1.0
source_code,adjust_financial_record,accounting,,,,,,,,,,,,,,deny,0.1.0
source_code,execute_integration_action,accounting,,,,,,,,,,,,,,deny,0.1.0
source_code,configure_policy,accounting,,,,,,,,,,,,,,deny,0.1.0
source_code,administer_permissions,accounting,,,,,,,,,,,,,,deny,0.1.0
database_admin,view_list,accounting,,,,,,,,,,,,,,deny,0.1.0
database_admin,view_detail,accounting,,,,,,,,,,,,,,deny,0.1.0
database_admin,view_sensitive_detail,accounting,,,,,,,,,,,,,,deny,0.1.0
database_admin,create,accounting,,,,,,,,,,,,,,deny,0.1.0
database_admin,edit,accounting,,,,,,,,,,,,,,deny,0.1.0
database_admin,submit,accounting,,,,,,,,,,,,,,deny,0.1.0
database_admin,approve,accounting,,,,,,,,,,,,,,deny,0.1.0
database_admin,reject,accounting,,,,,,,,,,,,,,deny,0.1.0
database_admin,assign,accounting,,,,,,,,,,,,,,deny,0.1.0
database_admin,reassign,accounting,,,,,,,,,,,,,,deny,0.1.0
database_admin,export,accounting,,,,,,,,,,,,,,deny,0.1.0
database_admin,upload,accounting,,,,,,,,,,,,,,deny,0.1.0
database_admin,download,accounting,,,,,,,,,,,,,,deny,0.1.0
database_admin,delete_or_archive,accounting,,,,,,,,,,,,,,deny,0.1.0
database_admin,restore,accounting,,,,,,,,,,,,,,deny,0.1.0
database_admin,adjust_financial_record,accounting,,,,,,,,,,,,,,deny,0.1.0
database_admin,execute_integration_action,accounting,,,,,,,,,,,,,,deny,0.1.0
database_admin,configure_policy,accounting,,,,,,,,,,,,,,deny,0.1.0
database_admin,administer_permissions,accounting,,,,,,,,,,,,,,deny,0.1.0
production_secret,view_list,accounting,,,,,,,,,,,,,,deny,0.1.0
production_secret,view_detail,accounting,,,,,,,,,,,,,,deny,0.1.0
production_secret,view_sensitive_detail,accounting,,,,,,,,,,,,,,deny,0.1.0
production_secret,create,accounting,,,,,,,,,,,,,,deny,0.1.0
production_secret,edit,accounting,,,,,,,,,,,,,,deny,0.1.0
production_secret,submit,accounting,,,,,,,,,,,,,,deny,0.1.0
production_secret,approve,accounting,,,,,,,,,,,,,,deny,0.1.0
production_secret,reject,accounting,,,,,,,,,,,,,,deny,0.1.0
production_secret,assign,accounting,,,,,,,,,,,,,,deny,0.1.0
production_secret,reassign,accounting,,,,,,,,,,,,,,deny,0.1.0
production_secret,export,accounting,,,,,,,,,,,,,,deny,0.1.0
production_secret,upload,accounting,,,,,,,,,,,,,,deny,0.1.0
production_secret,download,accounting,,,,,,,,,,,,,,deny,0.1.0
production_secret,delete_or_archive,accounting,,,,,,,,,,,,,,deny,0.1.0
production_secret,restore,accounting,,,,,,,,,,,,,,deny,0.1.0
production_secret,adjust_financial_record,accounting,,,,,,,,,,,,,,deny,0.1.0
production_secret,execute_integration_action,accounting,,,,,,,,,,,,,,deny,0.1.0
production_secret,configure_policy,accounting,,,,,,,,,,,,,,deny,0.1.0
production_secret,administer_permissions,accounting,,,,,,,,,,,,,,deny,0.1.0
deployment,view_list,accounting,,,,,,,,,,,,,,deny,0.1.0
deployment,view_detail,accounting,,,,,,,,,,,,,,deny,0.1.0
deployment,view_sensitive_detail,accounting,,,,,,,,,,,,,,deny,0.1.0
deployment,create,accounting,,,,,,,,,,,,,,deny,0.1.0
deployment,edit,accounting,,,,,,,,,,,,,,deny,0.1.0
deployment,submit,accounting,,,,,,,,,,,,,,deny,0.1.0
deployment,approve,accounting,,,,,,,,,,,,,,deny,0.1.0
deployment,reject,accounting,,,,,,,,,,,,,,deny,0.1.0
deployment,assign,accounting,,,,,,,,,,,,,,deny,0.1.0
deployment,reassign,accounting,,,,,,,,,,,,,,deny,0.1.0
deployment,export,accounting,,,,,,,,,,,,,,deny,0.1.0
deployment,upload,accounting,,,,,,,,,,,,,,deny,0.1.0
deployment,download,accounting,,,,,,,,,,,,,,deny,0.1.0
deployment,delete_or_archive,accounting,,,,,,,,,,,,,,deny,0.1.0
deployment,restore,accounting,,,,,,,,,,,,,,deny,0.1.0
deployment,adjust_financial_record,accounting,,,,,,,,,,,,,,deny,0.1.0
deployment,execute_integration_action,accounting,,,,,,,,,,,,,,deny,0.1.0
deployment,configure_policy,accounting,,,,,,,,,,,,,,deny,0.1.0
deployment,administer_permissions,accounting,,,,,,,,,,,,,,deny,0.1.0
migration_execution,view_list,accounting,,,,,,,,,,,,,,deny,0.1.0
migration_execution,view_detail,accounting,,,,,,,,,,,,,,deny,0.1.0
migration_execution,view_sensitive_detail,accounting,,,,,,,,,,,,,,deny,0.1.0
migration_execution,create,accounting,,,,,,,,,,,,,,deny,0.1.0
migration_execution,edit,accounting,,,,,,,,,,,,,,deny,0.1.0
migration_execution,submit,accounting,,,,,,,,,,,,,,deny,0.1.0
migration_execution,approve,accounting,,,,,,,,,,,,,,deny,0.1.0
migration_execution,reject,accounting,,,,,,,,,,,,,,deny,0.1.0
migration_execution,assign,accounting,,,,,,,,,,,,,,deny,0.1.0
migration_execution,reassign,accounting,,,,,,,,,,,,,,deny,0.1.0
migration_execution,export,accounting,,,,,,,,,,,,,,deny,0.1.0
migration_execution,upload,accounting,,,,,,,,,,,,,,deny,0.1.0
migration_execution,download,accounting,,,,,,,,,,,,,,deny,0.1.0
migration_execution,delete_or_archive,accounting,,,,,,,,,,,,,,deny,0.1.0
migration_execution,restore,accounting,,,,,,,,,,,,,,deny,0.1.0
migration_execution,adjust_financial_record,accounting,,,,,,,,,,,,,,deny,0.1.0
migration_execution,execute_integration_action,accounting,,,,,,,,,,,,,,deny,0.1.0
migration_execution,configure_policy,accounting,,,,,,,,,,,,,,deny,0.1.0
migration_execution,administer_permissions,accounting,,,,,,,,,,,,,,deny,0.1.0
rls_policy,view_list,accounting,,,,,,,,,,,,,,deny,0.1.0
rls_policy,view_detail,accounting,,,,,,,,,,,,,,deny,0.1.0
rls_policy,view_sensitive_detail,accounting,,,,,,,,,,,,,,deny,0.1.0
rls_policy,create,accounting,,,,,,,,,,,,,,deny,0.1.0
rls_policy,edit,accounting,,,,,,,,,,,,,,deny,0.1.0
rls_policy,submit,accounting,,,,,,,,,,,,,,deny,0.1.0
rls_policy,approve,accounting,,,,,,,,,,,,,,deny,0.1.0
rls_policy,reject,accounting,,,,,,,,,,,,,,deny,0.1.0
rls_policy,assign,accounting,,,,,,,,,,,,,,deny,0.1.0
rls_policy,reassign,accounting,,,,,,,,,,,,,,deny,0.1.0
rls_policy,export,accounting,,,,,,,,,,,,,,deny,0.1.0
rls_policy,upload,accounting,,,,,,,,,,,,,,deny,0.1.0
rls_policy,download,accounting,,,,,,,,,,,,,,deny,0.1.0
rls_policy,delete_or_archive,accounting,,,,,,,,,,,,,,deny,0.1.0
rls_policy,restore,accounting,,,,,,,,,,,,,,deny,0.1.0
rls_policy,adjust_financial_record,accounting,,,,,,,,,,,,,,deny,0.1.0
rls_policy,execute_integration_action,accounting,,,,,,,,,,,,,,deny,0.1.0
rls_policy,configure_policy,accounting,,,,,,,,,,,,,,deny,0.1.0
rls_policy,administer_permissions,accounting,,,,,,,,,,,,,,deny,0.1.0
developer_flag,view_list,accounting,,,,,,,,,,,,,,deny,0.1.0
developer_flag,view_detail,accounting,,,,,,,,,,,,,,deny,0.1.0
developer_flag,view_sensitive_detail,accounting,,,,,,,,,,,,,,deny,0.1.0
developer_flag,create,accounting,,,,,,,,,,,,,,deny,0.1.0
developer_flag,edit,accounting,,,,,,,,,,,,,,deny,0.1.0
developer_flag,submit,accounting,,,,,,,,,,,,,,deny,0.1.0
developer_flag,approve,accounting,,,,,,,,,,,,,,deny,0.1.0
developer_flag,reject,accounting,,,,,,,,,,,,,,deny,0.1.0
developer_flag,assign,accounting,,,,,,,,,,,,,,deny,0.1.0
developer_flag,reassign,accounting,,,,,,,,,,,,,,deny,0.1.0
developer_flag,export,accounting,,,,,,,,,,,,,,deny,0.1.0
developer_flag,upload,accounting,,,,,,,,,,,,,,deny,0.1.0
developer_flag,download,accounting,,,,,,,,,,,,,,deny,0.1.0
developer_flag,delete_or_archive,accounting,,,,,,,,,,,,,,deny,0.1.0
developer_flag,restore,accounting,,,,,,,,,,,,,,deny,0.1.0
developer_flag,adjust_financial_record,accounting,,,,,,,,,,,,,,deny,0.1.0
developer_flag,execute_integration_action,accounting,,,,,,,,,,,,,,deny,0.1.0
developer_flag,configure_policy,accounting,,,,,,,,,,,,,,deny,0.1.0
developer_flag,administer_permissions,accounting,,,,,,,,,,,,,,deny,0.1.0
secret_rotation,view_list,accounting,,,,,,,,,,,,,,deny,0.1.0
secret_rotation,view_detail,accounting,,,,,,,,,,,,,,deny,0.1.0
secret_rotation,view_sensitive_detail,accounting,,,,,,,,,,,,,,deny,0.1.0
secret_rotation,create,accounting,,,,,,,,,,,,,,deny,0.1.0
secret_rotation,edit,accounting,,,,,,,,,,,,,,deny,0.1.0
secret_rotation,submit,accounting,,,,,,,,,,,,,,deny,0.1.0
secret_rotation,approve,accounting,,,,,,,,,,,,,,deny,0.1.0
secret_rotation,reject,accounting,,,,,,,,,,,,,,deny,0.1.0
secret_rotation,assign,accounting,,,,,,,,,,,,,,deny,0.1.0
secret_rotation,reassign,accounting,,,,,,,,,,,,,,deny,0.1.0
secret_rotation,export,accounting,,,,,,,,,,,,,,deny,0.1.0
secret_rotation,upload,accounting,,,,,,,,,,,,,,deny,0.1.0
secret_rotation,download,accounting,,,,,,,,,,,,,,deny,0.1.0
secret_rotation,delete_or_archive,accounting,,,,,,,,,,,,,,deny,0.1.0
secret_rotation,restore,accounting,,,,,,,,,,,,,,deny,0.1.0
secret_rotation,adjust_financial_record,accounting,,,,,,,,,,,,,,deny,0.1.0
secret_rotation,execute_integration_action,accounting,,,,,,,,,,,,,,deny,0.1.0
secret_rotation,configure_policy,accounting,,,,,,,,,,,,,,deny,0.1.0
secret_rotation,administer_permissions,accounting,,,,,,,,,,,,,,deny,0.1.0
support_access,view_list,accounting,,,,,,,,,,,,,,deny,0.1.0
support_access,view_detail,accounting,,,,,,,,,,,,,,deny,0.1.0
support_access,view_sensitive_detail,accounting,,,,,,,,,,,,,,deny,0.1.0
support_access,create,accounting,,,,,,,,,,,,,,deny,0.1.0
support_access,edit,accounting,,,,,,,,,,,,,,deny,0.1.0
support_access,submit,accounting,,,,,,,,,,,,,,deny,0.1.0
support_access,approve,accounting,,,,,,,,,,,,,,deny,0.1.0
support_access,reject,accounting,,,,,,,,,,,,,,deny,0.1.0
support_access,assign,accounting,,,,,,,,,,,,,,deny,0.1.0
support_access,reassign,accounting,,,,,,,,,,,,,,deny,0.1.0
support_access,export,accounting,,,,,,,,,,,,,,deny,0.1.0
support_access,upload,accounting,,,,,,,,,,,,,,deny,0.1.0
support_access,download,accounting,,,,,,,,,,,,,,deny,0.1.0
support_access,delete_or_archive,accounting,,,,,,,,,,,,,,deny,0.1.0
support_access,restore,accounting,,,,,,,,,,,,,,deny,0.1.0
support_access,adjust_financial_record,accounting,,,,,,,,,,,,,,deny,0.1.0
support_access,execute_integration_action,accounting,,,,,,,,,,,,,,deny,0.1.0
support_access,configure_policy,accounting,,,,,,,,,,,,,,deny,0.1.0
support_access,administer_permissions,accounting,,,,,,,,,,,,,,deny,0.1.0
impersonation,view_list,accounting,,,,,,,,,,,,,,deny,0.1.0
impersonation,view_detail,accounting,,,,,,,,,,,,,,deny,0.1.0
impersonation,view_sensitive_detail,accounting,,,,,,,,,,,,,,deny,0.1.0
impersonation,create,accounting,,,,,,,,,,,,,,deny,0.1.0
impersonation,edit,accounting,,,,,,,,,,,,,,deny,0.1.0
impersonation,submit,accounting,,,,,,,,,,,,,,deny,0.1.0
impersonation,approve,accounting,,,,,,,,,,,,,,deny,0.1.0
impersonation,reject,accounting,,,,,,,,,,,,,,deny,0.1.0
impersonation,assign,accounting,,,,,,,,,,,,,,deny,0.1.0
impersonation,reassign,accounting,,,,,,,,,,,,,,deny,0.1.0
impersonation,export,accounting,,,,,,,,,,,,,,deny,0.1.0
impersonation,upload,accounting,,,,,,,,,,,,,,deny,0.1.0
impersonation,download,accounting,,,,,,,,,,,,,,deny,0.1.0
impersonation,delete_or_archive,accounting,,,,,,,,,,,,,,deny,0.1.0
impersonation,restore,accounting,,,,,,,,,,,,,,deny,0.1.0
impersonation,adjust_financial_record,accounting,,,,,,,,,,,,,,deny,0.1.0
impersonation,execute_integration_action,accounting,,,,,,,,,,,,,,deny,0.1.0
impersonation,configure_policy,accounting,,,,,,,,,,,,,,deny,0.1.0
impersonation,administer_permissions,accounting,,,,,,,,,,,,,,deny,0.1.0
organization,view_list,maintenance,,,,,,,,,,,,,,deny,0.1.0
organization,view_detail,maintenance,,,,,,,,,,,,,,deny,0.1.0
organization,view_sensitive_detail,maintenance,,,,,,,,,,,,,,deny,0.1.0
organization,create,maintenance,,,,,,,,,,,,,,deny,0.1.0
organization,edit,maintenance,,,,,,,,,,,,,,deny,0.1.0
organization,submit,maintenance,,,,,,,,,,,,,,deny,0.1.0
organization,approve,maintenance,,,,,,,,,,,,,,deny,0.1.0
organization,reject,maintenance,,,,,,,,,,,,,,deny,0.1.0
organization,assign,maintenance,,,,,,,,,,,,,,deny,0.1.0
organization,reassign,maintenance,,,,,,,,,,,,,,deny,0.1.0
organization,export,maintenance,,,,,,,,,,,,,,deny,0.1.0
organization,upload,maintenance,,,,,,,,,,,,,,deny,0.1.0
organization,download,maintenance,,,,,,,,,,,,,,deny,0.1.0
organization,delete_or_archive,maintenance,,,,,,,,,,,,,,deny,0.1.0
organization,restore,maintenance,,,,,,,,,,,,,,deny,0.1.0
organization,adjust_financial_record,maintenance,,,,,,,,,,,,,,deny,0.1.0
organization,execute_integration_action,maintenance,,,,,,,,,,,,,,deny,0.1.0
organization,configure_policy,maintenance,,,,,,,,,,,,,,deny,0.1.0
organization,administer_permissions,maintenance,,,,,,,,,,,,,,deny,0.1.0
ownership_entity,view_list,maintenance,,,,,,,,,,,,,,deny,0.1.0
ownership_entity,view_detail,maintenance,,,,,,,,,,,,,,deny,0.1.0
ownership_entity,view_sensitive_detail,maintenance,,,,,,,,,,,,,,deny,0.1.0
ownership_entity,create,maintenance,,,,,,,,,,,,,,deny,0.1.0
ownership_entity,edit,maintenance,,,,,,,,,,,,,,deny,0.1.0
ownership_entity,submit,maintenance,,,,,,,,,,,,,,deny,0.1.0
ownership_entity,approve,maintenance,,,,,,,,,,,,,,deny,0.1.0
ownership_entity,reject,maintenance,,,,,,,,,,,,,,deny,0.1.0
ownership_entity,assign,maintenance,,,,,,,,,,,,,,deny,0.1.0
ownership_entity,reassign,maintenance,,,,,,,,,,,,,,deny,0.1.0
ownership_entity,export,maintenance,,,,,,,,,,,,,,deny,0.1.0
ownership_entity,upload,maintenance,,,,,,,,,,,,,,deny,0.1.0
ownership_entity,download,maintenance,,,,,,,,,,,,,,deny,0.1.0
ownership_entity,delete_or_archive,maintenance,,,,,,,,,,,,,,deny,0.1.0
ownership_entity,restore,maintenance,,,,,,,,,,,,,,deny,0.1.0
ownership_entity,adjust_financial_record,maintenance,,,,,,,,,,,,,,deny,0.1.0
ownership_entity,execute_integration_action,maintenance,,,,,,,,,,,,,,deny,0.1.0
ownership_entity,configure_policy,maintenance,,,,,,,,,,,,,,deny,0.1.0
ownership_entity,administer_permissions,maintenance,,,,,,,,,,,,,,deny,0.1.0
property,view_list,maintenance,,,,,,,,,,,,,,deny,0.1.0
property,view_detail,maintenance,,,,,,,,,,,,,,deny,0.1.0
property,view_sensitive_detail,maintenance,,,,,,,,,,,,,,deny,0.1.0
property,create,maintenance,,,,,,,,,,,,,,deny,0.1.0
property,edit,maintenance,,,,,,,,,,,,,,deny,0.1.0
property,submit,maintenance,,,,,,,,,,,,,,deny,0.1.0
property,approve,maintenance,,,,,,,,,,,,,,deny,0.1.0
property,reject,maintenance,,,,,,,,,,,,,,deny,0.1.0
property,assign,maintenance,,,,,,,,,,,,,,deny,0.1.0
property,reassign,maintenance,,,,,,,,,,,,,,deny,0.1.0
property,export,maintenance,,,,,,,,,,,,,,deny,0.1.0
property,upload,maintenance,,,,,,,,,,,,,,deny,0.1.0
property,download,maintenance,,,,,,,,,,,,,,deny,0.1.0
property,delete_or_archive,maintenance,,,,,,,,,,,,,,deny,0.1.0
property,restore,maintenance,,,,,,,,,,,,,,deny,0.1.0
property,adjust_financial_record,maintenance,,,,,,,,,,,,,,deny,0.1.0
property,execute_integration_action,maintenance,,,,,,,,,,,,,,deny,0.1.0
property,configure_policy,maintenance,,,,,,,,,,,,,,deny,0.1.0
property,administer_permissions,maintenance,,,,,,,,,,,,,,deny,0.1.0
building,view_list,maintenance,,,,,,,,,,,,,,deny,0.1.0
building,view_detail,maintenance,,,,,,,,,,,,,,deny,0.1.0
building,view_sensitive_detail,maintenance,,,,,,,,,,,,,,deny,0.1.0
building,create,maintenance,,,,,,,,,,,,,,deny,0.1.0
building,edit,maintenance,,,,,,,,,,,,,,deny,0.1.0
building,submit,maintenance,,,,,,,,,,,,,,deny,0.1.0
building,approve,maintenance,,,,,,,,,,,,,,deny,0.1.0
building,reject,maintenance,,,,,,,,,,,,,,deny,0.1.0
building,assign,maintenance,,,,,,,,,,,,,,deny,0.1.0
building,reassign,maintenance,,,,,,,,,,,,,,deny,0.1.0
building,export,maintenance,,,,,,,,,,,,,,deny,0.1.0
building,upload,maintenance,,,,,,,,,,,,,,deny,0.1.0
building,download,maintenance,,,,,,,,,,,,,,deny,0.1.0
building,delete_or_archive,maintenance,,,,,,,,,,,,,,deny,0.1.0
building,restore,maintenance,,,,,,,,,,,,,,deny,0.1.0
building,adjust_financial_record,maintenance,,,,,,,,,,,,,,deny,0.1.0
building,execute_integration_action,maintenance,,,,,,,,,,,,,,deny,0.1.0
building,configure_policy,maintenance,,,,,,,,,,,,,,deny,0.1.0
building,administer_permissions,maintenance,,,,,,,,,,,,,,deny,0.1.0
unit,view_list,maintenance,same,authorized,authorized,authorized,authorized,not_required,assigned,False,"['public', 'internal', 'confidential']",False,False,True,False,conditional_allow,0.1.0
unit,view_detail,maintenance,same,authorized,authorized,authorized,authorized,not_required,assigned,False,"['public', 'internal', 'confidential']",False,False,True,False,conditional_allow,0.1.0
unit,view_sensitive_detail,maintenance,,,,,,,,,,,,,,deny,0.1.0
unit,create,maintenance,,,,,,,,,,,,,,deny,0.1.0
unit,edit,maintenance,,,,,,,,,,,,,,deny,0.1.0
unit,submit,maintenance,same,authorized,authorized,authorized,authorized,not_required,assigned,False,"['public', 'internal', 'confidential']",False,False,True,False,conditional_allow,0.1.0
unit,approve,maintenance,,,,,,,,,,,,,,deny,0.1.0
unit,reject,maintenance,,,,,,,,,,,,,,deny,0.1.0
unit,assign,maintenance,,,,,,,,,,,,,,deny,0.1.0
unit,reassign,maintenance,,,,,,,,,,,,,,deny,0.1.0
unit,export,maintenance,,,,,,,,,,,,,,deny,0.1.0
unit,upload,maintenance,same,authorized,authorized,authorized,authorized,not_required,assigned,False,"['public', 'internal', 'confidential']",False,False,True,False,conditional_allow,0.1.0
unit,download,maintenance,same,authorized,authorized,authorized,authorized,not_required,assigned,False,"['public', 'internal', 'confidential']",False,False,True,False,conditional_allow,0.1.0
unit,delete_or_archive,maintenance,,,,,,,,,,,,,,deny,0.1.0
unit,restore,maintenance,,,,,,,,,,,,,,deny,0.1.0
unit,adjust_financial_record,maintenance,,,,,,,,,,,,,,deny,0.1.0
unit,execute_integration_action,maintenance,,,,,,,,,,,,,,deny,0.1.0
unit,configure_policy,maintenance,,,,,,,,,,,,,,deny,0.1.0
unit,administer_permissions,maintenance,,,,,,,,,,,,,,deny,0.1.0
household,view_list,maintenance,,,,,,,,,,,,,,deny,0.1.0
household,view_detail,maintenance,,,,,,,,,,,,,,deny,0.1.0
household,view_sensitive_detail,maintenance,,,,,,,,,,,,,,deny,0.1.0
household,create,maintenance,,,,,,,,,,,,,,deny,0.1.0
household,edit,maintenance,,,,,,,,,,,,,,deny,0.1.0
household,submit,maintenance,,,,,,,,,,,,,,deny,0.1.0
household,approve,maintenance,,,,,,,,,,,,,,deny,0.1.0
household,reject,maintenance,,,,,,,,,,,,,,deny,0.1.0
household,assign,maintenance,,,,,,,,,,,,,,deny,0.1.0
household,reassign,maintenance,,,,,,,,,,,,,,deny,0.1.0
household,export,maintenance,,,,,,,,,,,,,,deny,0.1.0
household,upload,maintenance,,,,,,,,,,,,,,deny,0.1.0
household,download,maintenance,,,,,,,,,,,,,,deny,0.1.0
household,delete_or_archive,maintenance,,,,,,,,,,,,,,deny,0.1.0
household,restore,maintenance,,,,,,,,,,,,,,deny,0.1.0
household,adjust_financial_record,maintenance,,,,,,,,,,,,,,deny,0.1.0
household,execute_integration_action,maintenance,,,,,,,,,,,,,,deny,0.1.0
household,configure_policy,maintenance,,,,,,,,,,,,,,deny,0.1.0
household,administer_permissions,maintenance,,,,,,,,,,,,,,deny,0.1.0
person,view_list,maintenance,,,,,,,,,,,,,,deny,0.1.0
person,view_detail,maintenance,,,,,,,,,,,,,,deny,0.1.0
person,view_sensitive_detail,maintenance,,,,,,,,,,,,,,deny,0.1.0
person,create,maintenance,,,,,,,,,,,,,,deny,0.1.0
person,edit,maintenance,,,,,,,,,,,,,,deny,0.1.0
person,submit,maintenance,,,,,,,,,,,,,,deny,0.1.0
person,approve,maintenance,,,,,,,,,,,,,,deny,0.1.0
person,reject,maintenance,,,,,,,,,,,,,,deny,0.1.0
person,assign,maintenance,,,,,,,,,,,,,,deny,0.1.0
person,reassign,maintenance,,,,,,,,,,,,,,deny,0.1.0
person,export,maintenance,,,,,,,,,,,,,,deny,0.1.0
person,upload,maintenance,,,,,,,,,,,,,,deny,0.1.0
person,download,maintenance,,,,,,,,,,,,,,deny,0.1.0
person,delete_or_archive,maintenance,,,,,,,,,,,,,,deny,0.1.0
person,restore,maintenance,,,,,,,,,,,,,,deny,0.1.0
person,adjust_financial_record,maintenance,,,,,,,,,,,,,,deny,0.1.0
person,execute_integration_action,maintenance,,,,,,,,,,,,,,deny,0.1.0
person,configure_policy,maintenance,,,,,,,,,,,,,,deny,0.1.0
person,administer_permissions,maintenance,,,,,,,,,,,,,,deny,0.1.0
application,view_list,maintenance,,,,,,,,,,,,,,deny,0.1.0
application,view_detail,maintenance,,,,,,,,,,,,,,deny,0.1.0
application,view_sensitive_detail,maintenance,,,,,,,,,,,,,,deny,0.1.0
application,create,maintenance,,,,,,,,,,,,,,deny,0.1.0
application,edit,maintenance,,,,,,,,,,,,,,deny,0.1.0
application,submit,maintenance,,,,,,,,,,,,,,deny,0.1.0
application,approve,maintenance,,,,,,,,,,,,,,deny,0.1.0
application,reject,maintenance,,,,,,,,,,,,,,deny,0.1.0
application,assign,maintenance,,,,,,,,,,,,,,deny,0.1.0
application,reassign,maintenance,,,,,,,,,,,,,,deny,0.1.0
application,export,maintenance,,,,,,,,,,,,,,deny,0.1.0
application,upload,maintenance,,,,,,,,,,,,,,deny,0.1.0
application,download,maintenance,,,,,,,,,,,,,,deny,0.1.0
application,delete_or_archive,maintenance,,,,,,,,,,,,,,deny,0.1.0
application,restore,maintenance,,,,,,,,,,,,,,deny,0.1.0
application,adjust_financial_record,maintenance,,,,,,,,,,,,,,deny,0.1.0
application,execute_integration_action,maintenance,,,,,,,,,,,,,,deny,0.1.0
application,configure_policy,maintenance,,,,,,,,,,,,,,deny,0.1.0
application,administer_permissions,maintenance,,,,,,,,,,,,,,deny,0.1.0
showing,view_list,maintenance,,,,,,,,,,,,,,deny,0.1.0
showing,view_detail,maintenance,,,,,,,,,,,,,,deny,0.1.0
showing,view_sensitive_detail,maintenance,,,,,,,,,,,,,,deny,0.1.0
showing,create,maintenance,,,,,,,,,,,,,,deny,0.1.0
showing,edit,maintenance,,,,,,,,,,,,,,deny,0.1.0
showing,submit,maintenance,,,,,,,,,,,,,,deny,0.1.0
showing,approve,maintenance,,,,,,,,,,,,,,deny,0.1.0
showing,reject,maintenance,,,,,,,,,,,,,,deny,0.1.0
showing,assign,maintenance,,,,,,,,,,,,,,deny,0.1.0
showing,reassign,maintenance,,,,,,,,,,,,,,deny,0.1.0
showing,export,maintenance,,,,,,,,,,,,,,deny,0.1.0
showing,upload,maintenance,,,,,,,,,,,,,,deny,0.1.0
showing,download,maintenance,,,,,,,,,,,,,,deny,0.1.0
showing,delete_or_archive,maintenance,,,,,,,,,,,,,,deny,0.1.0
showing,restore,maintenance,,,,,,,,,,,,,,deny,0.1.0
showing,adjust_financial_record,maintenance,,,,,,,,,,,,,,deny,0.1.0
showing,execute_integration_action,maintenance,,,,,,,,,,,,,,deny,0.1.0
showing,configure_policy,maintenance,,,,,,,,,,,,,,deny,0.1.0
showing,administer_permissions,maintenance,,,,,,,,,,,,,,deny,0.1.0
lease,view_list,maintenance,,,,,,,,,,,,,,deny,0.1.0
lease,view_detail,maintenance,,,,,,,,,,,,,,deny,0.1.0
lease,view_sensitive_detail,maintenance,,,,,,,,,,,,,,deny,0.1.0
lease,create,maintenance,,,,,,,,,,,,,,deny,0.1.0
lease,edit,maintenance,,,,,,,,,,,,,,deny,0.1.0
lease,submit,maintenance,,,,,,,,,,,,,,deny,0.1.0
lease,approve,maintenance,,,,,,,,,,,,,,deny,0.1.0
lease,reject,maintenance,,,,,,,,,,,,,,deny,0.1.0
lease,assign,maintenance,,,,,,,,,,,,,,deny,0.1.0
lease,reassign,maintenance,,,,,,,,,,,,,,deny,0.1.0
lease,export,maintenance,,,,,,,,,,,,,,deny,0.1.0
lease,upload,maintenance,,,,,,,,,,,,,,deny,0.1.0
lease,download,maintenance,,,,,,,,,,,,,,deny,0.1.0
lease,delete_or_archive,maintenance,,,,,,,,,,,,,,deny,0.1.0
lease,restore,maintenance,,,,,,,,,,,,,,deny,0.1.0
lease,adjust_financial_record,maintenance,,,,,,,,,,,,,,deny,0.1.0
lease,execute_integration_action,maintenance,,,,,,,,,,,,,,deny,0.1.0
lease,configure_policy,maintenance,,,,,,,,,,,,,,deny,0.1.0
lease,administer_permissions,maintenance,,,,,,,,,,,,,,deny,0.1.0
maintenance,view_list,maintenance,same,authorized,authorized,authorized,authorized,not_required,assigned,False,"['public', 'internal', 'confidential']",False,False,True,False,conditional_allow,0.1.0
maintenance,view_detail,maintenance,same,authorized,authorized,authorized,authorized,not_required,assigned,False,"['public', 'internal', 'confidential']",False,False,True,False,conditional_allow,0.1.0
maintenance,view_sensitive_detail,maintenance,,,,,,,,,,,,,,deny,0.1.0
maintenance,create,maintenance,,,,,,,,,,,,,,deny,0.1.0
maintenance,edit,maintenance,,,,,,,,,,,,,,deny,0.1.0
maintenance,submit,maintenance,same,authorized,authorized,authorized,authorized,not_required,assigned,False,"['public', 'internal', 'confidential']",False,False,True,False,conditional_allow,0.1.0
maintenance,approve,maintenance,,,,,,,,,,,,,,deny,0.1.0
maintenance,reject,maintenance,,,,,,,,,,,,,,deny,0.1.0
maintenance,assign,maintenance,,,,,,,,,,,,,,deny,0.1.0
maintenance,reassign,maintenance,,,,,,,,,,,,,,deny,0.1.0
maintenance,export,maintenance,,,,,,,,,,,,,,deny,0.1.0
maintenance,upload,maintenance,same,authorized,authorized,authorized,authorized,not_required,assigned,False,"['public', 'internal', 'confidential']",False,False,True,False,conditional_allow,0.1.0
maintenance,download,maintenance,same,authorized,authorized,authorized,authorized,not_required,assigned,False,"['public', 'internal', 'confidential']",False,False,True,False,conditional_allow,0.1.0
maintenance,delete_or_archive,maintenance,,,,,,,,,,,,,,deny,0.1.0
maintenance,restore,maintenance,,,,,,,,,,,,,,deny,0.1.0
maintenance,adjust_financial_record,maintenance,,,,,,,,,,,,,,deny,0.1.0
maintenance,execute_integration_action,maintenance,,,,,,,,,,,,,,deny,0.1.0
maintenance,configure_policy,maintenance,,,,,,,,,,,,,,deny,0.1.0
maintenance,administer_permissions,maintenance,,,,,,,,,,,,,,deny,0.1.0
assignment,view_list,maintenance,same,authorized,authorized,authorized,authorized,not_required,assigned,False,"['public', 'internal', 'confidential']",False,False,True,False,conditional_allow,0.1.0
assignment,view_detail,maintenance,same,authorized,authorized,authorized,authorized,not_required,assigned,False,"['public', 'internal', 'confidential']",False,False,True,False,conditional_allow,0.1.0
assignment,view_sensitive_detail,maintenance,,,,,,,,,,,,,,deny,0.1.0
assignment,create,maintenance,,,,,,,,,,,,,,deny,0.1.0
assignment,edit,maintenance,,,,,,,,,,,,,,deny,0.1.0
assignment,submit,maintenance,same,authorized,authorized,authorized,authorized,not_required,assigned,False,"['public', 'internal', 'confidential']",False,False,True,False,conditional_allow,0.1.0
assignment,approve,maintenance,,,,,,,,,,,,,,deny,0.1.0
assignment,reject,maintenance,,,,,,,,,,,,,,deny,0.1.0
assignment,assign,maintenance,,,,,,,,,,,,,,deny,0.1.0
assignment,reassign,maintenance,,,,,,,,,,,,,,deny,0.1.0
assignment,export,maintenance,,,,,,,,,,,,,,deny,0.1.0
assignment,upload,maintenance,same,authorized,authorized,authorized,authorized,not_required,assigned,False,"['public', 'internal', 'confidential']",False,False,True,False,conditional_allow,0.1.0
assignment,download,maintenance,same,authorized,authorized,authorized,authorized,not_required,assigned,False,"['public', 'internal', 'confidential']",False,False,True,False,conditional_allow,0.1.0
assignment,delete_or_archive,maintenance,,,,,,,,,,,,,,deny,0.1.0
assignment,restore,maintenance,,,,,,,,,,,,,,deny,0.1.0
assignment,adjust_financial_record,maintenance,,,,,,,,,,,,,,deny,0.1.0
assignment,execute_integration_action,maintenance,,,,,,,,,,,,,,deny,0.1.0
assignment,configure_policy,maintenance,,,,,,,,,,,,,,deny,0.1.0
assignment,administer_permissions,maintenance,,,,,,,,,,,,,,deny,0.1.0
vendor,view_list,maintenance,,,,,,,,,,,,,,deny,0.1.0
vendor,view_detail,maintenance,,,,,,,,,,,,,,deny,0.1.0
vendor,view_sensitive_detail,maintenance,,,,,,,,,,,,,,deny,0.1.0
vendor,create,maintenance,,,,,,,,,,,,,,deny,0.1.0
vendor,edit,maintenance,,,,,,,,,,,,,,deny,0.1.0
vendor,submit,maintenance,,,,,,,,,,,,,,deny,0.1.0
vendor,approve,maintenance,,,,,,,,,,,,,,deny,0.1.0
vendor,reject,maintenance,,,,,,,,,,,,,,deny,0.1.0
vendor,assign,maintenance,,,,,,,,,,,,,,deny,0.1.0
vendor,reassign,maintenance,,,,,,,,,,,,,,deny,0.1.0
vendor,export,maintenance,,,,,,,,,,,,,,deny,0.1.0
vendor,upload,maintenance,,,,,,,,,,,,,,deny,0.1.0
vendor,download,maintenance,,,,,,,,,,,,,,deny,0.1.0
vendor,delete_or_archive,maintenance,,,,,,,,,,,,,,deny,0.1.0
vendor,restore,maintenance,,,,,,,,,,,,,,deny,0.1.0
vendor,adjust_financial_record,maintenance,,,,,,,,,,,,,,deny,0.1.0
vendor,execute_integration_action,maintenance,,,,,,,,,,,,,,deny,0.1.0
vendor,configure_policy,maintenance,,,,,,,,,,,,,,deny,0.1.0
vendor,administer_permissions,maintenance,,,,,,,,,,,,,,deny,0.1.0
ledger,view_list,maintenance,,,,,,,,,,,,,,deny,0.1.0
ledger,view_detail,maintenance,,,,,,,,,,,,,,deny,0.1.0
ledger,view_sensitive_detail,maintenance,,,,,,,,,,,,,,deny,0.1.0
ledger,create,maintenance,,,,,,,,,,,,,,deny,0.1.0
ledger,edit,maintenance,,,,,,,,,,,,,,deny,0.1.0
ledger,submit,maintenance,,,,,,,,,,,,,,deny,0.1.0
ledger,approve,maintenance,,,,,,,,,,,,,,deny,0.1.0
ledger,reject,maintenance,,,,,,,,,,,,,,deny,0.1.0
ledger,assign,maintenance,,,,,,,,,,,,,,deny,0.1.0
ledger,reassign,maintenance,,,,,,,,,,,,,,deny,0.1.0
ledger,export,maintenance,,,,,,,,,,,,,,deny,0.1.0
ledger,upload,maintenance,,,,,,,,,,,,,,deny,0.1.0
ledger,download,maintenance,,,,,,,,,,,,,,deny,0.1.0
ledger,delete_or_archive,maintenance,,,,,,,,,,,,,,deny,0.1.0
ledger,restore,maintenance,,,,,,,,,,,,,,deny,0.1.0
ledger,adjust_financial_record,maintenance,,,,,,,,,,,,,,deny,0.1.0
ledger,execute_integration_action,maintenance,,,,,,,,,,,,,,deny,0.1.0
ledger,configure_policy,maintenance,,,,,,,,,,,,,,deny,0.1.0
ledger,administer_permissions,maintenance,,,,,,,,,,,,,,deny,0.1.0
payment,view_list,maintenance,,,,,,,,,,,,,,deny,0.1.0
payment,view_detail,maintenance,,,,,,,,,,,,,,deny,0.1.0
payment,view_sensitive_detail,maintenance,,,,,,,,,,,,,,deny,0.1.0
payment,create,maintenance,,,,,,,,,,,,,,deny,0.1.0
payment,edit,maintenance,,,,,,,,,,,,,,deny,0.1.0
payment,submit,maintenance,,,,,,,,,,,,,,deny,0.1.0
payment,approve,maintenance,,,,,,,,,,,,,,deny,0.1.0
payment,reject,maintenance,,,,,,,,,,,,,,deny,0.1.0
payment,assign,maintenance,,,,,,,,,,,,,,deny,0.1.0
payment,reassign,maintenance,,,,,,,,,,,,,,deny,0.1.0
payment,export,maintenance,,,,,,,,,,,,,,deny,0.1.0
payment,upload,maintenance,,,,,,,,,,,,,,deny,0.1.0
payment,download,maintenance,,,,,,,,,,,,,,deny,0.1.0
payment,delete_or_archive,maintenance,,,,,,,,,,,,,,deny,0.1.0
payment,restore,maintenance,,,,,,,,,,,,,,deny,0.1.0
payment,adjust_financial_record,maintenance,,,,,,,,,,,,,,deny,0.1.0
payment,execute_integration_action,maintenance,,,,,,,,,,,,,,deny,0.1.0
payment,configure_policy,maintenance,,,,,,,,,,,,,,deny,0.1.0
payment,administer_permissions,maintenance,,,,,,,,,,,,,,deny,0.1.0
budget,view_list,maintenance,,,,,,,,,,,,,,deny,0.1.0
budget,view_detail,maintenance,,,,,,,,,,,,,,deny,0.1.0
budget,view_sensitive_detail,maintenance,,,,,,,,,,,,,,deny,0.1.0
budget,create,maintenance,,,,,,,,,,,,,,deny,0.1.0
budget,edit,maintenance,,,,,,,,,,,,,,deny,0.1.0
budget,submit,maintenance,,,,,,,,,,,,,,deny,0.1.0
budget,approve,maintenance,,,,,,,,,,,,,,deny,0.1.0
budget,reject,maintenance,,,,,,,,,,,,,,deny,0.1.0
budget,assign,maintenance,,,,,,,,,,,,,,deny,0.1.0
budget,reassign,maintenance,,,,,,,,,,,,,,deny,0.1.0
budget,export,maintenance,,,,,,,,,,,,,,deny,0.1.0
budget,upload,maintenance,,,,,,,,,,,,,,deny,0.1.0
budget,download,maintenance,,,,,,,,,,,,,,deny,0.1.0
budget,delete_or_archive,maintenance,,,,,,,,,,,,,,deny,0.1.0
budget,restore,maintenance,,,,,,,,,,,,,,deny,0.1.0
budget,adjust_financial_record,maintenance,,,,,,,,,,,,,,deny,0.1.0
budget,execute_integration_action,maintenance,,,,,,,,,,,,,,deny,0.1.0
budget,configure_policy,maintenance,,,,,,,,,,,,,,deny,0.1.0
budget,administer_permissions,maintenance,,,,,,,,,,,,,,deny,0.1.0
document,view_list,maintenance,same,authorized,authorized,authorized,authorized,not_required,assigned,False,"['public', 'internal', 'confidential']",False,False,True,False,conditional_allow,0.1.0
document,view_detail,maintenance,same,authorized,authorized,authorized,authorized,not_required,assigned,False,"['public', 'internal', 'confidential']",False,False,True,False,conditional_allow,0.1.0
document,view_sensitive_detail,maintenance,,,,,,,,,,,,,,deny,0.1.0
document,create,maintenance,,,,,,,,,,,,,,deny,0.1.0
document,edit,maintenance,,,,,,,,,,,,,,deny,0.1.0
document,submit,maintenance,same,authorized,authorized,authorized,authorized,not_required,assigned,False,"['public', 'internal', 'confidential']",False,False,True,False,conditional_allow,0.1.0
document,approve,maintenance,,,,,,,,,,,,,,deny,0.1.0
document,reject,maintenance,,,,,,,,,,,,,,deny,0.1.0
document,assign,maintenance,,,,,,,,,,,,,,deny,0.1.0
document,reassign,maintenance,,,,,,,,,,,,,,deny,0.1.0
document,export,maintenance,,,,,,,,,,,,,,deny,0.1.0
document,upload,maintenance,same,authorized,authorized,authorized,authorized,not_required,assigned,False,"['public', 'internal', 'confidential']",False,False,True,False,conditional_allow,0.1.0
document,download,maintenance,same,authorized,authorized,authorized,authorized,not_required,assigned,False,"['public', 'internal', 'confidential']",False,False,True,False,conditional_allow,0.1.0
document,delete_or_archive,maintenance,,,,,,,,,,,,,,deny,0.1.0
document,restore,maintenance,,,,,,,,,,,,,,deny,0.1.0
document,adjust_financial_record,maintenance,,,,,,,,,,,,,,deny,0.1.0
document,execute_integration_action,maintenance,,,,,,,,,,,,,,deny,0.1.0
document,configure_policy,maintenance,,,,,,,,,,,,,,deny,0.1.0
document,administer_permissions,maintenance,,,,,,,,,,,,,,deny,0.1.0
restricted_document,view_list,maintenance,,,,,,,,,,,,,,deny,0.1.0
restricted_document,view_detail,maintenance,,,,,,,,,,,,,,deny,0.1.0
restricted_document,view_sensitive_detail,maintenance,,,,,,,,,,,,,,deny,0.1.0
restricted_document,create,maintenance,,,,,,,,,,,,,,deny,0.1.0
restricted_document,edit,maintenance,,,,,,,,,,,,,,deny,0.1.0
restricted_document,submit,maintenance,,,,,,,,,,,,,,deny,0.1.0
restricted_document,approve,maintenance,,,,,,,,,,,,,,deny,0.1.0
restricted_document,reject,maintenance,,,,,,,,,,,,,,deny,0.1.0
restricted_document,assign,maintenance,,,,,,,,,,,,,,deny,0.1.0
restricted_document,reassign,maintenance,,,,,,,,,,,,,,deny,0.1.0
restricted_document,export,maintenance,,,,,,,,,,,,,,deny,0.1.0
restricted_document,upload,maintenance,,,,,,,,,,,,,,deny,0.1.0
restricted_document,download,maintenance,,,,,,,,,,,,,,deny,0.1.0
restricted_document,delete_or_archive,maintenance,,,,,,,,,,,,,,deny,0.1.0
restricted_document,restore,maintenance,,,,,,,,,,,,,,deny,0.1.0
restricted_document,adjust_financial_record,maintenance,,,,,,,,,,,,,,deny,0.1.0
restricted_document,execute_integration_action,maintenance,,,,,,,,,,,,,,deny,0.1.0
restricted_document,configure_policy,maintenance,,,,,,,,,,,,,,deny,0.1.0
restricted_document,administer_permissions,maintenance,,,,,,,,,,,,,,deny,0.1.0
screening_report,view_list,maintenance,,,,,,,,,,,,,,deny,0.1.0
screening_report,view_detail,maintenance,,,,,,,,,,,,,,deny,0.1.0
screening_report,view_sensitive_detail,maintenance,,,,,,,,,,,,,,deny,0.1.0
screening_report,create,maintenance,,,,,,,,,,,,,,deny,0.1.0
screening_report,edit,maintenance,,,,,,,,,,,,,,deny,0.1.0
screening_report,submit,maintenance,,,,,,,,,,,,,,deny,0.1.0
screening_report,approve,maintenance,,,,,,,,,,,,,,deny,0.1.0
screening_report,reject,maintenance,,,,,,,,,,,,,,deny,0.1.0
screening_report,assign,maintenance,,,,,,,,,,,,,,deny,0.1.0
screening_report,reassign,maintenance,,,,,,,,,,,,,,deny,0.1.0
screening_report,export,maintenance,,,,,,,,,,,,,,deny,0.1.0
screening_report,upload,maintenance,,,,,,,,,,,,,,deny,0.1.0
screening_report,download,maintenance,,,,,,,,,,,,,,deny,0.1.0
screening_report,delete_or_archive,maintenance,,,,,,,,,,,,,,deny,0.1.0
screening_report,restore,maintenance,,,,,,,,,,,,,,deny,0.1.0
screening_report,adjust_financial_record,maintenance,,,,,,,,,,,,,,deny,0.1.0
screening_report,execute_integration_action,maintenance,,,,,,,,,,,,,,deny,0.1.0
screening_report,configure_policy,maintenance,,,,,,,,,,,,,,deny,0.1.0
screening_report,administer_permissions,maintenance,,,,,,,,,,,,,,deny,0.1.0
communication,view_list,maintenance,same,authorized,authorized,authorized,authorized,not_required,assigned,False,"['public', 'internal', 'confidential']",False,False,True,False,conditional_allow,0.1.0
communication,view_detail,maintenance,same,authorized,authorized,authorized,authorized,not_required,assigned,False,"['public', 'internal', 'confidential']",False,False,True,False,conditional_allow,0.1.0
communication,view_sensitive_detail,maintenance,,,,,,,,,,,,,,deny,0.1.0
communication,create,maintenance,,,,,,,,,,,,,,deny,0.1.0
communication,edit,maintenance,,,,,,,,,,,,,,deny,0.1.0
communication,submit,maintenance,same,authorized,authorized,authorized,authorized,not_required,assigned,False,"['public', 'internal', 'confidential']",False,False,True,False,conditional_allow,0.1.0
communication,approve,maintenance,,,,,,,,,,,,,,deny,0.1.0
communication,reject,maintenance,,,,,,,,,,,,,,deny,0.1.0
communication,assign,maintenance,,,,,,,,,,,,,,deny,0.1.0
communication,reassign,maintenance,,,,,,,,,,,,,,deny,0.1.0
communication,export,maintenance,,,,,,,,,,,,,,deny,0.1.0
communication,upload,maintenance,same,authorized,authorized,authorized,authorized,not_required,assigned,False,"['public', 'internal', 'confidential']",False,False,True,False,conditional_allow,0.1.0
communication,download,maintenance,same,authorized,authorized,authorized,authorized,not_required,assigned,False,"['public', 'internal', 'confidential']",False,False,True,False,conditional_allow,0.1.0
communication,delete_or_archive,maintenance,,,,,,,,,,,,,,deny,0.1.0
communication,restore,maintenance,,,,,,,,,,,,,,deny,0.1.0
communication,adjust_financial_record,maintenance,,,,,,,,,,,,,,deny,0.1.0
communication,execute_integration_action,maintenance,,,,,,,,,,,,,,deny,0.1.0
communication,configure_policy,maintenance,,,,,,,,,,,,,,deny,0.1.0
communication,administer_permissions,maintenance,,,,,,,,,,,,,,deny,0.1.0
approval,view_list,maintenance,,,,,,,,,,,,,,deny,0.1.0
approval,view_detail,maintenance,,,,,,,,,,,,,,deny,0.1.0
approval,view_sensitive_detail,maintenance,,,,,,,,,,,,,,deny,0.1.0
approval,create,maintenance,,,,,,,,,,,,,,deny,0.1.0
approval,edit,maintenance,,,,,,,,,,,,,,deny,0.1.0
approval,submit,maintenance,,,,,,,,,,,,,,deny,0.1.0
approval,approve,maintenance,,,,,,,,,,,,,,deny,0.1.0
approval,reject,maintenance,,,,,,,,,,,,,,deny,0.1.0
approval,assign,maintenance,,,,,,,,,,,,,,deny,0.1.0
approval,reassign,maintenance,,,,,,,,,,,,,,deny,0.1.0
approval,export,maintenance,,,,,,,,,,,,,,deny,0.1.0
approval,upload,maintenance,,,,,,,,,,,,,,deny,0.1.0
approval,download,maintenance,,,,,,,,,,,,,,deny,0.1.0
approval,delete_or_archive,maintenance,,,,,,,,,,,,,,deny,0.1.0
approval,restore,maintenance,,,,,,,,,,,,,,deny,0.1.0
approval,adjust_financial_record,maintenance,,,,,,,,,,,,,,deny,0.1.0
approval,execute_integration_action,maintenance,,,,,,,,,,,,,,deny,0.1.0
approval,configure_policy,maintenance,,,,,,,,,,,,,,deny,0.1.0
approval,administer_permissions,maintenance,,,,,,,,,,,,,,deny,0.1.0
delegation,view_list,maintenance,,,,,,,,,,,,,,deny,0.1.0
delegation,view_detail,maintenance,,,,,,,,,,,,,,deny,0.1.0
delegation,view_sensitive_detail,maintenance,,,,,,,,,,,,,,deny,0.1.0
delegation,create,maintenance,,,,,,,,,,,,,,deny,0.1.0
delegation,edit,maintenance,,,,,,,,,,,,,,deny,0.1.0
delegation,submit,maintenance,,,,,,,,,,,,,,deny,0.1.0
delegation,approve,maintenance,,,,,,,,,,,,,,deny,0.1.0
delegation,reject,maintenance,,,,,,,,,,,,,,deny,0.1.0
delegation,assign,maintenance,,,,,,,,,,,,,,deny,0.1.0
delegation,reassign,maintenance,,,,,,,,,,,,,,deny,0.1.0
delegation,export,maintenance,,,,,,,,,,,,,,deny,0.1.0
delegation,upload,maintenance,,,,,,,,,,,,,,deny,0.1.0
delegation,download,maintenance,,,,,,,,,,,,,,deny,0.1.0
delegation,delete_or_archive,maintenance,,,,,,,,,,,,,,deny,0.1.0
delegation,restore,maintenance,,,,,,,,,,,,,,deny,0.1.0
delegation,adjust_financial_record,maintenance,,,,,,,,,,,,,,deny,0.1.0
delegation,execute_integration_action,maintenance,,,,,,,,,,,,,,deny,0.1.0
delegation,configure_policy,maintenance,,,,,,,,,,,,,,deny,0.1.0
delegation,administer_permissions,maintenance,,,,,,,,,,,,,,deny,0.1.0
report,view_list,maintenance,,,,,,,,,,,,,,deny,0.1.0
report,view_detail,maintenance,,,,,,,,,,,,,,deny,0.1.0
report,view_sensitive_detail,maintenance,,,,,,,,,,,,,,deny,0.1.0
report,create,maintenance,,,,,,,,,,,,,,deny,0.1.0
report,edit,maintenance,,,,,,,,,,,,,,deny,0.1.0
report,submit,maintenance,,,,,,,,,,,,,,deny,0.1.0
report,approve,maintenance,,,,,,,,,,,,,,deny,0.1.0
report,reject,maintenance,,,,,,,,,,,,,,deny,0.1.0
report,assign,maintenance,,,,,,,,,,,,,,deny,0.1.0
report,reassign,maintenance,,,,,,,,,,,,,,deny,0.1.0
report,export,maintenance,,,,,,,,,,,,,,deny,0.1.0
report,upload,maintenance,,,,,,,,,,,,,,deny,0.1.0
report,download,maintenance,,,,,,,,,,,,,,deny,0.1.0
report,delete_or_archive,maintenance,,,,,,,,,,,,,,deny,0.1.0
report,restore,maintenance,,,,,,,,,,,,,,deny,0.1.0
report,adjust_financial_record,maintenance,,,,,,,,,,,,,,deny,0.1.0
report,execute_integration_action,maintenance,,,,,,,,,,,,,,deny,0.1.0
report,configure_policy,maintenance,,,,,,,,,,,,,,deny,0.1.0
report,administer_permissions,maintenance,,,,,,,,,,,,,,deny,0.1.0
audit,view_list,maintenance,,,,,,,,,,,,,,deny,0.1.0
audit,view_detail,maintenance,,,,,,,,,,,,,,deny,0.1.0
audit,view_sensitive_detail,maintenance,,,,,,,,,,,,,,deny,0.1.0
audit,create,maintenance,,,,,,,,,,,,,,deny,0.1.0
audit,edit,maintenance,,,,,,,,,,,,,,deny,0.1.0
audit,submit,maintenance,,,,,,,,,,,,,,deny,0.1.0
audit,approve,maintenance,,,,,,,,,,,,,,deny,0.1.0
audit,reject,maintenance,,,,,,,,,,,,,,deny,0.1.0
audit,assign,maintenance,,,,,,,,,,,,,,deny,0.1.0
audit,reassign,maintenance,,,,,,,,,,,,,,deny,0.1.0
audit,export,maintenance,,,,,,,,,,,,,,deny,0.1.0
audit,upload,maintenance,,,,,,,,,,,,,,deny,0.1.0
audit,download,maintenance,,,,,,,,,,,,,,deny,0.1.0
audit,delete_or_archive,maintenance,,,,,,,,,,,,,,deny,0.1.0
audit,restore,maintenance,,,,,,,,,,,,,,deny,0.1.0
audit,adjust_financial_record,maintenance,,,,,,,,,,,,,,deny,0.1.0
audit,execute_integration_action,maintenance,,,,,,,,,,,,,,deny,0.1.0
audit,configure_policy,maintenance,,,,,,,,,,,,,,deny,0.1.0
audit,administer_permissions,maintenance,,,,,,,,,,,,,,deny,0.1.0
integration,view_list,maintenance,,,,,,,,,,,,,,deny,0.1.0
integration,view_detail,maintenance,,,,,,,,,,,,,,deny,0.1.0
integration,view_sensitive_detail,maintenance,,,,,,,,,,,,,,deny,0.1.0
integration,create,maintenance,,,,,,,,,,,,,,deny,0.1.0
integration,edit,maintenance,,,,,,,,,,,,,,deny,0.1.0
integration,submit,maintenance,,,,,,,,,,,,,,deny,0.1.0
integration,approve,maintenance,,,,,,,,,,,,,,deny,0.1.0
integration,reject,maintenance,,,,,,,,,,,,,,deny,0.1.0
integration,assign,maintenance,,,,,,,,,,,,,,deny,0.1.0
integration,reassign,maintenance,,,,,,,,,,,,,,deny,0.1.0
integration,export,maintenance,,,,,,,,,,,,,,deny,0.1.0
integration,upload,maintenance,,,,,,,,,,,,,,deny,0.1.0
integration,download,maintenance,,,,,,,,,,,,,,deny,0.1.0
integration,delete_or_archive,maintenance,,,,,,,,,,,,,,deny,0.1.0
integration,restore,maintenance,,,,,,,,,,,,,,deny,0.1.0
integration,adjust_financial_record,maintenance,,,,,,,,,,,,,,deny,0.1.0
integration,execute_integration_action,maintenance,,,,,,,,,,,,,,deny,0.1.0
integration,configure_policy,maintenance,,,,,,,,,,,,,,deny,0.1.0
integration,administer_permissions,maintenance,,,,,,,,,,,,,,deny,0.1.0
identity,view_list,maintenance,,,,,,,,,,,,,,deny,0.1.0
identity,view_detail,maintenance,,,,,,,,,,,,,,deny,0.1.0
identity,view_sensitive_detail,maintenance,,,,,,,,,,,,,,deny,0.1.0
identity,create,maintenance,,,,,,,,,,,,,,deny,0.1.0
identity,edit,maintenance,,,,,,,,,,,,,,deny,0.1.0
identity,submit,maintenance,,,,,,,,,,,,,,deny,0.1.0
identity,approve,maintenance,,,,,,,,,,,,,,deny,0.1.0
identity,reject,maintenance,,,,,,,,,,,,,,deny,0.1.0
identity,assign,maintenance,,,,,,,,,,,,,,deny,0.1.0
identity,reassign,maintenance,,,,,,,,,,,,,,deny,0.1.0
identity,export,maintenance,,,,,,,,,,,,,,deny,0.1.0
identity,upload,maintenance,,,,,,,,,,,,,,deny,0.1.0
identity,download,maintenance,,,,,,,,,,,,,,deny,0.1.0
identity,delete_or_archive,maintenance,,,,,,,,,,,,,,deny,0.1.0
identity,restore,maintenance,,,,,,,,,,,,,,deny,0.1.0
identity,adjust_financial_record,maintenance,,,,,,,,,,,,,,deny,0.1.0
identity,execute_integration_action,maintenance,,,,,,,,,,,,,,deny,0.1.0
identity,configure_policy,maintenance,,,,,,,,,,,,,,deny,0.1.0
identity,administer_permissions,maintenance,,,,,,,,,,,,,,deny,0.1.0
technical_admin,view_list,maintenance,,,,,,,,,,,,,,deny,0.1.0
technical_admin,view_detail,maintenance,,,,,,,,,,,,,,deny,0.1.0
technical_admin,view_sensitive_detail,maintenance,,,,,,,,,,,,,,deny,0.1.0
technical_admin,create,maintenance,,,,,,,,,,,,,,deny,0.1.0
technical_admin,edit,maintenance,,,,,,,,,,,,,,deny,0.1.0
technical_admin,submit,maintenance,,,,,,,,,,,,,,deny,0.1.0
technical_admin,approve,maintenance,,,,,,,,,,,,,,deny,0.1.0
technical_admin,reject,maintenance,,,,,,,,,,,,,,deny,0.1.0
technical_admin,assign,maintenance,,,,,,,,,,,,,,deny,0.1.0
technical_admin,reassign,maintenance,,,,,,,,,,,,,,deny,0.1.0
technical_admin,export,maintenance,,,,,,,,,,,,,,deny,0.1.0
technical_admin,upload,maintenance,,,,,,,,,,,,,,deny,0.1.0
technical_admin,download,maintenance,,,,,,,,,,,,,,deny,0.1.0
technical_admin,delete_or_archive,maintenance,,,,,,,,,,,,,,deny,0.1.0
technical_admin,restore,maintenance,,,,,,,,,,,,,,deny,0.1.0
technical_admin,adjust_financial_record,maintenance,,,,,,,,,,,,,,deny,0.1.0
technical_admin,execute_integration_action,maintenance,,,,,,,,,,,,,,deny,0.1.0
technical_admin,configure_policy,maintenance,,,,,,,,,,,,,,deny,0.1.0
technical_admin,administer_permissions,maintenance,,,,,,,,,,,,,,deny,0.1.0
source_code,view_list,maintenance,,,,,,,,,,,,,,deny,0.1.0
source_code,view_detail,maintenance,,,,,,,,,,,,,,deny,0.1.0
source_code,view_sensitive_detail,maintenance,,,,,,,,,,,,,,deny,0.1.0
source_code,create,maintenance,,,,,,,,,,,,,,deny,0.1.0
source_code,edit,maintenance,,,,,,,,,,,,,,deny,0.1.0
source_code,submit,maintenance,,,,,,,,,,,,,,deny,0.1.0
source_code,approve,maintenance,,,,,,,,,,,,,,deny,0.1.0
source_code,reject,maintenance,,,,,,,,,,,,,,deny,0.1.0
source_code,assign,maintenance,,,,,,,,,,,,,,deny,0.1.0
source_code,reassign,maintenance,,,,,,,,,,,,,,deny,0.1.0
source_code,export,maintenance,,,,,,,,,,,,,,deny,0.1.0
source_code,upload,maintenance,,,,,,,,,,,,,,deny,0.1.0
source_code,download,maintenance,,,,,,,,,,,,,,deny,0.1.0
source_code,delete_or_archive,maintenance,,,,,,,,,,,,,,deny,0.1.0
source_code,restore,maintenance,,,,,,,,,,,,,,deny,0.1.0
source_code,adjust_financial_record,maintenance,,,,,,,,,,,,,,deny,0.1.0
source_code,execute_integration_action,maintenance,,,,,,,,,,,,,,deny,0.1.0
source_code,configure_policy,maintenance,,,,,,,,,,,,,,deny,0.1.0
source_code,administer_permissions,maintenance,,,,,,,,,,,,,,deny,0.1.0
database_admin,view_list,maintenance,,,,,,,,,,,,,,deny,0.1.0
database_admin,view_detail,maintenance,,,,,,,,,,,,,,deny,0.1.0
database_admin,view_sensitive_detail,maintenance,,,,,,,,,,,,,,deny,0.1.0
database_admin,create,maintenance,,,,,,,,,,,,,,deny,0.1.0
database_admin,edit,maintenance,,,,,,,,,,,,,,deny,0.1.0
database_admin,submit,maintenance,,,,,,,,,,,,,,deny,0.1.0
database_admin,approve,maintenance,,,,,,,,,,,,,,deny,0.1.0
database_admin,reject,maintenance,,,,,,,,,,,,,,deny,0.1.0
database_admin,assign,maintenance,,,,,,,,,,,,,,deny,0.1.0
database_admin,reassign,maintenance,,,,,,,,,,,,,,deny,0.1.0
database_admin,export,maintenance,,,,,,,,,,,,,,deny,0.1.0
database_admin,upload,maintenance,,,,,,,,,,,,,,deny,0.1.0
database_admin,download,maintenance,,,,,,,,,,,,,,deny,0.1.0
database_admin,delete_or_archive,maintenance,,,,,,,,,,,,,,deny,0.1.0
database_admin,restore,maintenance,,,,,,,,,,,,,,deny,0.1.0
database_admin,adjust_financial_record,maintenance,,,,,,,,,,,,,,deny,0.1.0
database_admin,execute_integration_action,maintenance,,,,,,,,,,,,,,deny,0.1.0
database_admin,configure_policy,maintenance,,,,,,,,,,,,,,deny,0.1.0
database_admin,administer_permissions,maintenance,,,,,,,,,,,,,,deny,0.1.0
production_secret,view_list,maintenance,,,,,,,,,,,,,,deny,0.1.0
production_secret,view_detail,maintenance,,,,,,,,,,,,,,deny,0.1.0
production_secret,view_sensitive_detail,maintenance,,,,,,,,,,,,,,deny,0.1.0
production_secret,create,maintenance,,,,,,,,,,,,,,deny,0.1.0
production_secret,edit,maintenance,,,,,,,,,,,,,,deny,0.1.0
production_secret,submit,maintenance,,,,,,,,,,,,,,deny,0.1.0
production_secret,approve,maintenance,,,,,,,,,,,,,,deny,0.1.0
production_secret,reject,maintenance,,,,,,,,,,,,,,deny,0.1.0
production_secret,assign,maintenance,,,,,,,,,,,,,,deny,0.1.0
production_secret,reassign,maintenance,,,,,,,,,,,,,,deny,0.1.0
production_secret,export,maintenance,,,,,,,,,,,,,,deny,0.1.0
production_secret,upload,maintenance,,,,,,,,,,,,,,deny,0.1.0
production_secret,download,maintenance,,,,,,,,,,,,,,deny,0.1.0
production_secret,delete_or_archive,maintenance,,,,,,,,,,,,,,deny,0.1.0
production_secret,restore,maintenance,,,,,,,,,,,,,,deny,0.1.0
production_secret,adjust_financial_record,maintenance,,,,,,,,,,,,,,deny,0.1.0
production_secret,execute_integration_action,maintenance,,,,,,,,,,,,,,deny,0.1.0
production_secret,configure_policy,maintenance,,,,,,,,,,,,,,deny,0.1.0
production_secret,administer_permissions,maintenance,,,,,,,,,,,,,,deny,0.1.0
deployment,view_list,maintenance,,,,,,,,,,,,,,deny,0.1.0
deployment,view_detail,maintenance,,,,,,,,,,,,,,deny,0.1.0
deployment,view_sensitive_detail,maintenance,,,,,,,,,,,,,,deny,0.1.0
deployment,create,maintenance,,,,,,,,,,,,,,deny,0.1.0
deployment,edit,maintenance,,,,,,,,,,,,,,deny,0.1.0
deployment,submit,maintenance,,,,,,,,,,,,,,deny,0.1.0
deployment,approve,maintenance,,,,,,,,,,,,,,deny,0.1.0
deployment,reject,maintenance,,,,,,,,,,,,,,deny,0.1.0
deployment,assign,maintenance,,,,,,,,,,,,,,deny,0.1.0
deployment,reassign,maintenance,,,,,,,,,,,,,,deny,0.1.0
deployment,export,maintenance,,,,,,,,,,,,,,deny,0.1.0
deployment,upload,maintenance,,,,,,,,,,,,,,deny,0.1.0
deployment,download,maintenance,,,,,,,,,,,,,,deny,0.1.0
deployment,delete_or_archive,maintenance,,,,,,,,,,,,,,deny,0.1.0
deployment,restore,maintenance,,,,,,,,,,,,,,deny,0.1.0
deployment,adjust_financial_record,maintenance,,,,,,,,,,,,,,deny,0.1.0
deployment,execute_integration_action,maintenance,,,,,,,,,,,,,,deny,0.1.0
deployment,configure_policy,maintenance,,,,,,,,,,,,,,deny,0.1.0
deployment,administer_permissions,maintenance,,,,,,,,,,,,,,deny,0.1.0
migration_execution,view_list,maintenance,,,,,,,,,,,,,,deny,0.1.0
migration_execution,view_detail,maintenance,,,,,,,,,,,,,,deny,0.1.0
migration_execution,view_sensitive_detail,maintenance,,,,,,,,,,,,,,deny,0.1.0
migration_execution,create,maintenance,,,,,,,,,,,,,,deny,0.1.0
migration_execution,edit,maintenance,,,,,,,,,,,,,,deny,0.1.0
migration_execution,submit,maintenance,,,,,,,,,,,,,,deny,0.1.0
migration_execution,approve,maintenance,,,,,,,,,,,,,,deny,0.1.0
migration_execution,reject,maintenance,,,,,,,,,,,,,,deny,0.1.0
migration_execution,assign,maintenance,,,,,,,,,,,,,,deny,0.1.0
migration_execution,reassign,maintenance,,,,,,,,,,,,,,deny,0.1.0
migration_execution,export,maintenance,,,,,,,,,,,,,,deny,0.1.0
migration_execution,upload,maintenance,,,,,,,,,,,,,,deny,0.1.0
migration_execution,download,maintenance,,,,,,,,,,,,,,deny,0.1.0
migration_execution,delete_or_archive,maintenance,,,,,,,,,,,,,,deny,0.1.0
migration_execution,restore,maintenance,,,,,,,,,,,,,,deny,0.1.0
migration_execution,adjust_financial_record,maintenance,,,,,,,,,,,,,,deny,0.1.0
migration_execution,execute_integration_action,maintenance,,,,,,,,,,,,,,deny,0.1.0
migration_execution,configure_policy,maintenance,,,,,,,,,,,,,,deny,0.1.0
migration_execution,administer_permissions,maintenance,,,,,,,,,,,,,,deny,0.1.0
rls_policy,view_list,maintenance,,,,,,,,,,,,,,deny,0.1.0
rls_policy,view_detail,maintenance,,,,,,,,,,,,,,deny,0.1.0
rls_policy,view_sensitive_detail,maintenance,,,,,,,,,,,,,,deny,0.1.0
rls_policy,create,maintenance,,,,,,,,,,,,,,deny,0.1.0
rls_policy,edit,maintenance,,,,,,,,,,,,,,deny,0.1.0
rls_policy,submit,maintenance,,,,,,,,,,,,,,deny,0.1.0
rls_policy,approve,maintenance,,,,,,,,,,,,,,deny,0.1.0
rls_policy,reject,maintenance,,,,,,,,,,,,,,deny,0.1.0
rls_policy,assign,maintenance,,,,,,,,,,,,,,deny,0.1.0
rls_policy,reassign,maintenance,,,,,,,,,,,,,,deny,0.1.0
rls_policy,export,maintenance,,,,,,,,,,,,,,deny,0.1.0
rls_policy,upload,maintenance,,,,,,,,,,,,,,deny,0.1.0
rls_policy,download,maintenance,,,,,,,,,,,,,,deny,0.1.0
rls_policy,delete_or_archive,maintenance,,,,,,,,,,,,,,deny,0.1.0
rls_policy,restore,maintenance,,,,,,,,,,,,,,deny,0.1.0
rls_policy,adjust_financial_record,maintenance,,,,,,,,,,,,,,deny,0.1.0
rls_policy,execute_integration_action,maintenance,,,,,,,,,,,,,,deny,0.1.0
rls_policy,configure_policy,maintenance,,,,,,,,,,,,,,deny,0.1.0
rls_policy,administer_permissions,maintenance,,,,,,,,,,,,,,deny,0.1.0
developer_flag,view_list,maintenance,,,,,,,,,,,,,,deny,0.1.0
developer_flag,view_detail,maintenance,,,,,,,,,,,,,,deny,0.1.0
developer_flag,view_sensitive_detail,maintenance,,,,,,,,,,,,,,deny,0.1.0
developer_flag,create,maintenance,,,,,,,,,,,,,,deny,0.1.0
developer_flag,edit,maintenance,,,,,,,,,,,,,,deny,0.1.0
developer_flag,submit,maintenance,,,,,,,,,,,,,,deny,0.1.0
developer_flag,approve,maintenance,,,,,,,,,,,,,,deny,0.1.0
developer_flag,reject,maintenance,,,,,,,,,,,,,,deny,0.1.0
developer_flag,assign,maintenance,,,,,,,,,,,,,,deny,0.1.0
developer_flag,reassign,maintenance,,,,,,,,,,,,,,deny,0.1.0
developer_flag,export,maintenance,,,,,,,,,,,,,,deny,0.1.0
developer_flag,upload,maintenance,,,,,,,,,,,,,,deny,0.1.0
developer_flag,download,maintenance,,,,,,,,,,,,,,deny,0.1.0
developer_flag,delete_or_archive,maintenance,,,,,,,,,,,,,,deny,0.1.0
developer_flag,restore,maintenance,,,,,,,,,,,,,,deny,0.1.0
developer_flag,adjust_financial_record,maintenance,,,,,,,,,,,,,,deny,0.1.0
developer_flag,execute_integration_action,maintenance,,,,,,,,,,,,,,deny,0.1.0
developer_flag,configure_policy,maintenance,,,,,,,,,,,,,,deny,0.1.0
developer_flag,administer_permissions,maintenance,,,,,,,,,,,,,,deny,0.1.0
secret_rotation,view_list,maintenance,,,,,,,,,,,,,,deny,0.1.0
secret_rotation,view_detail,maintenance,,,,,,,,,,,,,,deny,0.1.0
secret_rotation,view_sensitive_detail,maintenance,,,,,,,,,,,,,,deny,0.1.0
secret_rotation,create,maintenance,,,,,,,,,,,,,,deny,0.1.0
secret_rotation,edit,maintenance,,,,,,,,,,,,,,deny,0.1.0
secret_rotation,submit,maintenance,,,,,,,,,,,,,,deny,0.1.0
secret_rotation,approve,maintenance,,,,,,,,,,,,,,deny,0.1.0
secret_rotation,reject,maintenance,,,,,,,,,,,,,,deny,0.1.0
secret_rotation,assign,maintenance,,,,,,,,,,,,,,deny,0.1.0
secret_rotation,reassign,maintenance,,,,,,,,,,,,,,deny,0.1.0
secret_rotation,export,maintenance,,,,,,,,,,,,,,deny,0.1.0
secret_rotation,upload,maintenance,,,,,,,,,,,,,,deny,0.1.0
secret_rotation,download,maintenance,,,,,,,,,,,,,,deny,0.1.0
secret_rotation,delete_or_archive,maintenance,,,,,,,,,,,,,,deny,0.1.0
secret_rotation,restore,maintenance,,,,,,,,,,,,,,deny,0.1.0
secret_rotation,adjust_financial_record,maintenance,,,,,,,,,,,,,,deny,0.1.0
secret_rotation,execute_integration_action,maintenance,,,,,,,,,,,,,,deny,0.1.0
secret_rotation,configure_policy,maintenance,,,,,,,,,,,,,,deny,0.1.0
secret_rotation,administer_permissions,maintenance,,,,,,,,,,,,,,deny,0.1.0
support_access,view_list,maintenance,,,,,,,,,,,,,,deny,0.1.0
support_access,view_detail,maintenance,,,,,,,,,,,,,,deny,0.1.0
support_access,view_sensitive_detail,maintenance,,,,,,,,,,,,,,deny,0.1.0
support_access,create,maintenance,,,,,,,,,,,,,,deny,0.1.0
support_access,edit,maintenance,,,,,,,,,,,,,,deny,0.1.0
support_access,submit,maintenance,,,,,,,,,,,,,,deny,0.1.0
support_access,approve,maintenance,,,,,,,,,,,,,,deny,0.1.0
support_access,reject,maintenance,,,,,,,,,,,,,,deny,0.1.0
support_access,assign,maintenance,,,,,,,,,,,,,,deny,0.1.0
support_access,reassign,maintenance,,,,,,,,,,,,,,deny,0.1.0
support_access,export,maintenance,,,,,,,,,,,,,,deny,0.1.0
support_access,upload,maintenance,,,,,,,,,,,,,,deny,0.1.0
support_access,download,maintenance,,,,,,,,,,,,,,deny,0.1.0
support_access,delete_or_archive,maintenance,,,,,,,,,,,,,,deny,0.1.0
support_access,restore,maintenance,,,,,,,,,,,,,,deny,0.1.0
support_access,adjust_financial_record,maintenance,,,,,,,,,,,,,,deny,0.1.0
support_access,execute_integration_action,maintenance,,,,,,,,,,,,,,deny,0.1.0
support_access,configure_policy,maintenance,,,,,,,,,,,,,,deny,0.1.0
support_access,administer_permissions,maintenance,,,,,,,,,,,,,,deny,0.1.0
impersonation,view_list,maintenance,,,,,,,,,,,,,,deny,0.1.0
impersonation,view_detail,maintenance,,,,,,,,,,,,,,deny,0.1.0
impersonation,view_sensitive_detail,maintenance,,,,,,,,,,,,,,deny,0.1.0
impersonation,create,maintenance,,,,,,,,,,,,,,deny,0.1.0
impersonation,edit,maintenance,,,,,,,,,,,,,,deny,0.1.0
impersonation,submit,maintenance,,,,,,,,,,,,,,deny,0.1.0
impersonation,approve,maintenance,,,,,,,,,,,,,,deny,0.1.0
impersonation,reject,maintenance,,,,,,,,,,,,,,deny,0.1.0
impersonation,assign,maintenance,,,,,,,,,,,,,,deny,0.1.0
impersonation,reassign,maintenance,,,,,,,,,,,,,,deny,0.1.0
impersonation,export,maintenance,,,,,,,,,,,,,,deny,0.1.0
impersonation,upload,maintenance,,,,,,,,,,,,,,deny,0.1.0
impersonation,download,maintenance,,,,,,,,,,,,,,deny,0.1.0
impersonation,delete_or_archive,maintenance,,,,,,,,,,,,,,deny,0.1.0
impersonation,restore,maintenance,,,,,,,,,,,,,,deny,0.1.0
impersonation,adjust_financial_record,maintenance,,,,,,,,,,,,,,deny,0.1.0
impersonation,execute_integration_action,maintenance,,,,,,,,,,,,,,deny,0.1.0
impersonation,configure_policy,maintenance,,,,,,,,,,,,,,deny,0.1.0
impersonation,administer_permissions,maintenance,,,,,,,,,,,,,,deny,0.1.0
organization,view_list,subcontractor,,,,,,,,,,,,,,deny,0.1.0
organization,view_detail,subcontractor,,,,,,,,,,,,,,deny,0.1.0
organization,view_sensitive_detail,subcontractor,,,,,,,,,,,,,,deny,0.1.0
organization,create,subcontractor,,,,,,,,,,,,,,deny,0.1.0
organization,edit,subcontractor,,,,,,,,,,,,,,deny,0.1.0
organization,submit,subcontractor,,,,,,,,,,,,,,deny,0.1.0
organization,approve,subcontractor,,,,,,,,,,,,,,deny,0.1.0
organization,reject,subcontractor,,,,,,,,,,,,,,deny,0.1.0
organization,assign,subcontractor,,,,,,,,,,,,,,deny,0.1.0
organization,reassign,subcontractor,,,,,,,,,,,,,,deny,0.1.0
organization,export,subcontractor,,,,,,,,,,,,,,deny,0.1.0
organization,upload,subcontractor,,,,,,,,,,,,,,deny,0.1.0
organization,download,subcontractor,,,,,,,,,,,,,,deny,0.1.0
organization,delete_or_archive,subcontractor,,,,,,,,,,,,,,deny,0.1.0
organization,restore,subcontractor,,,,,,,,,,,,,,deny,0.1.0
organization,adjust_financial_record,subcontractor,,,,,,,,,,,,,,deny,0.1.0
organization,execute_integration_action,subcontractor,,,,,,,,,,,,,,deny,0.1.0
organization,configure_policy,subcontractor,,,,,,,,,,,,,,deny,0.1.0
organization,administer_permissions,subcontractor,,,,,,,,,,,,,,deny,0.1.0
ownership_entity,view_list,subcontractor,,,,,,,,,,,,,,deny,0.1.0
ownership_entity,view_detail,subcontractor,,,,,,,,,,,,,,deny,0.1.0
ownership_entity,view_sensitive_detail,subcontractor,,,,,,,,,,,,,,deny,0.1.0
ownership_entity,create,subcontractor,,,,,,,,,,,,,,deny,0.1.0
ownership_entity,edit,subcontractor,,,,,,,,,,,,,,deny,0.1.0
ownership_entity,submit,subcontractor,,,,,,,,,,,,,,deny,0.1.0
ownership_entity,approve,subcontractor,,,,,,,,,,,,,,deny,0.1.0
ownership_entity,reject,subcontractor,,,,,,,,,,,,,,deny,0.1.0
ownership_entity,assign,subcontractor,,,,,,,,,,,,,,deny,0.1.0
ownership_entity,reassign,subcontractor,,,,,,,,,,,,,,deny,0.1.0
ownership_entity,export,subcontractor,,,,,,,,,,,,,,deny,0.1.0
ownership_entity,upload,subcontractor,,,,,,,,,,,,,,deny,0.1.0
ownership_entity,download,subcontractor,,,,,,,,,,,,,,deny,0.1.0
ownership_entity,delete_or_archive,subcontractor,,,,,,,,,,,,,,deny,0.1.0
ownership_entity,restore,subcontractor,,,,,,,,,,,,,,deny,0.1.0
ownership_entity,adjust_financial_record,subcontractor,,,,,,,,,,,,,,deny,0.1.0
ownership_entity,execute_integration_action,subcontractor,,,,,,,,,,,,,,deny,0.1.0
ownership_entity,configure_policy,subcontractor,,,,,,,,,,,,,,deny,0.1.0
ownership_entity,administer_permissions,subcontractor,,,,,,,,,,,,,,deny,0.1.0
property,view_list,subcontractor,,,,,,,,,,,,,,deny,0.1.0
property,view_detail,subcontractor,,,,,,,,,,,,,,deny,0.1.0
property,view_sensitive_detail,subcontractor,,,,,,,,,,,,,,deny,0.1.0
property,create,subcontractor,,,,,,,,,,,,,,deny,0.1.0
property,edit,subcontractor,,,,,,,,,,,,,,deny,0.1.0
property,submit,subcontractor,,,,,,,,,,,,,,deny,0.1.0
property,approve,subcontractor,,,,,,,,,,,,,,deny,0.1.0
property,reject,subcontractor,,,,,,,,,,,,,,deny,0.1.0
property,assign,subcontractor,,,,,,,,,,,,,,deny,0.1.0
property,reassign,subcontractor,,,,,,,,,,,,,,deny,0.1.0
property,export,subcontractor,,,,,,,,,,,,,,deny,0.1.0
property,upload,subcontractor,,,,,,,,,,,,,,deny,0.1.0
property,download,subcontractor,,,,,,,,,,,,,,deny,0.1.0
property,delete_or_archive,subcontractor,,,,,,,,,,,,,,deny,0.1.0
property,restore,subcontractor,,,,,,,,,,,,,,deny,0.1.0
property,adjust_financial_record,subcontractor,,,,,,,,,,,,,,deny,0.1.0
property,execute_integration_action,subcontractor,,,,,,,,,,,,,,deny,0.1.0
property,configure_policy,subcontractor,,,,,,,,,,,,,,deny,0.1.0
property,administer_permissions,subcontractor,,,,,,,,,,,,,,deny,0.1.0
building,view_list,subcontractor,,,,,,,,,,,,,,deny,0.1.0
building,view_detail,subcontractor,,,,,,,,,,,,,,deny,0.1.0
building,view_sensitive_detail,subcontractor,,,,,,,,,,,,,,deny,0.1.0
building,create,subcontractor,,,,,,,,,,,,,,deny,0.1.0
building,edit,subcontractor,,,,,,,,,,,,,,deny,0.1.0
building,submit,subcontractor,,,,,,,,,,,,,,deny,0.1.0
building,approve,subcontractor,,,,,,,,,,,,,,deny,0.1.0
building,reject,subcontractor,,,,,,,,,,,,,,deny,0.1.0
building,assign,subcontractor,,,,,,,,,,,,,,deny,0.1.0
building,reassign,subcontractor,,,,,,,,,,,,,,deny,0.1.0
building,export,subcontractor,,,,,,,,,,,,,,deny,0.1.0
building,upload,subcontractor,,,,,,,,,,,,,,deny,0.1.0
building,download,subcontractor,,,,,,,,,,,,,,deny,0.1.0
building,delete_or_archive,subcontractor,,,,,,,,,,,,,,deny,0.1.0
building,restore,subcontractor,,,,,,,,,,,,,,deny,0.1.0
building,adjust_financial_record,subcontractor,,,,,,,,,,,,,,deny,0.1.0
building,execute_integration_action,subcontractor,,,,,,,,,,,,,,deny,0.1.0
building,configure_policy,subcontractor,,,,,,,,,,,,,,deny,0.1.0
building,administer_permissions,subcontractor,,,,,,,,,,,,,,deny,0.1.0
unit,view_list,subcontractor,same,authorized,authorized,authorized,authorized,not_required,assigned,False,"['public', 'internal', 'confidential']",False,False,True,False,conditional_allow,0.1.0
unit,view_detail,subcontractor,same,authorized,authorized,authorized,authorized,not_required,assigned,False,"['public', 'internal', 'confidential']",False,False,True,False,conditional_allow,0.1.0
unit,view_sensitive_detail,subcontractor,,,,,,,,,,,,,,deny,0.1.0
unit,create,subcontractor,,,,,,,,,,,,,,deny,0.1.0
unit,edit,subcontractor,,,,,,,,,,,,,,deny,0.1.0
unit,submit,subcontractor,same,authorized,authorized,authorized,authorized,not_required,assigned,False,"['public', 'internal', 'confidential']",False,False,True,False,conditional_allow,0.1.0
unit,approve,subcontractor,,,,,,,,,,,,,,deny,0.1.0
unit,reject,subcontractor,,,,,,,,,,,,,,deny,0.1.0
unit,assign,subcontractor,,,,,,,,,,,,,,deny,0.1.0
unit,reassign,subcontractor,,,,,,,,,,,,,,deny,0.1.0
unit,export,subcontractor,,,,,,,,,,,,,,deny,0.1.0
unit,upload,subcontractor,same,authorized,authorized,authorized,authorized,not_required,assigned,False,"['public', 'internal', 'confidential']",False,False,True,False,conditional_allow,0.1.0
unit,download,subcontractor,same,authorized,authorized,authorized,authorized,not_required,assigned,False,"['public', 'internal', 'confidential']",False,False,True,False,conditional_allow,0.1.0
unit,delete_or_archive,subcontractor,,,,,,,,,,,,,,deny,0.1.0
unit,restore,subcontractor,,,,,,,,,,,,,,deny,0.1.0
unit,adjust_financial_record,subcontractor,,,,,,,,,,,,,,deny,0.1.0
unit,execute_integration_action,subcontractor,,,,,,,,,,,,,,deny,0.1.0
unit,configure_policy,subcontractor,,,,,,,,,,,,,,deny,0.1.0
unit,administer_permissions,subcontractor,,,,,,,,,,,,,,deny,0.1.0
household,view_list,subcontractor,,,,,,,,,,,,,,deny,0.1.0
household,view_detail,subcontractor,,,,,,,,,,,,,,deny,0.1.0
household,view_sensitive_detail,subcontractor,,,,,,,,,,,,,,deny,0.1.0
household,create,subcontractor,,,,,,,,,,,,,,deny,0.1.0
household,edit,subcontractor,,,,,,,,,,,,,,deny,0.1.0
household,submit,subcontractor,,,,,,,,,,,,,,deny,0.1.0
household,approve,subcontractor,,,,,,,,,,,,,,deny,0.1.0
household,reject,subcontractor,,,,,,,,,,,,,,deny,0.1.0
household,assign,subcontractor,,,,,,,,,,,,,,deny,0.1.0
household,reassign,subcontractor,,,,,,,,,,,,,,deny,0.1.0
household,export,subcontractor,,,,,,,,,,,,,,deny,0.1.0
household,upload,subcontractor,,,,,,,,,,,,,,deny,0.1.0
household,download,subcontractor,,,,,,,,,,,,,,deny,0.1.0
household,delete_or_archive,subcontractor,,,,,,,,,,,,,,deny,0.1.0
household,restore,subcontractor,,,,,,,,,,,,,,deny,0.1.0
household,adjust_financial_record,subcontractor,,,,,,,,,,,,,,deny,0.1.0
household,execute_integration_action,subcontractor,,,,,,,,,,,,,,deny,0.1.0
household,configure_policy,subcontractor,,,,,,,,,,,,,,deny,0.1.0
household,administer_permissions,subcontractor,,,,,,,,,,,,,,deny,0.1.0
person,view_list,subcontractor,,,,,,,,,,,,,,deny,0.1.0
person,view_detail,subcontractor,,,,,,,,,,,,,,deny,0.1.0
person,view_sensitive_detail,subcontractor,,,,,,,,,,,,,,deny,0.1.0
person,create,subcontractor,,,,,,,,,,,,,,deny,0.1.0
person,edit,subcontractor,,,,,,,,,,,,,,deny,0.1.0
person,submit,subcontractor,,,,,,,,,,,,,,deny,0.1.0
person,approve,subcontractor,,,,,,,,,,,,,,deny,0.1.0
person,reject,subcontractor,,,,,,,,,,,,,,deny,0.1.0
person,assign,subcontractor,,,,,,,,,,,,,,deny,0.1.0
person,reassign,subcontractor,,,,,,,,,,,,,,deny,0.1.0
person,export,subcontractor,,,,,,,,,,,,,,deny,0.1.0
person,upload,subcontractor,,,,,,,,,,,,,,deny,0.1.0
person,download,subcontractor,,,,,,,,,,,,,,deny,0.1.0
person,delete_or_archive,subcontractor,,,,,,,,,,,,,,deny,0.1.0
person,restore,subcontractor,,,,,,,,,,,,,,deny,0.1.0
person,adjust_financial_record,subcontractor,,,,,,,,,,,,,,deny,0.1.0
person,execute_integration_action,subcontractor,,,,,,,,,,,,,,deny,0.1.0
person,configure_policy,subcontractor,,,,,,,,,,,,,,deny,0.1.0
person,administer_permissions,subcontractor,,,,,,,,,,,,,,deny,0.1.0
application,view_list,subcontractor,,,,,,,,,,,,,,deny,0.1.0
application,view_detail,subcontractor,,,,,,,,,,,,,,deny,0.1.0
application,view_sensitive_detail,subcontractor,,,,,,,,,,,,,,deny,0.1.0
application,create,subcontractor,,,,,,,,,,,,,,deny,0.1.0
application,edit,subcontractor,,,,,,,,,,,,,,deny,0.1.0
application,submit,subcontractor,,,,,,,,,,,,,,deny,0.1.0
application,approve,subcontractor,,,,,,,,,,,,,,deny,0.1.0
application,reject,subcontractor,,,,,,,,,,,,,,deny,0.1.0
application,assign,subcontractor,,,,,,,,,,,,,,deny,0.1.0
application,reassign,subcontractor,,,,,,,,,,,,,,deny,0.1.0
application,export,subcontractor,,,,,,,,,,,,,,deny,0.1.0
application,upload,subcontractor,,,,,,,,,,,,,,deny,0.1.0
application,download,subcontractor,,,,,,,,,,,,,,deny,0.1.0
application,delete_or_archive,subcontractor,,,,,,,,,,,,,,deny,0.1.0
application,restore,subcontractor,,,,,,,,,,,,,,deny,0.1.0
application,adjust_financial_record,subcontractor,,,,,,,,,,,,,,deny,0.1.0
application,execute_integration_action,subcontractor,,,,,,,,,,,,,,deny,0.1.0
application,configure_policy,subcontractor,,,,,,,,,,,,,,deny,0.1.0
application,administer_permissions,subcontractor,,,,,,,,,,,,,,deny,0.1.0
showing,view_list,subcontractor,,,,,,,,,,,,,,deny,0.1.0
showing,view_detail,subcontractor,,,,,,,,,,,,,,deny,0.1.0
showing,view_sensitive_detail,subcontractor,,,,,,,,,,,,,,deny,0.1.0
showing,create,subcontractor,,,,,,,,,,,,,,deny,0.1.0
showing,edit,subcontractor,,,,,,,,,,,,,,deny,0.1.0
showing,submit,subcontractor,,,,,,,,,,,,,,deny,0.1.0
showing,approve,subcontractor,,,,,,,,,,,,,,deny,0.1.0
showing,reject,subcontractor,,,,,,,,,,,,,,deny,0.1.0
showing,assign,subcontractor,,,,,,,,,,,,,,deny,0.1.0
showing,reassign,subcontractor,,,,,,,,,,,,,,deny,0.1.0
showing,export,subcontractor,,,,,,,,,,,,,,deny,0.1.0
showing,upload,subcontractor,,,,,,,,,,,,,,deny,0.1.0
showing,download,subcontractor,,,,,,,,,,,,,,deny,0.1.0
showing,delete_or_archive,subcontractor,,,,,,,,,,,,,,deny,0.1.0
showing,restore,subcontractor,,,,,,,,,,,,,,deny,0.1.0
showing,adjust_financial_record,subcontractor,,,,,,,,,,,,,,deny,0.1.0
showing,execute_integration_action,subcontractor,,,,,,,,,,,,,,deny,0.1.0
showing,configure_policy,subcontractor,,,,,,,,,,,,,,deny,0.1.0
showing,administer_permissions,subcontractor,,,,,,,,,,,,,,deny,0.1.0
lease,view_list,subcontractor,,,,,,,,,,,,,,deny,0.1.0
lease,view_detail,subcontractor,,,,,,,,,,,,,,deny,0.1.0
lease,view_sensitive_detail,subcontractor,,,,,,,,,,,,,,deny,0.1.0
lease,create,subcontractor,,,,,,,,,,,,,,deny,0.1.0
lease,edit,subcontractor,,,,,,,,,,,,,,deny,0.1.0
lease,submit,subcontractor,,,,,,,,,,,,,,deny,0.1.0
lease,approve,subcontractor,,,,,,,,,,,,,,deny,0.1.0
lease,reject,subcontractor,,,,,,,,,,,,,,deny,0.1.0
lease,assign,subcontractor,,,,,,,,,,,,,,deny,0.1.0
lease,reassign,subcontractor,,,,,,,,,,,,,,deny,0.1.0
lease,export,subcontractor,,,,,,,,,,,,,,deny,0.1.0
lease,upload,subcontractor,,,,,,,,,,,,,,deny,0.1.0
lease,download,subcontractor,,,,,,,,,,,,,,deny,0.1.0
lease,delete_or_archive,subcontractor,,,,,,,,,,,,,,deny,0.1.0
lease,restore,subcontractor,,,,,,,,,,,,,,deny,0.1.0
lease,adjust_financial_record,subcontractor,,,,,,,,,,,,,,deny,0.1.0
lease,execute_integration_action,subcontractor,,,,,,,,,,,,,,deny,0.1.0
lease,configure_policy,subcontractor,,,,,,,,,,,,,,deny,0.1.0
lease,administer_permissions,subcontractor,,,,,,,,,,,,,,deny,0.1.0
maintenance,view_list,subcontractor,same,authorized,authorized,authorized,authorized,not_required,assigned,False,"['public', 'internal', 'confidential']",False,False,True,False,conditional_allow,0.1.0
maintenance,view_detail,subcontractor,same,authorized,authorized,authorized,authorized,not_required,assigned,False,"['public', 'internal', 'confidential']",False,False,True,False,conditional_allow,0.1.0
maintenance,view_sensitive_detail,subcontractor,,,,,,,,,,,,,,deny,0.1.0
maintenance,create,subcontractor,,,,,,,,,,,,,,deny,0.1.0
maintenance,edit,subcontractor,,,,,,,,,,,,,,deny,0.1.0
maintenance,submit,subcontractor,same,authorized,authorized,authorized,authorized,not_required,assigned,False,"['public', 'internal', 'confidential']",False,False,True,False,conditional_allow,0.1.0
maintenance,approve,subcontractor,,,,,,,,,,,,,,deny,0.1.0
maintenance,reject,subcontractor,,,,,,,,,,,,,,deny,0.1.0
maintenance,assign,subcontractor,,,,,,,,,,,,,,deny,0.1.0
maintenance,reassign,subcontractor,,,,,,,,,,,,,,deny,0.1.0
maintenance,export,subcontractor,,,,,,,,,,,,,,deny,0.1.0
maintenance,upload,subcontractor,same,authorized,authorized,authorized,authorized,not_required,assigned,False,"['public', 'internal', 'confidential']",False,False,True,False,conditional_allow,0.1.0
maintenance,download,subcontractor,same,authorized,authorized,authorized,authorized,not_required,assigned,False,"['public', 'internal', 'confidential']",False,False,True,False,conditional_allow,0.1.0
maintenance,delete_or_archive,subcontractor,,,,,,,,,,,,,,deny,0.1.0
maintenance,restore,subcontractor,,,,,,,,,,,,,,deny,0.1.0
maintenance,adjust_financial_record,subcontractor,,,,,,,,,,,,,,deny,0.1.0
maintenance,execute_integration_action,subcontractor,,,,,,,,,,,,,,deny,0.1.0
maintenance,configure_policy,subcontractor,,,,,,,,,,,,,,deny,0.1.0
maintenance,administer_permissions,subcontractor,,,,,,,,,,,,,,deny,0.1.0
assignment,view_list,subcontractor,same,authorized,authorized,authorized,authorized,not_required,assigned,False,"['public', 'internal', 'confidential']",False,False,True,False,conditional_allow,0.1.0
assignment,view_detail,subcontractor,same,authorized,authorized,authorized,authorized,not_required,assigned,False,"['public', 'internal', 'confidential']",False,False,True,False,conditional_allow,0.1.0
assignment,view_sensitive_detail,subcontractor,,,,,,,,,,,,,,deny,0.1.0
assignment,create,subcontractor,,,,,,,,,,,,,,deny,0.1.0
assignment,edit,subcontractor,,,,,,,,,,,,,,deny,0.1.0
assignment,submit,subcontractor,same,authorized,authorized,authorized,authorized,not_required,assigned,False,"['public', 'internal', 'confidential']",False,False,True,False,conditional_allow,0.1.0
assignment,approve,subcontractor,,,,,,,,,,,,,,deny,0.1.0
assignment,reject,subcontractor,,,,,,,,,,,,,,deny,0.1.0
assignment,assign,subcontractor,,,,,,,,,,,,,,deny,0.1.0
assignment,reassign,subcontractor,,,,,,,,,,,,,,deny,0.1.0
assignment,export,subcontractor,,,,,,,,,,,,,,deny,0.1.0
assignment,upload,subcontractor,same,authorized,authorized,authorized,authorized,not_required,assigned,False,"['public', 'internal', 'confidential']",False,False,True,False,conditional_allow,0.1.0
assignment,download,subcontractor,same,authorized,authorized,authorized,authorized,not_required,assigned,False,"['public', 'internal', 'confidential']",False,False,True,False,conditional_allow,0.1.0
assignment,delete_or_archive,subcontractor,,,,,,,,,,,,,,deny,0.1.0
assignment,restore,subcontractor,,,,,,,,,,,,,,deny,0.1.0
assignment,adjust_financial_record,subcontractor,,,,,,,,,,,,,,deny,0.1.0
assignment,execute_integration_action,subcontractor,,,,,,,,,,,,,,deny,0.1.0
assignment,configure_policy,subcontractor,,,,,,,,,,,,,,deny,0.1.0
assignment,administer_permissions,subcontractor,,,,,,,,,,,,,,deny,0.1.0
vendor,view_list,subcontractor,,,,,,,,,,,,,,deny,0.1.0
vendor,view_detail,subcontractor,,,,,,,,,,,,,,deny,0.1.0
vendor,view_sensitive_detail,subcontractor,,,,,,,,,,,,,,deny,0.1.0
vendor,create,subcontractor,,,,,,,,,,,,,,deny,0.1.0
vendor,edit,subcontractor,,,,,,,,,,,,,,deny,0.1.0
vendor,submit,subcontractor,,,,,,,,,,,,,,deny,0.1.0
vendor,approve,subcontractor,,,,,,,,,,,,,,deny,0.1.0
vendor,reject,subcontractor,,,,,,,,,,,,,,deny,0.1.0
vendor,assign,subcontractor,,,,,,,,,,,,,,deny,0.1.0
vendor,reassign,subcontractor,,,,,,,,,,,,,,deny,0.1.0
vendor,export,subcontractor,,,,,,,,,,,,,,deny,0.1.0
vendor,upload,subcontractor,,,,,,,,,,,,,,deny,0.1.0
vendor,download,subcontractor,,,,,,,,,,,,,,deny,0.1.0
vendor,delete_or_archive,subcontractor,,,,,,,,,,,,,,deny,0.1.0
vendor,restore,subcontractor,,,,,,,,,,,,,,deny,0.1.0
vendor,adjust_financial_record,subcontractor,,,,,,,,,,,,,,deny,0.1.0
vendor,execute_integration_action,subcontractor,,,,,,,,,,,,,,deny,0.1.0
vendor,configure_policy,subcontractor,,,,,,,,,,,,,,deny,0.1.0
vendor,administer_permissions,subcontractor,,,,,,,,,,,,,,deny,0.1.0
ledger,view_list,subcontractor,,,,,,,,,,,,,,deny,0.1.0
ledger,view_detail,subcontractor,,,,,,,,,,,,,,deny,0.1.0
ledger,view_sensitive_detail,subcontractor,,,,,,,,,,,,,,deny,0.1.0
ledger,create,subcontractor,,,,,,,,,,,,,,deny,0.1.0
ledger,edit,subcontractor,,,,,,,,,,,,,,deny,0.1.0
ledger,submit,subcontractor,,,,,,,,,,,,,,deny,0.1.0
ledger,approve,subcontractor,,,,,,,,,,,,,,deny,0.1.0
ledger,reject,subcontractor,,,,,,,,,,,,,,deny,0.1.0
ledger,assign,subcontractor,,,,,,,,,,,,,,deny,0.1.0
ledger,reassign,subcontractor,,,,,,,,,,,,,,deny,0.1.0
ledger,export,subcontractor,,,,,,,,,,,,,,deny,0.1.0
ledger,upload,subcontractor,,,,,,,,,,,,,,deny,0.1.0
ledger,download,subcontractor,,,,,,,,,,,,,,deny,0.1.0
ledger,delete_or_archive,subcontractor,,,,,,,,,,,,,,deny,0.1.0
ledger,restore,subcontractor,,,,,,,,,,,,,,deny,0.1.0
ledger,adjust_financial_record,subcontractor,,,,,,,,,,,,,,deny,0.1.0
ledger,execute_integration_action,subcontractor,,,,,,,,,,,,,,deny,0.1.0
ledger,configure_policy,subcontractor,,,,,,,,,,,,,,deny,0.1.0
ledger,administer_permissions,subcontractor,,,,,,,,,,,,,,deny,0.1.0
payment,view_list,subcontractor,,,,,,,,,,,,,,deny,0.1.0
payment,view_detail,subcontractor,,,,,,,,,,,,,,deny,0.1.0
payment,view_sensitive_detail,subcontractor,,,,,,,,,,,,,,deny,0.1.0
payment,create,subcontractor,,,,,,,,,,,,,,deny,0.1.0
payment,edit,subcontractor,,,,,,,,,,,,,,deny,0.1.0
payment,submit,subcontractor,,,,,,,,,,,,,,deny,0.1.0
payment,approve,subcontractor,,,,,,,,,,,,,,deny,0.1.0
payment,reject,subcontractor,,,,,,,,,,,,,,deny,0.1.0
payment,assign,subcontractor,,,,,,,,,,,,,,deny,0.1.0
payment,reassign,subcontractor,,,,,,,,,,,,,,deny,0.1.0
payment,export,subcontractor,,,,,,,,,,,,,,deny,0.1.0
payment,upload,subcontractor,,,,,,,,,,,,,,deny,0.1.0
payment,download,subcontractor,,,,,,,,,,,,,,deny,0.1.0
payment,delete_or_archive,subcontractor,,,,,,,,,,,,,,deny,0.1.0
payment,restore,subcontractor,,,,,,,,,,,,,,deny,0.1.0
payment,adjust_financial_record,subcontractor,,,,,,,,,,,,,,deny,0.1.0
payment,execute_integration_action,subcontractor,,,,,,,,,,,,,,deny,0.1.0
payment,configure_policy,subcontractor,,,,,,,,,,,,,,deny,0.1.0
payment,administer_permissions,subcontractor,,,,,,,,,,,,,,deny,0.1.0
budget,view_list,subcontractor,,,,,,,,,,,,,,deny,0.1.0
budget,view_detail,subcontractor,,,,,,,,,,,,,,deny,0.1.0
budget,view_sensitive_detail,subcontractor,,,,,,,,,,,,,,deny,0.1.0
budget,create,subcontractor,,,,,,,,,,,,,,deny,0.1.0
budget,edit,subcontractor,,,,,,,,,,,,,,deny,0.1.0
budget,submit,subcontractor,,,,,,,,,,,,,,deny,0.1.0
budget,approve,subcontractor,,,,,,,,,,,,,,deny,0.1.0
budget,reject,subcontractor,,,,,,,,,,,,,,deny,0.1.0
budget,assign,subcontractor,,,,,,,,,,,,,,deny,0.1.0
budget,reassign,subcontractor,,,,,,,,,,,,,,deny,0.1.0
budget,export,subcontractor,,,,,,,,,,,,,,deny,0.1.0
budget,upload,subcontractor,,,,,,,,,,,,,,deny,0.1.0
budget,download,subcontractor,,,,,,,,,,,,,,deny,0.1.0
budget,delete_or_archive,subcontractor,,,,,,,,,,,,,,deny,0.1.0
budget,restore,subcontractor,,,,,,,,,,,,,,deny,0.1.0
budget,adjust_financial_record,subcontractor,,,,,,,,,,,,,,deny,0.1.0
budget,execute_integration_action,subcontractor,,,,,,,,,,,,,,deny,0.1.0
budget,configure_policy,subcontractor,,,,,,,,,,,,,,deny,0.1.0
budget,administer_permissions,subcontractor,,,,,,,,,,,,,,deny,0.1.0
document,view_list,subcontractor,same,authorized,authorized,authorized,authorized,not_required,assigned,False,"['public', 'internal', 'confidential']",False,False,True,False,conditional_allow,0.1.0
document,view_detail,subcontractor,same,authorized,authorized,authorized,authorized,not_required,assigned,False,"['public', 'internal', 'confidential']",False,False,True,False,conditional_allow,0.1.0
document,view_sensitive_detail,subcontractor,,,,,,,,,,,,,,deny,0.1.0
document,create,subcontractor,,,,,,,,,,,,,,deny,0.1.0
document,edit,subcontractor,,,,,,,,,,,,,,deny,0.1.0
document,submit,subcontractor,same,authorized,authorized,authorized,authorized,not_required,assigned,False,"['public', 'internal', 'confidential']",False,False,True,False,conditional_allow,0.1.0
document,approve,subcontractor,,,,,,,,,,,,,,deny,0.1.0
document,reject,subcontractor,,,,,,,,,,,,,,deny,0.1.0
document,assign,subcontractor,,,,,,,,,,,,,,deny,0.1.0
document,reassign,subcontractor,,,,,,,,,,,,,,deny,0.1.0
document,export,subcontractor,,,,,,,,,,,,,,deny,0.1.0
document,upload,subcontractor,same,authorized,authorized,authorized,authorized,not_required,assigned,False,"['public', 'internal', 'confidential']",False,False,True,False,conditional_allow,0.1.0
document,download,subcontractor,same,authorized,authorized,authorized,authorized,not_required,assigned,False,"['public', 'internal', 'confidential']",False,False,True,False,conditional_allow,0.1.0
document,delete_or_archive,subcontractor,,,,,,,,,,,,,,deny,0.1.0
document,restore,subcontractor,,,,,,,,,,,,,,deny,0.1.0
document,adjust_financial_record,subcontractor,,,,,,,,,,,,,,deny,0.1.0
document,execute_integration_action,subcontractor,,,,,,,,,,,,,,deny,0.1.0
document,configure_policy,subcontractor,,,,,,,,,,,,,,deny,0.1.0
document,administer_permissions,subcontractor,,,,,,,,,,,,,,deny,0.1.0
restricted_document,view_list,subcontractor,,,,,,,,,,,,,,deny,0.1.0
restricted_document,view_detail,subcontractor,,,,,,,,,,,,,,deny,0.1.0
restricted_document,view_sensitive_detail,subcontractor,,,,,,,,,,,,,,deny,0.1.0
restricted_document,create,subcontractor,,,,,,,,,,,,,,deny,0.1.0
restricted_document,edit,subcontractor,,,,,,,,,,,,,,deny,0.1.0
restricted_document,submit,subcontractor,,,,,,,,,,,,,,deny,0.1.0
restricted_document,approve,subcontractor,,,,,,,,,,,,,,deny,0.1.0
restricted_document,reject,subcontractor,,,,,,,,,,,,,,deny,0.1.0
restricted_document,assign,subcontractor,,,,,,,,,,,,,,deny,0.1.0
restricted_document,reassign,subcontractor,,,,,,,,,,,,,,deny,0.1.0
restricted_document,export,subcontractor,,,,,,,,,,,,,,deny,0.1.0
restricted_document,upload,subcontractor,,,,,,,,,,,,,,deny,0.1.0
restricted_document,download,subcontractor,,,,,,,,,,,,,,deny,0.1.0
restricted_document,delete_or_archive,subcontractor,,,,,,,,,,,,,,deny,0.1.0
restricted_document,restore,subcontractor,,,,,,,,,,,,,,deny,0.1.0
restricted_document,adjust_financial_record,subcontractor,,,,,,,,,,,,,,deny,0.1.0
restricted_document,execute_integration_action,subcontractor,,,,,,,,,,,,,,deny,0.1.0
restricted_document,configure_policy,subcontractor,,,,,,,,,,,,,,deny,0.1.0
restricted_document,administer_permissions,subcontractor,,,,,,,,,,,,,,deny,0.1.0
screening_report,view_list,subcontractor,,,,,,,,,,,,,,deny,0.1.0
screening_report,view_detail,subcontractor,,,,,,,,,,,,,,deny,0.1.0
screening_report,view_sensitive_detail,subcontractor,,,,,,,,,,,,,,deny,0.1.0
screening_report,create,subcontractor,,,,,,,,,,,,,,deny,0.1.0
screening_report,edit,subcontractor,,,,,,,,,,,,,,deny,0.1.0
screening_report,submit,subcontractor,,,,,,,,,,,,,,deny,0.1.0
screening_report,approve,subcontractor,,,,,,,,,,,,,,deny,0.1.0
screening_report,reject,subcontractor,,,,,,,,,,,,,,deny,0.1.0
screening_report,assign,subcontractor,,,,,,,,,,,,,,deny,0.1.0
screening_report,reassign,subcontractor,,,,,,,,,,,,,,deny,0.1.0
screening_report,export,subcontractor,,,,,,,,,,,,,,deny,0.1.0
screening_report,upload,subcontractor,,,,,,,,,,,,,,deny,0.1.0
screening_report,download,subcontractor,,,,,,,,,,,,,,deny,0.1.0
screening_report,delete_or_archive,subcontractor,,,,,,,,,,,,,,deny,0.1.0
screening_report,restore,subcontractor,,,,,,,,,,,,,,deny,0.1.0
screening_report,adjust_financial_record,subcontractor,,,,,,,,,,,,,,deny,0.1.0
screening_report,execute_integration_action,subcontractor,,,,,,,,,,,,,,deny,0.1.0
screening_report,configure_policy,subcontractor,,,,,,,,,,,,,,deny,0.1.0
screening_report,administer_permissions,subcontractor,,,,,,,,,,,,,,deny,0.1.0
communication,view_list,subcontractor,same,authorized,authorized,authorized,authorized,not_required,assigned,False,"['public', 'internal', 'confidential']",False,False,True,False,conditional_allow,0.1.0
communication,view_detail,subcontractor,same,authorized,authorized,authorized,authorized,not_required,assigned,False,"['public', 'internal', 'confidential']",False,False,True,False,conditional_allow,0.1.0
communication,view_sensitive_detail,subcontractor,,,,,,,,,,,,,,deny,0.1.0
communication,create,subcontractor,,,,,,,,,,,,,,deny,0.1.0
communication,edit,subcontractor,,,,,,,,,,,,,,deny,0.1.0
communication,submit,subcontractor,same,authorized,authorized,authorized,authorized,not_required,assigned,False,"['public', 'internal', 'confidential']",False,False,True,False,conditional_allow,0.1.0
communication,approve,subcontractor,,,,,,,,,,,,,,deny,0.1.0
communication,reject,subcontractor,,,,,,,,,,,,,,deny,0.1.0
communication,assign,subcontractor,,,,,,,,,,,,,,deny,0.1.0
communication,reassign,subcontractor,,,,,,,,,,,,,,deny,0.1.0
communication,export,subcontractor,,,,,,,,,,,,,,deny,0.1.0
communication,upload,subcontractor,same,authorized,authorized,authorized,authorized,not_required,assigned,False,"['public', 'internal', 'confidential']",False,False,True,False,conditional_allow,0.1.0
communication,download,subcontractor,same,authorized,authorized,authorized,authorized,not_required,assigned,False,"['public', 'internal', 'confidential']",False,False,True,False,conditional_allow,0.1.0
communication,delete_or_archive,subcontractor,,,,,,,,,,,,,,deny,0.1.0
communication,restore,subcontractor,,,,,,,,,,,,,,deny,0.1.0
communication,adjust_financial_record,subcontractor,,,,,,,,,,,,,,deny,0.1.0
communication,execute_integration_action,subcontractor,,,,,,,,,,,,,,deny,0.1.0
communication,configure_policy,subcontractor,,,,,,,,,,,,,,deny,0.1.0
communication,administer_permissions,subcontractor,,,,,,,,,,,,,,deny,0.1.0
approval,view_list,subcontractor,,,,,,,,,,,,,,deny,0.1.0
approval,view_detail,subcontractor,,,,,,,,,,,,,,deny,0.1.0
approval,view_sensitive_detail,subcontractor,,,,,,,,,,,,,,deny,0.1.0
approval,create,subcontractor,,,,,,,,,,,,,,deny,0.1.0
approval,edit,subcontractor,,,,,,,,,,,,,,deny,0.1.0
approval,submit,subcontractor,,,,,,,,,,,,,,deny,0.1.0
approval,approve,subcontractor,,,,,,,,,,,,,,deny,0.1.0
approval,reject,subcontractor,,,,,,,,,,,,,,deny,0.1.0
approval,assign,subcontractor,,,,,,,,,,,,,,deny,0.1.0
approval,reassign,subcontractor,,,,,,,,,,,,,,deny,0.1.0
approval,export,subcontractor,,,,,,,,,,,,,,deny,0.1.0
approval,upload,subcontractor,,,,,,,,,,,,,,deny,0.1.0
approval,download,subcontractor,,,,,,,,,,,,,,deny,0.1.0
approval,delete_or_archive,subcontractor,,,,,,,,,,,,,,deny,0.1.0
approval,restore,subcontractor,,,,,,,,,,,,,,deny,0.1.0
approval,adjust_financial_record,subcontractor,,,,,,,,,,,,,,deny,0.1.0
approval,execute_integration_action,subcontractor,,,,,,,,,,,,,,deny,0.1.0
approval,configure_policy,subcontractor,,,,,,,,,,,,,,deny,0.1.0
approval,administer_permissions,subcontractor,,,,,,,,,,,,,,deny,0.1.0
delegation,view_list,subcontractor,,,,,,,,,,,,,,deny,0.1.0
delegation,view_detail,subcontractor,,,,,,,,,,,,,,deny,0.1.0
delegation,view_sensitive_detail,subcontractor,,,,,,,,,,,,,,deny,0.1.0
delegation,create,subcontractor,,,,,,,,,,,,,,deny,0.1.0
delegation,edit,subcontractor,,,,,,,,,,,,,,deny,0.1.0
delegation,submit,subcontractor,,,,,,,,,,,,,,deny,0.1.0
delegation,approve,subcontractor,,,,,,,,,,,,,,deny,0.1.0
delegation,reject,subcontractor,,,,,,,,,,,,,,deny,0.1.0
delegation,assign,subcontractor,,,,,,,,,,,,,,deny,0.1.0
delegation,reassign,subcontractor,,,,,,,,,,,,,,deny,0.1.0
delegation,export,subcontractor,,,,,,,,,,,,,,deny,0.1.0
delegation,upload,subcontractor,,,,,,,,,,,,,,deny,0.1.0
delegation,download,subcontractor,,,,,,,,,,,,,,deny,0.1.0
delegation,delete_or_archive,subcontractor,,,,,,,,,,,,,,deny,0.1.0
delegation,restore,subcontractor,,,,,,,,,,,,,,deny,0.1.0
delegation,adjust_financial_record,subcontractor,,,,,,,,,,,,,,deny,0.1.0
delegation,execute_integration_action,subcontractor,,,,,,,,,,,,,,deny,0.1.0
delegation,configure_policy,subcontractor,,,,,,,,,,,,,,deny,0.1.0
delegation,administer_permissions,subcontractor,,,,,,,,,,,,,,deny,0.1.0
report,view_list,subcontractor,,,,,,,,,,,,,,deny,0.1.0
report,view_detail,subcontractor,,,,,,,,,,,,,,deny,0.1.0
report,view_sensitive_detail,subcontractor,,,,,,,,,,,,,,deny,0.1.0
report,create,subcontractor,,,,,,,,,,,,,,deny,0.1.0
report,edit,subcontractor,,,,,,,,,,,,,,deny,0.1.0
report,submit,subcontractor,,,,,,,,,,,,,,deny,0.1.0
report,approve,subcontractor,,,,,,,,,,,,,,deny,0.1.0
report,reject,subcontractor,,,,,,,,,,,,,,deny,0.1.0
report,assign,subcontractor,,,,,,,,,,,,,,deny,0.1.0
report,reassign,subcontractor,,,,,,,,,,,,,,deny,0.1.0
report,export,subcontractor,,,,,,,,,,,,,,deny,0.1.0
report,upload,subcontractor,,,,,,,,,,,,,,deny,0.1.0
report,download,subcontractor,,,,,,,,,,,,,,deny,0.1.0
report,delete_or_archive,subcontractor,,,,,,,,,,,,,,deny,0.1.0
report,restore,subcontractor,,,,,,,,,,,,,,deny,0.1.0
report,adjust_financial_record,subcontractor,,,,,,,,,,,,,,deny,0.1.0
report,execute_integration_action,subcontractor,,,,,,,,,,,,,,deny,0.1.0
report,configure_policy,subcontractor,,,,,,,,,,,,,,deny,0.1.0
report,administer_permissions,subcontractor,,,,,,,,,,,,,,deny,0.1.0
audit,view_list,subcontractor,,,,,,,,,,,,,,deny,0.1.0
audit,view_detail,subcontractor,,,,,,,,,,,,,,deny,0.1.0
audit,view_sensitive_detail,subcontractor,,,,,,,,,,,,,,deny,0.1.0
audit,create,subcontractor,,,,,,,,,,,,,,deny,0.1.0
audit,edit,subcontractor,,,,,,,,,,,,,,deny,0.1.0
audit,submit,subcontractor,,,,,,,,,,,,,,deny,0.1.0
audit,approve,subcontractor,,,,,,,,,,,,,,deny,0.1.0
audit,reject,subcontractor,,,,,,,,,,,,,,deny,0.1.0
audit,assign,subcontractor,,,,,,,,,,,,,,deny,0.1.0
audit,reassign,subcontractor,,,,,,,,,,,,,,deny,0.1.0
audit,export,subcontractor,,,,,,,,,,,,,,deny,0.1.0
audit,upload,subcontractor,,,,,,,,,,,,,,deny,0.1.0
audit,download,subcontractor,,,,,,,,,,,,,,deny,0.1.0
audit,delete_or_archive,subcontractor,,,,,,,,,,,,,,deny,0.1.0
audit,restore,subcontractor,,,,,,,,,,,,,,deny,0.1.0
audit,adjust_financial_record,subcontractor,,,,,,,,,,,,,,deny,0.1.0
audit,execute_integration_action,subcontractor,,,,,,,,,,,,,,deny,0.1.0
audit,configure_policy,subcontractor,,,,,,,,,,,,,,deny,0.1.0
audit,administer_permissions,subcontractor,,,,,,,,,,,,,,deny,0.1.0
integration,view_list,subcontractor,,,,,,,,,,,,,,deny,0.1.0
integration,view_detail,subcontractor,,,,,,,,,,,,,,deny,0.1.0
integration,view_sensitive_detail,subcontractor,,,,,,,,,,,,,,deny,0.1.0
integration,create,subcontractor,,,,,,,,,,,,,,deny,0.1.0
integration,edit,subcontractor,,,,,,,,,,,,,,deny,0.1.0
integration,submit,subcontractor,,,,,,,,,,,,,,deny,0.1.0
integration,approve,subcontractor,,,,,,,,,,,,,,deny,0.1.0
integration,reject,subcontractor,,,,,,,,,,,,,,deny,0.1.0
integration,assign,subcontractor,,,,,,,,,,,,,,deny,0.1.0
integration,reassign,subcontractor,,,,,,,,,,,,,,deny,0.1.0
integration,export,subcontractor,,,,,,,,,,,,,,deny,0.1.0
integration,upload,subcontractor,,,,,,,,,,,,,,deny,0.1.0
integration,download,subcontractor,,,,,,,,,,,,,,deny,0.1.0
integration,delete_or_archive,subcontractor,,,,,,,,,,,,,,deny,0.1.0
integration,restore,subcontractor,,,,,,,,,,,,,,deny,0.1.0
integration,adjust_financial_record,subcontractor,,,,,,,,,,,,,,deny,0.1.0
integration,execute_integration_action,subcontractor,,,,,,,,,,,,,,deny,0.1.0
integration,configure_policy,subcontractor,,,,,,,,,,,,,,deny,0.1.0
integration,administer_permissions,subcontractor,,,,,,,,,,,,,,deny,0.1.0
identity,view_list,subcontractor,,,,,,,,,,,,,,deny,0.1.0
identity,view_detail,subcontractor,,,,,,,,,,,,,,deny,0.1.0
identity,view_sensitive_detail,subcontractor,,,,,,,,,,,,,,deny,0.1.0
identity,create,subcontractor,,,,,,,,,,,,,,deny,0.1.0
identity,edit,subcontractor,,,,,,,,,,,,,,deny,0.1.0
identity,submit,subcontractor,,,,,,,,,,,,,,deny,0.1.0
identity,approve,subcontractor,,,,,,,,,,,,,,deny,0.1.0
identity,reject,subcontractor,,,,,,,,,,,,,,deny,0.1.0
identity,assign,subcontractor,,,,,,,,,,,,,,deny,0.1.0
identity,reassign,subcontractor,,,,,,,,,,,,,,deny,0.1.0
identity,export,subcontractor,,,,,,,,,,,,,,deny,0.1.0
identity,upload,subcontractor,,,,,,,,,,,,,,deny,0.1.0
identity,download,subcontractor,,,,,,,,,,,,,,deny,0.1.0
identity,delete_or_archive,subcontractor,,,,,,,,,,,,,,deny,0.1.0
identity,restore,subcontractor,,,,,,,,,,,,,,deny,0.1.0
identity,adjust_financial_record,subcontractor,,,,,,,,,,,,,,deny,0.1.0
identity,execute_integration_action,subcontractor,,,,,,,,,,,,,,deny,0.1.0
identity,configure_policy,subcontractor,,,,,,,,,,,,,,deny,0.1.0
identity,administer_permissions,subcontractor,,,,,,,,,,,,,,deny,0.1.0
technical_admin,view_list,subcontractor,,,,,,,,,,,,,,deny,0.1.0
technical_admin,view_detail,subcontractor,,,,,,,,,,,,,,deny,0.1.0
technical_admin,view_sensitive_detail,subcontractor,,,,,,,,,,,,,,deny,0.1.0
technical_admin,create,subcontractor,,,,,,,,,,,,,,deny,0.1.0
technical_admin,edit,subcontractor,,,,,,,,,,,,,,deny,0.1.0
technical_admin,submit,subcontractor,,,,,,,,,,,,,,deny,0.1.0
technical_admin,approve,subcontractor,,,,,,,,,,,,,,deny,0.1.0
technical_admin,reject,subcontractor,,,,,,,,,,,,,,deny,0.1.0
technical_admin,assign,subcontractor,,,,,,,,,,,,,,deny,0.1.0
technical_admin,reassign,subcontractor,,,,,,,,,,,,,,deny,0.1.0
technical_admin,export,subcontractor,,,,,,,,,,,,,,deny,0.1.0
technical_admin,upload,subcontractor,,,,,,,,,,,,,,deny,0.1.0
technical_admin,download,subcontractor,,,,,,,,,,,,,,deny,0.1.0
technical_admin,delete_or_archive,subcontractor,,,,,,,,,,,,,,deny,0.1.0
technical_admin,restore,subcontractor,,,,,,,,,,,,,,deny,0.1.0
technical_admin,adjust_financial_record,subcontractor,,,,,,,,,,,,,,deny,0.1.0
technical_admin,execute_integration_action,subcontractor,,,,,,,,,,,,,,deny,0.1.0
technical_admin,configure_policy,subcontractor,,,,,,,,,,,,,,deny,0.1.0
technical_admin,administer_permissions,subcontractor,,,,,,,,,,,,,,deny,0.1.0
source_code,view_list,subcontractor,,,,,,,,,,,,,,deny,0.1.0
source_code,view_detail,subcontractor,,,,,,,,,,,,,,deny,0.1.0
source_code,view_sensitive_detail,subcontractor,,,,,,,,,,,,,,deny,0.1.0
source_code,create,subcontractor,,,,,,,,,,,,,,deny,0.1.0
source_code,edit,subcontractor,,,,,,,,,,,,,,deny,0.1.0
source_code,submit,subcontractor,,,,,,,,,,,,,,deny,0.1.0
source_code,approve,subcontractor,,,,,,,,,,,,,,deny,0.1.0
source_code,reject,subcontractor,,,,,,,,,,,,,,deny,0.1.0
source_code,assign,subcontractor,,,,,,,,,,,,,,deny,0.1.0
source_code,reassign,subcontractor,,,,,,,,,,,,,,deny,0.1.0
source_code,export,subcontractor,,,,,,,,,,,,,,deny,0.1.0
source_code,upload,subcontractor,,,,,,,,,,,,,,deny,0.1.0
source_code,download,subcontractor,,,,,,,,,,,,,,deny,0.1.0
source_code,delete_or_archive,subcontractor,,,,,,,,,,,,,,deny,0.1.0
source_code,restore,subcontractor,,,,,,,,,,,,,,deny,0.1.0
source_code,adjust_financial_record,subcontractor,,,,,,,,,,,,,,deny,0.1.0
source_code,execute_integration_action,subcontractor,,,,,,,,,,,,,,deny,0.1.0
source_code,configure_policy,subcontractor,,,,,,,,,,,,,,deny,0.1.0
source_code,administer_permissions,subcontractor,,,,,,,,,,,,,,deny,0.1.0
database_admin,view_list,subcontractor,,,,,,,,,,,,,,deny,0.1.0
database_admin,view_detail,subcontractor,,,,,,,,,,,,,,deny,0.1.0
database_admin,view_sensitive_detail,subcontractor,,,,,,,,,,,,,,deny,0.1.0
database_admin,create,subcontractor,,,,,,,,,,,,,,deny,0.1.0
database_admin,edit,subcontractor,,,,,,,,,,,,,,deny,0.1.0
database_admin,submit,subcontractor,,,,,,,,,,,,,,deny,0.1.0
database_admin,approve,subcontractor,,,,,,,,,,,,,,deny,0.1.0
database_admin,reject,subcontractor,,,,,,,,,,,,,,deny,0.1.0
database_admin,assign,subcontractor,,,,,,,,,,,,,,deny,0.1.0
database_admin,reassign,subcontractor,,,,,,,,,,,,,,deny,0.1.0
database_admin,export,subcontractor,,,,,,,,,,,,,,deny,0.1.0
database_admin,upload,subcontractor,,,,,,,,,,,,,,deny,0.1.0
database_admin,download,subcontractor,,,,,,,,,,,,,,deny,0.1.0
database_admin,delete_or_archive,subcontractor,,,,,,,,,,,,,,deny,0.1.0
database_admin,restore,subcontractor,,,,,,,,,,,,,,deny,0.1.0
database_admin,adjust_financial_record,subcontractor,,,,,,,,,,,,,,deny,0.1.0
database_admin,execute_integration_action,subcontractor,,,,,,,,,,,,,,deny,0.1.0
database_admin,configure_policy,subcontractor,,,,,,,,,,,,,,deny,0.1.0
database_admin,administer_permissions,subcontractor,,,,,,,,,,,,,,deny,0.1.0
production_secret,view_list,subcontractor,,,,,,,,,,,,,,deny,0.1.0
production_secret,view_detail,subcontractor,,,,,,,,,,,,,,deny,0.1.0
production_secret,view_sensitive_detail,subcontractor,,,,,,,,,,,,,,deny,0.1.0
production_secret,create,subcontractor,,,,,,,,,,,,,,deny,0.1.0
production_secret,edit,subcontractor,,,,,,,,,,,,,,deny,0.1.0
production_secret,submit,subcontractor,,,,,,,,,,,,,,deny,0.1.0
production_secret,approve,subcontractor,,,,,,,,,,,,,,deny,0.1.0
production_secret,reject,subcontractor,,,,,,,,,,,,,,deny,0.1.0
production_secret,assign,subcontractor,,,,,,,,,,,,,,deny,0.1.0
production_secret,reassign,subcontractor,,,,,,,,,,,,,,deny,0.1.0
production_secret,export,subcontractor,,,,,,,,,,,,,,deny,0.1.0
production_secret,upload,subcontractor,,,,,,,,,,,,,,deny,0.1.0
production_secret,download,subcontractor,,,,,,,,,,,,,,deny,0.1.0
production_secret,delete_or_archive,subcontractor,,,,,,,,,,,,,,deny,0.1.0
production_secret,restore,subcontractor,,,,,,,,,,,,,,deny,0.1.0
production_secret,adjust_financial_record,subcontractor,,,,,,,,,,,,,,deny,0.1.0
production_secret,execute_integration_action,subcontractor,,,,,,,,,,,,,,deny,0.1.0
production_secret,configure_policy,subcontractor,,,,,,,,,,,,,,deny,0.1.0
production_secret,administer_permissions,subcontractor,,,,,,,,,,,,,,deny,0.1.0
deployment,view_list,subcontractor,,,,,,,,,,,,,,deny,0.1.0
deployment,view_detail,subcontractor,,,,,,,,,,,,,,deny,0.1.0
deployment,view_sensitive_detail,subcontractor,,,,,,,,,,,,,,deny,0.1.0
deployment,create,subcontractor,,,,,,,,,,,,,,deny,0.1.0
deployment,edit,subcontractor,,,,,,,,,,,,,,deny,0.1.0
deployment,submit,subcontractor,,,,,,,,,,,,,,deny,0.1.0
deployment,approve,subcontractor,,,,,,,,,,,,,,deny,0.1.0
deployment,reject,subcontractor,,,,,,,,,,,,,,deny,0.1.0
deployment,assign,subcontractor,,,,,,,,,,,,,,deny,0.1.0
deployment,reassign,subcontractor,,,,,,,,,,,,,,deny,0.1.0
deployment,export,subcontractor,,,,,,,,,,,,,,deny,0.1.0
deployment,upload,subcontractor,,,,,,,,,,,,,,deny,0.1.0
deployment,download,subcontractor,,,,,,,,,,,,,,deny,0.1.0
deployment,delete_or_archive,subcontractor,,,,,,,,,,,,,,deny,0.1.0
deployment,restore,subcontractor,,,,,,,,,,,,,,deny,0.1.0
deployment,adjust_financial_record,subcontractor,,,,,,,,,,,,,,deny,0.1.0
deployment,execute_integration_action,subcontractor,,,,,,,,,,,,,,deny,0.1.0
deployment,configure_policy,subcontractor,,,,,,,,,,,,,,deny,0.1.0
deployment,administer_permissions,subcontractor,,,,,,,,,,,,,,deny,0.1.0
migration_execution,view_list,subcontractor,,,,,,,,,,,,,,deny,0.1.0
migration_execution,view_detail,subcontractor,,,,,,,,,,,,,,deny,0.1.0
migration_execution,view_sensitive_detail,subcontractor,,,,,,,,,,,,,,deny,0.1.0
migration_execution,create,subcontractor,,,,,,,,,,,,,,deny,0.1.0
migration_execution,edit,subcontractor,,,,,,,,,,,,,,deny,0.1.0
migration_execution,submit,subcontractor,,,,,,,,,,,,,,deny,0.1.0
migration_execution,approve,subcontractor,,,,,,,,,,,,,,deny,0.1.0
migration_execution,reject,subcontractor,,,,,,,,,,,,,,deny,0.1.0
migration_execution,assign,subcontractor,,,,,,,,,,,,,,deny,0.1.0
migration_execution,reassign,subcontractor,,,,,,,,,,,,,,deny,0.1.0
migration_execution,export,subcontractor,,,,,,,,,,,,,,deny,0.1.0
migration_execution,upload,subcontractor,,,,,,,,,,,,,,deny,0.1.0
migration_execution,download,subcontractor,,,,,,,,,,,,,,deny,0.1.0
migration_execution,delete_or_archive,subcontractor,,,,,,,,,,,,,,deny,0.1.0
migration_execution,restore,subcontractor,,,,,,,,,,,,,,deny,0.1.0
migration_execution,adjust_financial_record,subcontractor,,,,,,,,,,,,,,deny,0.1.0
migration_execution,execute_integration_action,subcontractor,,,,,,,,,,,,,,deny,0.1.0
migration_execution,configure_policy,subcontractor,,,,,,,,,,,,,,deny,0.1.0
migration_execution,administer_permissions,subcontractor,,,,,,,,,,,,,,deny,0.1.0
rls_policy,view_list,subcontractor,,,,,,,,,,,,,,deny,0.1.0
rls_policy,view_detail,subcontractor,,,,,,,,,,,,,,deny,0.1.0
rls_policy,view_sensitive_detail,subcontractor,,,,,,,,,,,,,,deny,0.1.0
rls_policy,create,subcontractor,,,,,,,,,,,,,,deny,0.1.0
rls_policy,edit,subcontractor,,,,,,,,,,,,,,deny,0.1.0
rls_policy,submit,subcontractor,,,,,,,,,,,,,,deny,0.1.0
rls_policy,approve,subcontractor,,,,,,,,,,,,,,deny,0.1.0
rls_policy,reject,subcontractor,,,,,,,,,,,,,,deny,0.1.0
rls_policy,assign,subcontractor,,,,,,,,,,,,,,deny,0.1.0
rls_policy,reassign,subcontractor,,,,,,,,,,,,,,deny,0.1.0
rls_policy,export,subcontractor,,,,,,,,,,,,,,deny,0.1.0
rls_policy,upload,subcontractor,,,,,,,,,,,,,,deny,0.1.0
rls_policy,download,subcontractor,,,,,,,,,,,,,,deny,0.1.0
rls_policy,delete_or_archive,subcontractor,,,,,,,,,,,,,,deny,0.1.0
rls_policy,restore,subcontractor,,,,,,,,,,,,,,deny,0.1.0
rls_policy,adjust_financial_record,subcontractor,,,,,,,,,,,,,,deny,0.1.0
rls_policy,execute_integration_action,subcontractor,,,,,,,,,,,,,,deny,0.1.0
rls_policy,configure_policy,subcontractor,,,,,,,,,,,,,,deny,0.1.0
rls_policy,administer_permissions,subcontractor,,,,,,,,,,,,,,deny,0.1.0
developer_flag,view_list,subcontractor,,,,,,,,,,,,,,deny,0.1.0
developer_flag,view_detail,subcontractor,,,,,,,,,,,,,,deny,0.1.0
developer_flag,view_sensitive_detail,subcontractor,,,,,,,,,,,,,,deny,0.1.0
developer_flag,create,subcontractor,,,,,,,,,,,,,,deny,0.1.0
developer_flag,edit,subcontractor,,,,,,,,,,,,,,deny,0.1.0
developer_flag,submit,subcontractor,,,,,,,,,,,,,,deny,0.1.0
developer_flag,approve,subcontractor,,,,,,,,,,,,,,deny,0.1.0
developer_flag,reject,subcontractor,,,,,,,,,,,,,,deny,0.1.0
developer_flag,assign,subcontractor,,,,,,,,,,,,,,deny,0.1.0
developer_flag,reassign,subcontractor,,,,,,,,,,,,,,deny,0.1.0
developer_flag,export,subcontractor,,,,,,,,,,,,,,deny,0.1.0
developer_flag,upload,subcontractor,,,,,,,,,,,,,,deny,0.1.0
developer_flag,download,subcontractor,,,,,,,,,,,,,,deny,0.1.0
developer_flag,delete_or_archive,subcontractor,,,,,,,,,,,,,,deny,0.1.0
developer_flag,restore,subcontractor,,,,,,,,,,,,,,deny,0.1.0
developer_flag,adjust_financial_record,subcontractor,,,,,,,,,,,,,,deny,0.1.0
developer_flag,execute_integration_action,subcontractor,,,,,,,,,,,,,,deny,0.1.0
developer_flag,configure_policy,subcontractor,,,,,,,,,,,,,,deny,0.1.0
developer_flag,administer_permissions,subcontractor,,,,,,,,,,,,,,deny,0.1.0
secret_rotation,view_list,subcontractor,,,,,,,,,,,,,,deny,0.1.0
secret_rotation,view_detail,subcontractor,,,,,,,,,,,,,,deny,0.1.0
secret_rotation,view_sensitive_detail,subcontractor,,,,,,,,,,,,,,deny,0.1.0
secret_rotation,create,subcontractor,,,,,,,,,,,,,,deny,0.1.0
secret_rotation,edit,subcontractor,,,,,,,,,,,,,,deny,0.1.0
secret_rotation,submit,subcontractor,,,,,,,,,,,,,,deny,0.1.0
secret_rotation,approve,subcontractor,,,,,,,,,,,,,,deny,0.1.0
secret_rotation,reject,subcontractor,,,,,,,,,,,,,,deny,0.1.0
secret_rotation,assign,subcontractor,,,,,,,,,,,,,,deny,0.1.0
secret_rotation,reassign,subcontractor,,,,,,,,,,,,,,deny,0.1.0
secret_rotation,export,subcontractor,,,,,,,,,,,,,,deny,0.1.0
secret_rotation,upload,subcontractor,,,,,,,,,,,,,,deny,0.1.0
secret_rotation,download,subcontractor,,,,,,,,,,,,,,deny,0.1.0
secret_rotation,delete_or_archive,subcontractor,,,,,,,,,,,,,,deny,0.1.0
secret_rotation,restore,subcontractor,,,,,,,,,,,,,,deny,0.1.0
secret_rotation,adjust_financial_record,subcontractor,,,,,,,,,,,,,,deny,0.1.0
secret_rotation,execute_integration_action,subcontractor,,,,,,,,,,,,,,deny,0.1.0
secret_rotation,configure_policy,subcontractor,,,,,,,,,,,,,,deny,0.1.0
secret_rotation,administer_permissions,subcontractor,,,,,,,,,,,,,,deny,0.1.0
support_access,view_list,subcontractor,,,,,,,,,,,,,,deny,0.1.0
support_access,view_detail,subcontractor,,,,,,,,,,,,,,deny,0.1.0
support_access,view_sensitive_detail,subcontractor,,,,,,,,,,,,,,deny,0.1.0
support_access,create,subcontractor,,,,,,,,,,,,,,deny,0.1.0
support_access,edit,subcontractor,,,,,,,,,,,,,,deny,0.1.0
support_access,submit,subcontractor,,,,,,,,,,,,,,deny,0.1.0
support_access,approve,subcontractor,,,,,,,,,,,,,,deny,0.1.0
support_access,reject,subcontractor,,,,,,,,,,,,,,deny,0.1.0
support_access,assign,subcontractor,,,,,,,,,,,,,,deny,0.1.0
support_access,reassign,subcontractor,,,,,,,,,,,,,,deny,0.1.0
support_access,export,subcontractor,,,,,,,,,,,,,,deny,0.1.0
support_access,upload,subcontractor,,,,,,,,,,,,,,deny,0.1.0
support_access,download,subcontractor,,,,,,,,,,,,,,deny,0.1.0
support_access,delete_or_archive,subcontractor,,,,,,,,,,,,,,deny,0.1.0
support_access,restore,subcontractor,,,,,,,,,,,,,,deny,0.1.0
support_access,adjust_financial_record,subcontractor,,,,,,,,,,,,,,deny,0.1.0
support_access,execute_integration_action,subcontractor,,,,,,,,,,,,,,deny,0.1.0
support_access,configure_policy,subcontractor,,,,,,,,,,,,,,deny,0.1.0
support_access,administer_permissions,subcontractor,,,,,,,,,,,,,,deny,0.1.0
impersonation,view_list,subcontractor,,,,,,,,,,,,,,deny,0.1.0
impersonation,view_detail,subcontractor,,,,,,,,,,,,,,deny,0.1.0
impersonation,view_sensitive_detail,subcontractor,,,,,,,,,,,,,,deny,0.1.0
impersonation,create,subcontractor,,,,,,,,,,,,,,deny,0.1.0
impersonation,edit,subcontractor,,,,,,,,,,,,,,deny,0.1.0
impersonation,submit,subcontractor,,,,,,,,,,,,,,deny,0.1.0
impersonation,approve,subcontractor,,,,,,,,,,,,,,deny,0.1.0
impersonation,reject,subcontractor,,,,,,,,,,,,,,deny,0.1.0
impersonation,assign,subcontractor,,,,,,,,,,,,,,deny,0.1.0
impersonation,reassign,subcontractor,,,,,,,,,,,,,,deny,0.1.0
impersonation,export,subcontractor,,,,,,,,,,,,,,deny,0.1.0
impersonation,upload,subcontractor,,,,,,,,,,,,,,deny,0.1.0
impersonation,download,subcontractor,,,,,,,,,,,,,,deny,0.1.0
impersonation,delete_or_archive,subcontractor,,,,,,,,,,,,,,deny,0.1.0
impersonation,restore,subcontractor,,,,,,,,,,,,,,deny,0.1.0
impersonation,adjust_financial_record,subcontractor,,,,,,,,,,,,,,deny,0.1.0
impersonation,execute_integration_action,subcontractor,,,,,,,,,,,,,,deny,0.1.0
impersonation,configure_policy,subcontractor,,,,,,,,,,,,,,deny,0.1.0
impersonation,administer_permissions,subcontractor,,,,,,,,,,,,,,deny,0.1.0
organization,view_list,resident,,,,,,,,,,,,,,deny,0.1.0
organization,view_detail,resident,,,,,,,,,,,,,,deny,0.1.0
organization,view_sensitive_detail,resident,,,,,,,,,,,,,,deny,0.1.0
organization,create,resident,,,,,,,,,,,,,,deny,0.1.0
organization,edit,resident,,,,,,,,,,,,,,deny,0.1.0
organization,submit,resident,,,,,,,,,,,,,,deny,0.1.0
organization,approve,resident,,,,,,,,,,,,,,deny,0.1.0
organization,reject,resident,,,,,,,,,,,,,,deny,0.1.0
organization,assign,resident,,,,,,,,,,,,,,deny,0.1.0
organization,reassign,resident,,,,,,,,,,,,,,deny,0.1.0
organization,export,resident,,,,,,,,,,,,,,deny,0.1.0
organization,upload,resident,,,,,,,,,,,,,,deny,0.1.0
organization,download,resident,,,,,,,,,,,,,,deny,0.1.0
organization,delete_or_archive,resident,,,,,,,,,,,,,,deny,0.1.0
organization,restore,resident,,,,,,,,,,,,,,deny,0.1.0
organization,adjust_financial_record,resident,,,,,,,,,,,,,,deny,0.1.0
organization,execute_integration_action,resident,,,,,,,,,,,,,,deny,0.1.0
organization,configure_policy,resident,,,,,,,,,,,,,,deny,0.1.0
organization,administer_permissions,resident,,,,,,,,,,,,,,deny,0.1.0
ownership_entity,view_list,resident,,,,,,,,,,,,,,deny,0.1.0
ownership_entity,view_detail,resident,,,,,,,,,,,,,,deny,0.1.0
ownership_entity,view_sensitive_detail,resident,,,,,,,,,,,,,,deny,0.1.0
ownership_entity,create,resident,,,,,,,,,,,,,,deny,0.1.0
ownership_entity,edit,resident,,,,,,,,,,,,,,deny,0.1.0
ownership_entity,submit,resident,,,,,,,,,,,,,,deny,0.1.0
ownership_entity,approve,resident,,,,,,,,,,,,,,deny,0.1.0
ownership_entity,reject,resident,,,,,,,,,,,,,,deny,0.1.0
ownership_entity,assign,resident,,,,,,,,,,,,,,deny,0.1.0
ownership_entity,reassign,resident,,,,,,,,,,,,,,deny,0.1.0
ownership_entity,export,resident,,,,,,,,,,,,,,deny,0.1.0
ownership_entity,upload,resident,,,,,,,,,,,,,,deny,0.1.0
ownership_entity,download,resident,,,,,,,,,,,,,,deny,0.1.0
ownership_entity,delete_or_archive,resident,,,,,,,,,,,,,,deny,0.1.0
ownership_entity,restore,resident,,,,,,,,,,,,,,deny,0.1.0
ownership_entity,adjust_financial_record,resident,,,,,,,,,,,,,,deny,0.1.0
ownership_entity,execute_integration_action,resident,,,,,,,,,,,,,,deny,0.1.0
ownership_entity,configure_policy,resident,,,,,,,,,,,,,,deny,0.1.0
ownership_entity,administer_permissions,resident,,,,,,,,,,,,,,deny,0.1.0
property,view_list,resident,,,,,,,,,,,,,,deny,0.1.0
property,view_detail,resident,,,,,,,,,,,,,,deny,0.1.0
property,view_sensitive_detail,resident,,,,,,,,,,,,,,deny,0.1.0
property,create,resident,,,,,,,,,,,,,,deny,0.1.0
property,edit,resident,,,,,,,,,,,,,,deny,0.1.0
property,submit,resident,,,,,,,,,,,,,,deny,0.1.0
property,approve,resident,,,,,,,,,,,,,,deny,0.1.0
property,reject,resident,,,,,,,,,,,,,,deny,0.1.0
property,assign,resident,,,,,,,,,,,,,,deny,0.1.0
property,reassign,resident,,,,,,,,,,,,,,deny,0.1.0
property,export,resident,,,,,,,,,,,,,,deny,0.1.0
property,upload,resident,,,,,,,,,,,,,,deny,0.1.0
property,download,resident,,,,,,,,,,,,,,deny,0.1.0
property,delete_or_archive,resident,,,,,,,,,,,,,,deny,0.1.0
property,restore,resident,,,,,,,,,,,,,,deny,0.1.0
property,adjust_financial_record,resident,,,,,,,,,,,,,,deny,0.1.0
property,execute_integration_action,resident,,,,,,,,,,,,,,deny,0.1.0
property,configure_policy,resident,,,,,,,,,,,,,,deny,0.1.0
property,administer_permissions,resident,,,,,,,,,,,,,,deny,0.1.0
building,view_list,resident,,,,,,,,,,,,,,deny,0.1.0
building,view_detail,resident,,,,,,,,,,,,,,deny,0.1.0
building,view_sensitive_detail,resident,,,,,,,,,,,,,,deny,0.1.0
building,create,resident,,,,,,,,,,,,,,deny,0.1.0
building,edit,resident,,,,,,,,,,,,,,deny,0.1.0
building,submit,resident,,,,,,,,,,,,,,deny,0.1.0
building,approve,resident,,,,,,,,,,,,,,deny,0.1.0
building,reject,resident,,,,,,,,,,,,,,deny,0.1.0
building,assign,resident,,,,,,,,,,,,,,deny,0.1.0
building,reassign,resident,,,,,,,,,,,,,,deny,0.1.0
building,export,resident,,,,,,,,,,,,,,deny,0.1.0
building,upload,resident,,,,,,,,,,,,,,deny,0.1.0
building,download,resident,,,,,,,,,,,,,,deny,0.1.0
building,delete_or_archive,resident,,,,,,,,,,,,,,deny,0.1.0
building,restore,resident,,,,,,,,,,,,,,deny,0.1.0
building,adjust_financial_record,resident,,,,,,,,,,,,,,deny,0.1.0
building,execute_integration_action,resident,,,,,,,,,,,,,,deny,0.1.0
building,configure_policy,resident,,,,,,,,,,,,,,deny,0.1.0
building,administer_permissions,resident,,,,,,,,,,,,,,deny,0.1.0
unit,view_list,resident,,,,,,,,,,,,,,deny,0.1.0
unit,view_detail,resident,,,,,,,,,,,,,,deny,0.1.0
unit,view_sensitive_detail,resident,,,,,,,,,,,,,,deny,0.1.0
unit,create,resident,,,,,,,,,,,,,,deny,0.1.0
unit,edit,resident,,,,,,,,,,,,,,deny,0.1.0
unit,submit,resident,,,,,,,,,,,,,,deny,0.1.0
unit,approve,resident,,,,,,,,,,,,,,deny,0.1.0
unit,reject,resident,,,,,,,,,,,,,,deny,0.1.0
unit,assign,resident,,,,,,,,,,,,,,deny,0.1.0
unit,reassign,resident,,,,,,,,,,,,,,deny,0.1.0
unit,export,resident,,,,,,,,,,,,,,deny,0.1.0
unit,upload,resident,,,,,,,,,,,,,,deny,0.1.0
unit,download,resident,,,,,,,,,,,,,,deny,0.1.0
unit,delete_or_archive,resident,,,,,,,,,,,,,,deny,0.1.0
unit,restore,resident,,,,,,,,,,,,,,deny,0.1.0
unit,adjust_financial_record,resident,,,,,,,,,,,,,,deny,0.1.0
unit,execute_integration_action,resident,,,,,,,,,,,,,,deny,0.1.0
unit,configure_policy,resident,,,,,,,,,,,,,,deny,0.1.0
unit,administer_permissions,resident,,,,,,,,,,,,,,deny,0.1.0
household,view_list,resident,same,authorized,authorized,authorized,authorized,related,not_required,True,"['public', 'internal', 'confidential']",False,False,True,False,conditional_allow,0.1.0
household,view_detail,resident,same,authorized,authorized,authorized,authorized,related,not_required,True,"['public', 'internal', 'confidential']",False,False,True,False,conditional_allow,0.1.0
household,view_sensitive_detail,resident,,,,,,,,,,,,,,deny,0.1.0
household,create,resident,,,,,,,,,,,,,,deny,0.1.0
household,edit,resident,,,,,,,,,,,,,,deny,0.1.0
household,submit,resident,same,authorized,authorized,authorized,authorized,related,not_required,True,"['public', 'internal', 'confidential']",False,False,True,False,conditional_allow,0.1.0
household,approve,resident,,,,,,,,,,,,,,deny,0.1.0
household,reject,resident,,,,,,,,,,,,,,deny,0.1.0
household,assign,resident,,,,,,,,,,,,,,deny,0.1.0
household,reassign,resident,,,,,,,,,,,,,,deny,0.1.0
household,export,resident,,,,,,,,,,,,,,deny,0.1.0
household,upload,resident,,,,,,,,,,,,,,deny,0.1.0
household,download,resident,same,authorized,authorized,authorized,authorized,related,not_required,True,"['public', 'internal', 'confidential']",False,False,True,False,conditional_allow,0.1.0
household,delete_or_archive,resident,,,,,,,,,,,,,,deny,0.1.0
household,restore,resident,,,,,,,,,,,,,,deny,0.1.0
household,adjust_financial_record,resident,,,,,,,,,,,,,,deny,0.1.0
household,execute_integration_action,resident,,,,,,,,,,,,,,deny,0.1.0
household,configure_policy,resident,,,,,,,,,,,,,,deny,0.1.0
household,administer_permissions,resident,,,,,,,,,,,,,,deny,0.1.0
person,view_list,resident,,,,,,,,,,,,,,deny,0.1.0
person,view_detail,resident,,,,,,,,,,,,,,deny,0.1.0
person,view_sensitive_detail,resident,,,,,,,,,,,,,,deny,0.1.0
person,create,resident,,,,,,,,,,,,,,deny,0.1.0
person,edit,resident,,,,,,,,,,,,,,deny,0.1.0
person,submit,resident,,,,,,,,,,,,,,deny,0.1.0
person,approve,resident,,,,,,,,,,,,,,deny,0.1.0
person,reject,resident,,,,,,,,,,,,,,deny,0.1.0
person,assign,resident,,,,,,,,,,,,,,deny,0.1.0
person,reassign,resident,,,,,,,,,,,,,,deny,0.1.0
person,export,resident,,,,,,,,,,,,,,deny,0.1.0
person,upload,resident,,,,,,,,,,,,,,deny,0.1.0
person,download,resident,,,,,,,,,,,,,,deny,0.1.0
person,delete_or_archive,resident,,,,,,,,,,,,,,deny,0.1.0
person,restore,resident,,,,,,,,,,,,,,deny,0.1.0
person,adjust_financial_record,resident,,,,,,,,,,,,,,deny,0.1.0
person,execute_integration_action,resident,,,,,,,,,,,,,,deny,0.1.0
person,configure_policy,resident,,,,,,,,,,,,,,deny,0.1.0
person,administer_permissions,resident,,,,,,,,,,,,,,deny,0.1.0
application,view_list,resident,,,,,,,,,,,,,,deny,0.1.0
application,view_detail,resident,,,,,,,,,,,,,,deny,0.1.0
application,view_sensitive_detail,resident,,,,,,,,,,,,,,deny,0.1.0
application,create,resident,,,,,,,,,,,,,,deny,0.1.0
application,edit,resident,,,,,,,,,,,,,,deny,0.1.0
application,submit,resident,,,,,,,,,,,,,,deny,0.1.0
application,approve,resident,,,,,,,,,,,,,,deny,0.1.0
application,reject,resident,,,,,,,,,,,,,,deny,0.1.0
application,assign,resident,,,,,,,,,,,,,,deny,0.1.0
application,reassign,resident,,,,,,,,,,,,,,deny,0.1.0
application,export,resident,,,,,,,,,,,,,,deny,0.1.0
application,upload,resident,,,,,,,,,,,,,,deny,0.1.0
application,download,resident,,,,,,,,,,,,,,deny,0.1.0
application,delete_or_archive,resident,,,,,,,,,,,,,,deny,0.1.0
application,restore,resident,,,,,,,,,,,,,,deny,0.1.0
application,adjust_financial_record,resident,,,,,,,,,,,,,,deny,0.1.0
application,execute_integration_action,resident,,,,,,,,,,,,,,deny,0.1.0
application,configure_policy,resident,,,,,,,,,,,,,,deny,0.1.0
application,administer_permissions,resident,,,,,,,,,,,,,,deny,0.1.0
showing,view_list,resident,,,,,,,,,,,,,,deny,0.1.0
showing,view_detail,resident,,,,,,,,,,,,,,deny,0.1.0
showing,view_sensitive_detail,resident,,,,,,,,,,,,,,deny,0.1.0
showing,create,resident,,,,,,,,,,,,,,deny,0.1.0
showing,edit,resident,,,,,,,,,,,,,,deny,0.1.0
showing,submit,resident,,,,,,,,,,,,,,deny,0.1.0
showing,approve,resident,,,,,,,,,,,,,,deny,0.1.0
showing,reject,resident,,,,,,,,,,,,,,deny,0.1.0
showing,assign,resident,,,,,,,,,,,,,,deny,0.1.0
showing,reassign,resident,,,,,,,,,,,,,,deny,0.1.0
showing,export,resident,,,,,,,,,,,,,,deny,0.1.0
showing,upload,resident,,,,,,,,,,,,,,deny,0.1.0
showing,download,resident,,,,,,,,,,,,,,deny,0.1.0
showing,delete_or_archive,resident,,,,,,,,,,,,,,deny,0.1.0
showing,restore,resident,,,,,,,,,,,,,,deny,0.1.0
showing,adjust_financial_record,resident,,,,,,,,,,,,,,deny,0.1.0
showing,execute_integration_action,resident,,,,,,,,,,,,,,deny,0.1.0
showing,configure_policy,resident,,,,,,,,,,,,,,deny,0.1.0
showing,administer_permissions,resident,,,,,,,,,,,,,,deny,0.1.0
lease,view_list,resident,same,authorized,authorized,authorized,authorized,related,not_required,True,"['public', 'internal', 'confidential']",False,False,True,False,conditional_allow,0.1.0
lease,view_detail,resident,same,authorized,authorized,authorized,authorized,related,not_required,True,"['public', 'internal', 'confidential']",False,False,True,False,conditional_allow,0.1.0
lease,view_sensitive_detail,resident,,,,,,,,,,,,,,deny,0.1.0
lease,create,resident,,,,,,,,,,,,,,deny,0.1.0
lease,edit,resident,,,,,,,,,,,,,,deny,0.1.0
lease,submit,resident,same,authorized,authorized,authorized,authorized,related,not_required,True,"['public', 'internal', 'confidential']",False,False,True,False,conditional_allow,0.1.0
lease,approve,resident,,,,,,,,,,,,,,deny,0.1.0
lease,reject,resident,,,,,,,,,,,,,,deny,0.1.0
lease,assign,resident,,,,,,,,,,,,,,deny,0.1.0
lease,reassign,resident,,,,,,,,,,,,,,deny,0.1.0
lease,export,resident,,,,,,,,,,,,,,deny,0.1.0
lease,upload,resident,,,,,,,,,,,,,,deny,0.1.0
lease,download,resident,same,authorized,authorized,authorized,authorized,related,not_required,True,"['public', 'internal', 'confidential']",False,False,True,False,conditional_allow,0.1.0
lease,delete_or_archive,resident,,,,,,,,,,,,,,deny,0.1.0
lease,restore,resident,,,,,,,,,,,,,,deny,0.1.0
lease,adjust_financial_record,resident,,,,,,,,,,,,,,deny,0.1.0
lease,execute_integration_action,resident,,,,,,,,,,,,,,deny,0.1.0
lease,configure_policy,resident,,,,,,,,,,,,,,deny,0.1.0
lease,administer_permissions,resident,,,,,,,,,,,,,,deny,0.1.0
maintenance,view_list,resident,same,authorized,authorized,authorized,authorized,related,not_required,True,"['public', 'internal', 'confidential']",False,False,True,False,conditional_allow,0.1.0
maintenance,view_detail,resident,same,authorized,authorized,authorized,authorized,related,not_required,True,"['public', 'internal', 'confidential']",False,False,True,False,conditional_allow,0.1.0
maintenance,view_sensitive_detail,resident,,,,,,,,,,,,,,deny,0.1.0
maintenance,create,resident,,,,,,,,,,,,,,deny,0.1.0
maintenance,edit,resident,,,,,,,,,,,,,,deny,0.1.0
maintenance,submit,resident,same,authorized,authorized,authorized,authorized,related,not_required,True,"['public', 'internal', 'confidential']",False,False,True,False,conditional_allow,0.1.0
maintenance,approve,resident,,,,,,,,,,,,,,deny,0.1.0
maintenance,reject,resident,,,,,,,,,,,,,,deny,0.1.0
maintenance,assign,resident,,,,,,,,,,,,,,deny,0.1.0
maintenance,reassign,resident,,,,,,,,,,,,,,deny,0.1.0
maintenance,export,resident,,,,,,,,,,,,,,deny,0.1.0
maintenance,upload,resident,,,,,,,,,,,,,,deny,0.1.0
maintenance,download,resident,same,authorized,authorized,authorized,authorized,related,not_required,True,"['public', 'internal', 'confidential']",False,False,True,False,conditional_allow,0.1.0
maintenance,delete_or_archive,resident,,,,,,,,,,,,,,deny,0.1.0
maintenance,restore,resident,,,,,,,,,,,,,,deny,0.1.0
maintenance,adjust_financial_record,resident,,,,,,,,,,,,,,deny,0.1.0
maintenance,execute_integration_action,resident,,,,,,,,,,,,,,deny,0.1.0
maintenance,configure_policy,resident,,,,,,,,,,,,,,deny,0.1.0
maintenance,administer_permissions,resident,,,,,,,,,,,,,,deny,0.1.0
assignment,view_list,resident,,,,,,,,,,,,,,deny,0.1.0
assignment,view_detail,resident,,,,,,,,,,,,,,deny,0.1.0
assignment,view_sensitive_detail,resident,,,,,,,,,,,,,,deny,0.1.0
assignment,create,resident,,,,,,,,,,,,,,deny,0.1.0
assignment,edit,resident,,,,,,,,,,,,,,deny,0.1.0
assignment,submit,resident,,,,,,,,,,,,,,deny,0.1.0
assignment,approve,resident,,,,,,,,,,,,,,deny,0.1.0
assignment,reject,resident,,,,,,,,,,,,,,deny,0.1.0
assignment,assign,resident,,,,,,,,,,,,,,deny,0.1.0
assignment,reassign,resident,,,,,,,,,,,,,,deny,0.1.0
assignment,export,resident,,,,,,,,,,,,,,deny,0.1.0
assignment,upload,resident,,,,,,,,,,,,,,deny,0.1.0
assignment,download,resident,,,,,,,,,,,,,,deny,0.1.0
assignment,delete_or_archive,resident,,,,,,,,,,,,,,deny,0.1.0
assignment,restore,resident,,,,,,,,,,,,,,deny,0.1.0
assignment,adjust_financial_record,resident,,,,,,,,,,,,,,deny,0.1.0
assignment,execute_integration_action,resident,,,,,,,,,,,,,,deny,0.1.0
assignment,configure_policy,resident,,,,,,,,,,,,,,deny,0.1.0
assignment,administer_permissions,resident,,,,,,,,,,,,,,deny,0.1.0
vendor,view_list,resident,,,,,,,,,,,,,,deny,0.1.0
vendor,view_detail,resident,,,,,,,,,,,,,,deny,0.1.0
vendor,view_sensitive_detail,resident,,,,,,,,,,,,,,deny,0.1.0
vendor,create,resident,,,,,,,,,,,,,,deny,0.1.0
vendor,edit,resident,,,,,,,,,,,,,,deny,0.1.0
vendor,submit,resident,,,,,,,,,,,,,,deny,0.1.0
vendor,approve,resident,,,,,,,,,,,,,,deny,0.1.0
vendor,reject,resident,,,,,,,,,,,,,,deny,0.1.0
vendor,assign,resident,,,,,,,,,,,,,,deny,0.1.0
vendor,reassign,resident,,,,,,,,,,,,,,deny,0.1.0
vendor,export,resident,,,,,,,,,,,,,,deny,0.1.0
vendor,upload,resident,,,,,,,,,,,,,,deny,0.1.0
vendor,download,resident,,,,,,,,,,,,,,deny,0.1.0
vendor,delete_or_archive,resident,,,,,,,,,,,,,,deny,0.1.0
vendor,restore,resident,,,,,,,,,,,,,,deny,0.1.0
vendor,adjust_financial_record,resident,,,,,,,,,,,,,,deny,0.1.0
vendor,execute_integration_action,resident,,,,,,,,,,,,,,deny,0.1.0
vendor,configure_policy,resident,,,,,,,,,,,,,,deny,0.1.0
vendor,administer_permissions,resident,,,,,,,,,,,,,,deny,0.1.0
ledger,view_list,resident,same,authorized,authorized,authorized,authorized,related,not_required,True,"['public', 'internal', 'confidential']",False,False,True,False,conditional_allow,0.1.0
ledger,view_detail,resident,same,authorized,authorized,authorized,authorized,related,not_required,True,"['public', 'internal', 'confidential']",False,False,True,False,conditional_allow,0.1.0
ledger,view_sensitive_detail,resident,,,,,,,,,,,,,,deny,0.1.0
ledger,create,resident,,,,,,,,,,,,,,deny,0.1.0
ledger,edit,resident,,,,,,,,,,,,,,deny,0.1.0
ledger,submit,resident,same,authorized,authorized,authorized,authorized,related,not_required,True,"['public', 'internal', 'confidential']",False,False,True,False,conditional_allow,0.1.0
ledger,approve,resident,,,,,,,,,,,,,,deny,0.1.0
ledger,reject,resident,,,,,,,,,,,,,,deny,0.1.0
ledger,assign,resident,,,,,,,,,,,,,,deny,0.1.0
ledger,reassign,resident,,,,,,,,,,,,,,deny,0.1.0
ledger,export,resident,,,,,,,,,,,,,,deny,0.1.0
ledger,upload,resident,,,,,,,,,,,,,,deny,0.1.0
ledger,download,resident,same,authorized,authorized,authorized,authorized,related,not_required,True,"['public', 'internal', 'confidential']",False,False,True,False,conditional_allow,0.1.0
ledger,delete_or_archive,resident,,,,,,,,,,,,,,deny,0.1.0
ledger,restore,resident,,,,,,,,,,,,,,deny,0.1.0
ledger,adjust_financial_record,resident,,,,,,,,,,,,,,deny,0.1.0
ledger,execute_integration_action,resident,,,,,,,,,,,,,,deny,0.1.0
ledger,configure_policy,resident,,,,,,,,,,,,,,deny,0.1.0
ledger,administer_permissions,resident,,,,,,,,,,,,,,deny,0.1.0
payment,view_list,resident,same,authorized,authorized,authorized,authorized,related,not_required,True,"['public', 'internal', 'confidential']",False,False,True,False,conditional_allow,0.1.0
payment,view_detail,resident,same,authorized,authorized,authorized,authorized,related,not_required,True,"['public', 'internal', 'confidential']",False,False,True,False,conditional_allow,0.1.0
payment,view_sensitive_detail,resident,,,,,,,,,,,,,,deny,0.1.0
payment,create,resident,,,,,,,,,,,,,,deny,0.1.0
payment,edit,resident,,,,,,,,,,,,,,deny,0.1.0
payment,submit,resident,same,authorized,authorized,authorized,authorized,related,not_required,True,"['public', 'internal', 'confidential']",False,False,True,False,conditional_allow,0.1.0
payment,approve,resident,,,,,,,,,,,,,,deny,0.1.0
payment,reject,resident,,,,,,,,,,,,,,deny,0.1.0
payment,assign,resident,,,,,,,,,,,,,,deny,0.1.0
payment,reassign,resident,,,,,,,,,,,,,,deny,0.1.0
payment,export,resident,,,,,,,,,,,,,,deny,0.1.0
payment,upload,resident,,,,,,,,,,,,,,deny,0.1.0
payment,download,resident,same,authorized,authorized,authorized,authorized,related,not_required,True,"['public', 'internal', 'confidential']",False,False,True,False,conditional_allow,0.1.0
payment,delete_or_archive,resident,,,,,,,,,,,,,,deny,0.1.0
payment,restore,resident,,,,,,,,,,,,,,deny,0.1.0
payment,adjust_financial_record,resident,,,,,,,,,,,,,,deny,0.1.0
payment,execute_integration_action,resident,,,,,,,,,,,,,,deny,0.1.0
payment,configure_policy,resident,,,,,,,,,,,,,,deny,0.1.0
payment,administer_permissions,resident,,,,,,,,,,,,,,deny,0.1.0
budget,view_list,resident,,,,,,,,,,,,,,deny,0.1.0
budget,view_detail,resident,,,,,,,,,,,,,,deny,0.1.0
budget,view_sensitive_detail,resident,,,,,,,,,,,,,,deny,0.1.0
budget,create,resident,,,,,,,,,,,,,,deny,0.1.0
budget,edit,resident,,,,,,,,,,,,,,deny,0.1.0
budget,submit,resident,,,,,,,,,,,,,,deny,0.1.0
budget,approve,resident,,,,,,,,,,,,,,deny,0.1.0
budget,reject,resident,,,,,,,,,,,,,,deny,0.1.0
budget,assign,resident,,,,,,,,,,,,,,deny,0.1.0
budget,reassign,resident,,,,,,,,,,,,,,deny,0.1.0
budget,export,resident,,,,,,,,,,,,,,deny,0.1.0
budget,upload,resident,,,,,,,,,,,,,,deny,0.1.0
budget,download,resident,,,,,,,,,,,,,,deny,0.1.0
budget,delete_or_archive,resident,,,,,,,,,,,,,,deny,0.1.0
budget,restore,resident,,,,,,,,,,,,,,deny,0.1.0
budget,adjust_financial_record,resident,,,,,,,,,,,,,,deny,0.1.0
budget,execute_integration_action,resident,,,,,,,,,,,,,,deny,0.1.0
budget,configure_policy,resident,,,,,,,,,,,,,,deny,0.1.0
budget,administer_permissions,resident,,,,,,,,,,,,,,deny,0.1.0
document,view_list,resident,same,authorized,authorized,authorized,authorized,related,not_required,True,"['public', 'internal', 'confidential']",False,False,True,False,conditional_allow,0.1.0
document,view_detail,resident,same,authorized,authorized,authorized,authorized,related,not_required,True,"['public', 'internal', 'confidential']",False,False,True,False,conditional_allow,0.1.0
document,view_sensitive_detail,resident,,,,,,,,,,,,,,deny,0.1.0
document,create,resident,,,,,,,,,,,,,,deny,0.1.0
document,edit,resident,,,,,,,,,,,,,,deny,0.1.0
document,submit,resident,same,authorized,authorized,authorized,authorized,related,not_required,True,"['public', 'internal', 'confidential']",False,False,True,False,conditional_allow,0.1.0
document,approve,resident,,,,,,,,,,,,,,deny,0.1.0
document,reject,resident,,,,,,,,,,,,,,deny,0.1.0
document,assign,resident,,,,,,,,,,,,,,deny,0.1.0
document,reassign,resident,,,,,,,,,,,,,,deny,0.1.0
document,export,resident,,,,,,,,,,,,,,deny,0.1.0
document,upload,resident,,,,,,,,,,,,,,deny,0.1.0
document,download,resident,same,authorized,authorized,authorized,authorized,related,not_required,True,"['public', 'internal', 'confidential']",False,False,True,False,conditional_allow,0.1.0
document,delete_or_archive,resident,,,,,,,,,,,,,,deny,0.1.0
document,restore,resident,,,,,,,,,,,,,,deny,0.1.0
document,adjust_financial_record,resident,,,,,,,,,,,,,,deny,0.1.0
document,execute_integration_action,resident,,,,,,,,,,,,,,deny,0.1.0
document,configure_policy,resident,,,,,,,,,,,,,,deny,0.1.0
document,administer_permissions,resident,,,,,,,,,,,,,,deny,0.1.0
restricted_document,view_list,resident,,,,,,,,,,,,,,deny,0.1.0
restricted_document,view_detail,resident,,,,,,,,,,,,,,deny,0.1.0
restricted_document,view_sensitive_detail,resident,,,,,,,,,,,,,,deny,0.1.0
restricted_document,create,resident,,,,,,,,,,,,,,deny,0.1.0
restricted_document,edit,resident,,,,,,,,,,,,,,deny,0.1.0
restricted_document,submit,resident,,,,,,,,,,,,,,deny,0.1.0
restricted_document,approve,resident,,,,,,,,,,,,,,deny,0.1.0
restricted_document,reject,resident,,,,,,,,,,,,,,deny,0.1.0
restricted_document,assign,resident,,,,,,,,,,,,,,deny,0.1.0
restricted_document,reassign,resident,,,,,,,,,,,,,,deny,0.1.0
restricted_document,export,resident,,,,,,,,,,,,,,deny,0.1.0
restricted_document,upload,resident,,,,,,,,,,,,,,deny,0.1.0
restricted_document,download,resident,,,,,,,,,,,,,,deny,0.1.0
restricted_document,delete_or_archive,resident,,,,,,,,,,,,,,deny,0.1.0
restricted_document,restore,resident,,,,,,,,,,,,,,deny,0.1.0
restricted_document,adjust_financial_record,resident,,,,,,,,,,,,,,deny,0.1.0
restricted_document,execute_integration_action,resident,,,,,,,,,,,,,,deny,0.1.0
restricted_document,configure_policy,resident,,,,,,,,,,,,,,deny,0.1.0
restricted_document,administer_permissions,resident,,,,,,,,,,,,,,deny,0.1.0
screening_report,view_list,resident,,,,,,,,,,,,,,deny,0.1.0
screening_report,view_detail,resident,,,,,,,,,,,,,,deny,0.1.0
screening_report,view_sensitive_detail,resident,,,,,,,,,,,,,,deny,0.1.0
screening_report,create,resident,,,,,,,,,,,,,,deny,0.1.0
screening_report,edit,resident,,,,,,,,,,,,,,deny,0.1.0
screening_report,submit,resident,,,,,,,,,,,,,,deny,0.1.0
screening_report,approve,resident,,,,,,,,,,,,,,deny,0.1.0
screening_report,reject,resident,,,,,,,,,,,,,,deny,0.1.0
screening_report,assign,resident,,,,,,,,,,,,,,deny,0.1.0
screening_report,reassign,resident,,,,,,,,,,,,,,deny,0.1.0
screening_report,export,resident,,,,,,,,,,,,,,deny,0.1.0
screening_report,upload,resident,,,,,,,,,,,,,,deny,0.1.0
screening_report,download,resident,,,,,,,,,,,,,,deny,0.1.0
screening_report,delete_or_archive,resident,,,,,,,,,,,,,,deny,0.1.0
screening_report,restore,resident,,,,,,,,,,,,,,deny,0.1.0
screening_report,adjust_financial_record,resident,,,,,,,,,,,,,,deny,0.1.0
screening_report,execute_integration_action,resident,,,,,,,,,,,,,,deny,0.1.0
screening_report,configure_policy,resident,,,,,,,,,,,,,,deny,0.1.0
screening_report,administer_permissions,resident,,,,,,,,,,,,,,deny,0.1.0
communication,view_list,resident,same,authorized,authorized,authorized,authorized,related,not_required,True,"['public', 'internal', 'confidential']",False,False,True,False,conditional_allow,0.1.0
communication,view_detail,resident,same,authorized,authorized,authorized,authorized,related,not_required,True,"['public', 'internal', 'confidential']",False,False,True,False,conditional_allow,0.1.0
communication,view_sensitive_detail,resident,,,,,,,,,,,,,,deny,0.1.0
communication,create,resident,,,,,,,,,,,,,,deny,0.1.0
communication,edit,resident,,,,,,,,,,,,,,deny,0.1.0
communication,submit,resident,same,authorized,authorized,authorized,authorized,related,not_required,True,"['public', 'internal', 'confidential']",False,False,True,False,conditional_allow,0.1.0
communication,approve,resident,,,,,,,,,,,,,,deny,0.1.0
communication,reject,resident,,,,,,,,,,,,,,deny,0.1.0
communication,assign,resident,,,,,,,,,,,,,,deny,0.1.0
communication,reassign,resident,,,,,,,,,,,,,,deny,0.1.0
communication,export,resident,,,,,,,,,,,,,,deny,0.1.0
communication,upload,resident,,,,,,,,,,,,,,deny,0.1.0
communication,download,resident,same,authorized,authorized,authorized,authorized,related,not_required,True,"['public', 'internal', 'confidential']",False,False,True,False,conditional_allow,0.1.0
communication,delete_or_archive,resident,,,,,,,,,,,,,,deny,0.1.0
communication,restore,resident,,,,,,,,,,,,,,deny,0.1.0
communication,adjust_financial_record,resident,,,,,,,,,,,,,,deny,0.1.0
communication,execute_integration_action,resident,,,,,,,,,,,,,,deny,0.1.0
communication,configure_policy,resident,,,,,,,,,,,,,,deny,0.1.0
communication,administer_permissions,resident,,,,,,,,,,,,,,deny,0.1.0
approval,view_list,resident,,,,,,,,,,,,,,deny,0.1.0
approval,view_detail,resident,,,,,,,,,,,,,,deny,0.1.0
approval,view_sensitive_detail,resident,,,,,,,,,,,,,,deny,0.1.0
approval,create,resident,,,,,,,,,,,,,,deny,0.1.0
approval,edit,resident,,,,,,,,,,,,,,deny,0.1.0
approval,submit,resident,,,,,,,,,,,,,,deny,0.1.0
approval,approve,resident,,,,,,,,,,,,,,deny,0.1.0
approval,reject,resident,,,,,,,,,,,,,,deny,0.1.0
approval,assign,resident,,,,,,,,,,,,,,deny,0.1.0
approval,reassign,resident,,,,,,,,,,,,,,deny,0.1.0
approval,export,resident,,,,,,,,,,,,,,deny,0.1.0
approval,upload,resident,,,,,,,,,,,,,,deny,0.1.0
approval,download,resident,,,,,,,,,,,,,,deny,0.1.0
approval,delete_or_archive,resident,,,,,,,,,,,,,,deny,0.1.0
approval,restore,resident,,,,,,,,,,,,,,deny,0.1.0
approval,adjust_financial_record,resident,,,,,,,,,,,,,,deny,0.1.0
approval,execute_integration_action,resident,,,,,,,,,,,,,,deny,0.1.0
approval,configure_policy,resident,,,,,,,,,,,,,,deny,0.1.0
approval,administer_permissions,resident,,,,,,,,,,,,,,deny,0.1.0
delegation,view_list,resident,,,,,,,,,,,,,,deny,0.1.0
delegation,view_detail,resident,,,,,,,,,,,,,,deny,0.1.0
delegation,view_sensitive_detail,resident,,,,,,,,,,,,,,deny,0.1.0
delegation,create,resident,,,,,,,,,,,,,,deny,0.1.0
delegation,edit,resident,,,,,,,,,,,,,,deny,0.1.0
delegation,submit,resident,,,,,,,,,,,,,,deny,0.1.0
delegation,approve,resident,,,,,,,,,,,,,,deny,0.1.0
delegation,reject,resident,,,,,,,,,,,,,,deny,0.1.0
delegation,assign,resident,,,,,,,,,,,,,,deny,0.1.0
delegation,reassign,resident,,,,,,,,,,,,,,deny,0.1.0
delegation,export,resident,,,,,,,,,,,,,,deny,0.1.0
delegation,upload,resident,,,,,,,,,,,,,,deny,0.1.0
delegation,download,resident,,,,,,,,,,,,,,deny,0.1.0
delegation,delete_or_archive,resident,,,,,,,,,,,,,,deny,0.1.0
delegation,restore,resident,,,,,,,,,,,,,,deny,0.1.0
delegation,adjust_financial_record,resident,,,,,,,,,,,,,,deny,0.1.0
delegation,execute_integration_action,resident,,,,,,,,,,,,,,deny,0.1.0
delegation,configure_policy,resident,,,,,,,,,,,,,,deny,0.1.0
delegation,administer_permissions,resident,,,,,,,,,,,,,,deny,0.1.0
report,view_list,resident,,,,,,,,,,,,,,deny,0.1.0
report,view_detail,resident,,,,,,,,,,,,,,deny,0.1.0
report,view_sensitive_detail,resident,,,,,,,,,,,,,,deny,0.1.0
report,create,resident,,,,,,,,,,,,,,deny,0.1.0
report,edit,resident,,,,,,,,,,,,,,deny,0.1.0
report,submit,resident,,,,,,,,,,,,,,deny,0.1.0
report,approve,resident,,,,,,,,,,,,,,deny,0.1.0
report,reject,resident,,,,,,,,,,,,,,deny,0.1.0
report,assign,resident,,,,,,,,,,,,,,deny,0.1.0
report,reassign,resident,,,,,,,,,,,,,,deny,0.1.0
report,export,resident,,,,,,,,,,,,,,deny,0.1.0
report,upload,resident,,,,,,,,,,,,,,deny,0.1.0
report,download,resident,,,,,,,,,,,,,,deny,0.1.0
report,delete_or_archive,resident,,,,,,,,,,,,,,deny,0.1.0
report,restore,resident,,,,,,,,,,,,,,deny,0.1.0
report,adjust_financial_record,resident,,,,,,,,,,,,,,deny,0.1.0
report,execute_integration_action,resident,,,,,,,,,,,,,,deny,0.1.0
report,configure_policy,resident,,,,,,,,,,,,,,deny,0.1.0
report,administer_permissions,resident,,,,,,,,,,,,,,deny,0.1.0
audit,view_list,resident,,,,,,,,,,,,,,deny,0.1.0
audit,view_detail,resident,,,,,,,,,,,,,,deny,0.1.0
audit,view_sensitive_detail,resident,,,,,,,,,,,,,,deny,0.1.0
audit,create,resident,,,,,,,,,,,,,,deny,0.1.0
audit,edit,resident,,,,,,,,,,,,,,deny,0.1.0
audit,submit,resident,,,,,,,,,,,,,,deny,0.1.0
audit,approve,resident,,,,,,,,,,,,,,deny,0.1.0
audit,reject,resident,,,,,,,,,,,,,,deny,0.1.0
audit,assign,resident,,,,,,,,,,,,,,deny,0.1.0
audit,reassign,resident,,,,,,,,,,,,,,deny,0.1.0
audit,export,resident,,,,,,,,,,,,,,deny,0.1.0
audit,upload,resident,,,,,,,,,,,,,,deny,0.1.0
audit,download,resident,,,,,,,,,,,,,,deny,0.1.0
audit,delete_or_archive,resident,,,,,,,,,,,,,,deny,0.1.0
audit,restore,resident,,,,,,,,,,,,,,deny,0.1.0
audit,adjust_financial_record,resident,,,,,,,,,,,,,,deny,0.1.0
audit,execute_integration_action,resident,,,,,,,,,,,,,,deny,0.1.0
audit,configure_policy,resident,,,,,,,,,,,,,,deny,0.1.0
audit,administer_permissions,resident,,,,,,,,,,,,,,deny,0.1.0
integration,view_list,resident,,,,,,,,,,,,,,deny,0.1.0
integration,view_detail,resident,,,,,,,,,,,,,,deny,0.1.0
integration,view_sensitive_detail,resident,,,,,,,,,,,,,,deny,0.1.0
integration,create,resident,,,,,,,,,,,,,,deny,0.1.0
integration,edit,resident,,,,,,,,,,,,,,deny,0.1.0
integration,submit,resident,,,,,,,,,,,,,,deny,0.1.0
integration,approve,resident,,,,,,,,,,,,,,deny,0.1.0
integration,reject,resident,,,,,,,,,,,,,,deny,0.1.0
integration,assign,resident,,,,,,,,,,,,,,deny,0.1.0
integration,reassign,resident,,,,,,,,,,,,,,deny,0.1.0
integration,export,resident,,,,,,,,,,,,,,deny,0.1.0
integration,upload,resident,,,,,,,,,,,,,,deny,0.1.0
integration,download,resident,,,,,,,,,,,,,,deny,0.1.0
integration,delete_or_archive,resident,,,,,,,,,,,,,,deny,0.1.0
integration,restore,resident,,,,,,,,,,,,,,deny,0.1.0
integration,adjust_financial_record,resident,,,,,,,,,,,,,,deny,0.1.0
integration,execute_integration_action,resident,,,,,,,,,,,,,,deny,0.1.0
integration,configure_policy,resident,,,,,,,,,,,,,,deny,0.1.0
integration,administer_permissions,resident,,,,,,,,,,,,,,deny,0.1.0
identity,view_list,resident,,,,,,,,,,,,,,deny,0.1.0
identity,view_detail,resident,,,,,,,,,,,,,,deny,0.1.0
identity,view_sensitive_detail,resident,,,,,,,,,,,,,,deny,0.1.0
identity,create,resident,,,,,,,,,,,,,,deny,0.1.0
identity,edit,resident,,,,,,,,,,,,,,deny,0.1.0
identity,submit,resident,,,,,,,,,,,,,,deny,0.1.0
identity,approve,resident,,,,,,,,,,,,,,deny,0.1.0
identity,reject,resident,,,,,,,,,,,,,,deny,0.1.0
identity,assign,resident,,,,,,,,,,,,,,deny,0.1.0
identity,reassign,resident,,,,,,,,,,,,,,deny,0.1.0
identity,export,resident,,,,,,,,,,,,,,deny,0.1.0
identity,upload,resident,,,,,,,,,,,,,,deny,0.1.0
identity,download,resident,,,,,,,,,,,,,,deny,0.1.0
identity,delete_or_archive,resident,,,,,,,,,,,,,,deny,0.1.0
identity,restore,resident,,,,,,,,,,,,,,deny,0.1.0
identity,adjust_financial_record,resident,,,,,,,,,,,,,,deny,0.1.0
identity,execute_integration_action,resident,,,,,,,,,,,,,,deny,0.1.0
identity,configure_policy,resident,,,,,,,,,,,,,,deny,0.1.0
identity,administer_permissions,resident,,,,,,,,,,,,,,deny,0.1.0
technical_admin,view_list,resident,,,,,,,,,,,,,,deny,0.1.0
technical_admin,view_detail,resident,,,,,,,,,,,,,,deny,0.1.0
technical_admin,view_sensitive_detail,resident,,,,,,,,,,,,,,deny,0.1.0
technical_admin,create,resident,,,,,,,,,,,,,,deny,0.1.0
technical_admin,edit,resident,,,,,,,,,,,,,,deny,0.1.0
technical_admin,submit,resident,,,,,,,,,,,,,,deny,0.1.0
technical_admin,approve,resident,,,,,,,,,,,,,,deny,0.1.0
technical_admin,reject,resident,,,,,,,,,,,,,,deny,0.1.0
technical_admin,assign,resident,,,,,,,,,,,,,,deny,0.1.0
technical_admin,reassign,resident,,,,,,,,,,,,,,deny,0.1.0
technical_admin,export,resident,,,,,,,,,,,,,,deny,0.1.0
technical_admin,upload,resident,,,,,,,,,,,,,,deny,0.1.0
technical_admin,download,resident,,,,,,,,,,,,,,deny,0.1.0
technical_admin,delete_or_archive,resident,,,,,,,,,,,,,,deny,0.1.0
technical_admin,restore,resident,,,,,,,,,,,,,,deny,0.1.0
technical_admin,adjust_financial_record,resident,,,,,,,,,,,,,,deny,0.1.0
technical_admin,execute_integration_action,resident,,,,,,,,,,,,,,deny,0.1.0
technical_admin,configure_policy,resident,,,,,,,,,,,,,,deny,0.1.0
technical_admin,administer_permissions,resident,,,,,,,,,,,,,,deny,0.1.0
source_code,view_list,resident,,,,,,,,,,,,,,deny,0.1.0
source_code,view_detail,resident,,,,,,,,,,,,,,deny,0.1.0
source_code,view_sensitive_detail,resident,,,,,,,,,,,,,,deny,0.1.0
source_code,create,resident,,,,,,,,,,,,,,deny,0.1.0
source_code,edit,resident,,,,,,,,,,,,,,deny,0.1.0
source_code,submit,resident,,,,,,,,,,,,,,deny,0.1.0
source_code,approve,resident,,,,,,,,,,,,,,deny,0.1.0
source_code,reject,resident,,,,,,,,,,,,,,deny,0.1.0
source_code,assign,resident,,,,,,,,,,,,,,deny,0.1.0
source_code,reassign,resident,,,,,,,,,,,,,,deny,0.1.0
source_code,export,resident,,,,,,,,,,,,,,deny,0.1.0
source_code,upload,resident,,,,,,,,,,,,,,deny,0.1.0
source_code,download,resident,,,,,,,,,,,,,,deny,0.1.0
source_code,delete_or_archive,resident,,,,,,,,,,,,,,deny,0.1.0
source_code,restore,resident,,,,,,,,,,,,,,deny,0.1.0
source_code,adjust_financial_record,resident,,,,,,,,,,,,,,deny,0.1.0
source_code,execute_integration_action,resident,,,,,,,,,,,,,,deny,0.1.0
source_code,configure_policy,resident,,,,,,,,,,,,,,deny,0.1.0
source_code,administer_permissions,resident,,,,,,,,,,,,,,deny,0.1.0
database_admin,view_list,resident,,,,,,,,,,,,,,deny,0.1.0
database_admin,view_detail,resident,,,,,,,,,,,,,,deny,0.1.0
database_admin,view_sensitive_detail,resident,,,,,,,,,,,,,,deny,0.1.0
database_admin,create,resident,,,,,,,,,,,,,,deny,0.1.0
database_admin,edit,resident,,,,,,,,,,,,,,deny,0.1.0
database_admin,submit,resident,,,,,,,,,,,,,,deny,0.1.0
database_admin,approve,resident,,,,,,,,,,,,,,deny,0.1.0
database_admin,reject,resident,,,,,,,,,,,,,,deny,0.1.0
database_admin,assign,resident,,,,,,,,,,,,,,deny,0.1.0
database_admin,reassign,resident,,,,,,,,,,,,,,deny,0.1.0
database_admin,export,resident,,,,,,,,,,,,,,deny,0.1.0
database_admin,upload,resident,,,,,,,,,,,,,,deny,0.1.0
database_admin,download,resident,,,,,,,,,,,,,,deny,0.1.0
database_admin,delete_or_archive,resident,,,,,,,,,,,,,,deny,0.1.0
database_admin,restore,resident,,,,,,,,,,,,,,deny,0.1.0
database_admin,adjust_financial_record,resident,,,,,,,,,,,,,,deny,0.1.0
database_admin,execute_integration_action,resident,,,,,,,,,,,,,,deny,0.1.0
database_admin,configure_policy,resident,,,,,,,,,,,,,,deny,0.1.0
database_admin,administer_permissions,resident,,,,,,,,,,,,,,deny,0.1.0
production_secret,view_list,resident,,,,,,,,,,,,,,deny,0.1.0
production_secret,view_detail,resident,,,,,,,,,,,,,,deny,0.1.0
production_secret,view_sensitive_detail,resident,,,,,,,,,,,,,,deny,0.1.0
production_secret,create,resident,,,,,,,,,,,,,,deny,0.1.0
production_secret,edit,resident,,,,,,,,,,,,,,deny,0.1.0
production_secret,submit,resident,,,,,,,,,,,,,,deny,0.1.0
production_secret,approve,resident,,,,,,,,,,,,,,deny,0.1.0
production_secret,reject,resident,,,,,,,,,,,,,,deny,0.1.0
production_secret,assign,resident,,,,,,,,,,,,,,deny,0.1.0
production_secret,reassign,resident,,,,,,,,,,,,,,deny,0.1.0
production_secret,export,resident,,,,,,,,,,,,,,deny,0.1.0
production_secret,upload,resident,,,,,,,,,,,,,,deny,0.1.0
production_secret,download,resident,,,,,,,,,,,,,,deny,0.1.0
production_secret,delete_or_archive,resident,,,,,,,,,,,,,,deny,0.1.0
production_secret,restore,resident,,,,,,,,,,,,,,deny,0.1.0
production_secret,adjust_financial_record,resident,,,,,,,,,,,,,,deny,0.1.0
production_secret,execute_integration_action,resident,,,,,,,,,,,,,,deny,0.1.0
production_secret,configure_policy,resident,,,,,,,,,,,,,,deny,0.1.0
production_secret,administer_permissions,resident,,,,,,,,,,,,,,deny,0.1.0
deployment,view_list,resident,,,,,,,,,,,,,,deny,0.1.0
deployment,view_detail,resident,,,,,,,,,,,,,,deny,0.1.0
deployment,view_sensitive_detail,resident,,,,,,,,,,,,,,deny,0.1.0
deployment,create,resident,,,,,,,,,,,,,,deny,0.1.0
deployment,edit,resident,,,,,,,,,,,,,,deny,0.1.0
deployment,submit,resident,,,,,,,,,,,,,,deny,0.1.0
deployment,approve,resident,,,,,,,,,,,,,,deny,0.1.0
deployment,reject,resident,,,,,,,,,,,,,,deny,0.1.0
deployment,assign,resident,,,,,,,,,,,,,,deny,0.1.0
deployment,reassign,resident,,,,,,,,,,,,,,deny,0.1.0
deployment,export,resident,,,,,,,,,,,,,,deny,0.1.0
deployment,upload,resident,,,,,,,,,,,,,,deny,0.1.0
deployment,download,resident,,,,,,,,,,,,,,deny,0.1.0
deployment,delete_or_archive,resident,,,,,,,,,,,,,,deny,0.1.0
deployment,restore,resident,,,,,,,,,,,,,,deny,0.1.0
deployment,adjust_financial_record,resident,,,,,,,,,,,,,,deny,0.1.0
deployment,execute_integration_action,resident,,,,,,,,,,,,,,deny,0.1.0
deployment,configure_policy,resident,,,,,,,,,,,,,,deny,0.1.0
deployment,administer_permissions,resident,,,,,,,,,,,,,,deny,0.1.0
migration_execution,view_list,resident,,,,,,,,,,,,,,deny,0.1.0
migration_execution,view_detail,resident,,,,,,,,,,,,,,deny,0.1.0
migration_execution,view_sensitive_detail,resident,,,,,,,,,,,,,,deny,0.1.0
migration_execution,create,resident,,,,,,,,,,,,,,deny,0.1.0
migration_execution,edit,resident,,,,,,,,,,,,,,deny,0.1.0
migration_execution,submit,resident,,,,,,,,,,,,,,deny,0.1.0
migration_execution,approve,resident,,,,,,,,,,,,,,deny,0.1.0
migration_execution,reject,resident,,,,,,,,,,,,,,deny,0.1.0
migration_execution,assign,resident,,,,,,,,,,,,,,deny,0.1.0
migration_execution,reassign,resident,,,,,,,,,,,,,,deny,0.1.0
migration_execution,export,resident,,,,,,,,,,,,,,deny,0.1.0
migration_execution,upload,resident,,,,,,,,,,,,,,deny,0.1.0
migration_execution,download,resident,,,,,,,,,,,,,,deny,0.1.0
migration_execution,delete_or_archive,resident,,,,,,,,,,,,,,deny,0.1.0
migration_execution,restore,resident,,,,,,,,,,,,,,deny,0.1.0
migration_execution,adjust_financial_record,resident,,,,,,,,,,,,,,deny,0.1.0
migration_execution,execute_integration_action,resident,,,,,,,,,,,,,,deny,0.1.0
migration_execution,configure_policy,resident,,,,,,,,,,,,,,deny,0.1.0
migration_execution,administer_permissions,resident,,,,,,,,,,,,,,deny,0.1.0
rls_policy,view_list,resident,,,,,,,,,,,,,,deny,0.1.0
rls_policy,view_detail,resident,,,,,,,,,,,,,,deny,0.1.0
rls_policy,view_sensitive_detail,resident,,,,,,,,,,,,,,deny,0.1.0
rls_policy,create,resident,,,,,,,,,,,,,,deny,0.1.0
rls_policy,edit,resident,,,,,,,,,,,,,,deny,0.1.0
rls_policy,submit,resident,,,,,,,,,,,,,,deny,0.1.0
rls_policy,approve,resident,,,,,,,,,,,,,,deny,0.1.0
rls_policy,reject,resident,,,,,,,,,,,,,,deny,0.1.0
rls_policy,assign,resident,,,,,,,,,,,,,,deny,0.1.0
rls_policy,reassign,resident,,,,,,,,,,,,,,deny,0.1.0
rls_policy,export,resident,,,,,,,,,,,,,,deny,0.1.0
rls_policy,upload,resident,,,,,,,,,,,,,,deny,0.1.0
rls_policy,download,resident,,,,,,,,,,,,,,deny,0.1.0
rls_policy,delete_or_archive,resident,,,,,,,,,,,,,,deny,0.1.0
rls_policy,restore,resident,,,,,,,,,,,,,,deny,0.1.0
rls_policy,adjust_financial_record,resident,,,,,,,,,,,,,,deny,0.1.0
rls_policy,execute_integration_action,resident,,,,,,,,,,,,,,deny,0.1.0
rls_policy,configure_policy,resident,,,,,,,,,,,,,,deny,0.1.0
rls_policy,administer_permissions,resident,,,,,,,,,,,,,,deny,0.1.0
developer_flag,view_list,resident,,,,,,,,,,,,,,deny,0.1.0
developer_flag,view_detail,resident,,,,,,,,,,,,,,deny,0.1.0
developer_flag,view_sensitive_detail,resident,,,,,,,,,,,,,,deny,0.1.0
developer_flag,create,resident,,,,,,,,,,,,,,deny,0.1.0
developer_flag,edit,resident,,,,,,,,,,,,,,deny,0.1.0
developer_flag,submit,resident,,,,,,,,,,,,,,deny,0.1.0
developer_flag,approve,resident,,,,,,,,,,,,,,deny,0.1.0
developer_flag,reject,resident,,,,,,,,,,,,,,deny,0.1.0
developer_flag,assign,resident,,,,,,,,,,,,,,deny,0.1.0
developer_flag,reassign,resident,,,,,,,,,,,,,,deny,0.1.0
developer_flag,export,resident,,,,,,,,,,,,,,deny,0.1.0
developer_flag,upload,resident,,,,,,,,,,,,,,deny,0.1.0
developer_flag,download,resident,,,,,,,,,,,,,,deny,0.1.0
developer_flag,delete_or_archive,resident,,,,,,,,,,,,,,deny,0.1.0
developer_flag,restore,resident,,,,,,,,,,,,,,deny,0.1.0
developer_flag,adjust_financial_record,resident,,,,,,,,,,,,,,deny,0.1.0
developer_flag,execute_integration_action,resident,,,,,,,,,,,,,,deny,0.1.0
developer_flag,configure_policy,resident,,,,,,,,,,,,,,deny,0.1.0
developer_flag,administer_permissions,resident,,,,,,,,,,,,,,deny,0.1.0
secret_rotation,view_list,resident,,,,,,,,,,,,,,deny,0.1.0
secret_rotation,view_detail,resident,,,,,,,,,,,,,,deny,0.1.0
secret_rotation,view_sensitive_detail,resident,,,,,,,,,,,,,,deny,0.1.0
secret_rotation,create,resident,,,,,,,,,,,,,,deny,0.1.0
secret_rotation,edit,resident,,,,,,,,,,,,,,deny,0.1.0
secret_rotation,submit,resident,,,,,,,,,,,,,,deny,0.1.0
secret_rotation,approve,resident,,,,,,,,,,,,,,deny,0.1.0
secret_rotation,reject,resident,,,,,,,,,,,,,,deny,0.1.0
secret_rotation,assign,resident,,,,,,,,,,,,,,deny,0.1.0
secret_rotation,reassign,resident,,,,,,,,,,,,,,deny,0.1.0
secret_rotation,export,resident,,,,,,,,,,,,,,deny,0.1.0
secret_rotation,upload,resident,,,,,,,,,,,,,,deny,0.1.0
secret_rotation,download,resident,,,,,,,,,,,,,,deny,0.1.0
secret_rotation,delete_or_archive,resident,,,,,,,,,,,,,,deny,0.1.0
secret_rotation,restore,resident,,,,,,,,,,,,,,deny,0.1.0
secret_rotation,adjust_financial_record,resident,,,,,,,,,,,,,,deny,0.1.0
secret_rotation,execute_integration_action,resident,,,,,,,,,,,,,,deny,0.1.0
secret_rotation,configure_policy,resident,,,,,,,,,,,,,,deny,0.1.0
secret_rotation,administer_permissions,resident,,,,,,,,,,,,,,deny,0.1.0
support_access,view_list,resident,,,,,,,,,,,,,,deny,0.1.0
support_access,view_detail,resident,,,,,,,,,,,,,,deny,0.1.0
support_access,view_sensitive_detail,resident,,,,,,,,,,,,,,deny,0.1.0
support_access,create,resident,,,,,,,,,,,,,,deny,0.1.0
support_access,edit,resident,,,,,,,,,,,,,,deny,0.1.0
support_access,submit,resident,,,,,,,,,,,,,,deny,0.1.0
support_access,approve,resident,,,,,,,,,,,,,,deny,0.1.0
support_access,reject,resident,,,,,,,,,,,,,,deny,0.1.0
support_access,assign,resident,,,,,,,,,,,,,,deny,0.1.0
support_access,reassign,resident,,,,,,,,,,,,,,deny,0.1.0
support_access,export,resident,,,,,,,,,,,,,,deny,0.1.0
support_access,upload,resident,,,,,,,,,,,,,,deny,0.1.0
support_access,download,resident,,,,,,,,,,,,,,deny,0.1.0
support_access,delete_or_archive,resident,,,,,,,,,,,,,,deny,0.1.0
support_access,restore,resident,,,,,,,,,,,,,,deny,0.1.0
support_access,adjust_financial_record,resident,,,,,,,,,,,,,,deny,0.1.0
support_access,execute_integration_action,resident,,,,,,,,,,,,,,deny,0.1.0
support_access,configure_policy,resident,,,,,,,,,,,,,,deny,0.1.0
support_access,administer_permissions,resident,,,,,,,,,,,,,,deny,0.1.0
impersonation,view_list,resident,,,,,,,,,,,,,,deny,0.1.0
impersonation,view_detail,resident,,,,,,,,,,,,,,deny,0.1.0
impersonation,view_sensitive_detail,resident,,,,,,,,,,,,,,deny,0.1.0
impersonation,create,resident,,,,,,,,,,,,,,deny,0.1.0
impersonation,edit,resident,,,,,,,,,,,,,,deny,0.1.0
impersonation,submit,resident,,,,,,,,,,,,,,deny,0.1.0
impersonation,approve,resident,,,,,,,,,,,,,,deny,0.1.0
impersonation,reject,resident,,,,,,,,,,,,,,deny,0.1.0
impersonation,assign,resident,,,,,,,,,,,,,,deny,0.1.0
impersonation,reassign,resident,,,,,,,,,,,,,,deny,0.1.0
impersonation,export,resident,,,,,,,,,,,,,,deny,0.1.0
impersonation,upload,resident,,,,,,,,,,,,,,deny,0.1.0
impersonation,download,resident,,,,,,,,,,,,,,deny,0.1.0
impersonation,delete_or_archive,resident,,,,,,,,,,,,,,deny,0.1.0
impersonation,restore,resident,,,,,,,,,,,,,,deny,0.1.0
impersonation,adjust_financial_record,resident,,,,,,,,,,,,,,deny,0.1.0
impersonation,execute_integration_action,resident,,,,,,,,,,,,,,deny,0.1.0
impersonation,configure_policy,resident,,,,,,,,,,,,,,deny,0.1.0
impersonation,administer_permissions,resident,,,,,,,,,,,,,,deny,0.1.0
organization,view_list,applicant,,,,,,,,,,,,,,deny,0.1.0
organization,view_detail,applicant,,,,,,,,,,,,,,deny,0.1.0
organization,view_sensitive_detail,applicant,,,,,,,,,,,,,,deny,0.1.0
organization,create,applicant,,,,,,,,,,,,,,deny,0.1.0
organization,edit,applicant,,,,,,,,,,,,,,deny,0.1.0
organization,submit,applicant,,,,,,,,,,,,,,deny,0.1.0
organization,approve,applicant,,,,,,,,,,,,,,deny,0.1.0
organization,reject,applicant,,,,,,,,,,,,,,deny,0.1.0
organization,assign,applicant,,,,,,,,,,,,,,deny,0.1.0
organization,reassign,applicant,,,,,,,,,,,,,,deny,0.1.0
organization,export,applicant,,,,,,,,,,,,,,deny,0.1.0
organization,upload,applicant,,,,,,,,,,,,,,deny,0.1.0
organization,download,applicant,,,,,,,,,,,,,,deny,0.1.0
organization,delete_or_archive,applicant,,,,,,,,,,,,,,deny,0.1.0
organization,restore,applicant,,,,,,,,,,,,,,deny,0.1.0
organization,adjust_financial_record,applicant,,,,,,,,,,,,,,deny,0.1.0
organization,execute_integration_action,applicant,,,,,,,,,,,,,,deny,0.1.0
organization,configure_policy,applicant,,,,,,,,,,,,,,deny,0.1.0
organization,administer_permissions,applicant,,,,,,,,,,,,,,deny,0.1.0
ownership_entity,view_list,applicant,,,,,,,,,,,,,,deny,0.1.0
ownership_entity,view_detail,applicant,,,,,,,,,,,,,,deny,0.1.0
ownership_entity,view_sensitive_detail,applicant,,,,,,,,,,,,,,deny,0.1.0
ownership_entity,create,applicant,,,,,,,,,,,,,,deny,0.1.0
ownership_entity,edit,applicant,,,,,,,,,,,,,,deny,0.1.0
ownership_entity,submit,applicant,,,,,,,,,,,,,,deny,0.1.0
ownership_entity,approve,applicant,,,,,,,,,,,,,,deny,0.1.0
ownership_entity,reject,applicant,,,,,,,,,,,,,,deny,0.1.0
ownership_entity,assign,applicant,,,,,,,,,,,,,,deny,0.1.0
ownership_entity,reassign,applicant,,,,,,,,,,,,,,deny,0.1.0
ownership_entity,export,applicant,,,,,,,,,,,,,,deny,0.1.0
ownership_entity,upload,applicant,,,,,,,,,,,,,,deny,0.1.0
ownership_entity,download,applicant,,,,,,,,,,,,,,deny,0.1.0
ownership_entity,delete_or_archive,applicant,,,,,,,,,,,,,,deny,0.1.0
ownership_entity,restore,applicant,,,,,,,,,,,,,,deny,0.1.0
ownership_entity,adjust_financial_record,applicant,,,,,,,,,,,,,,deny,0.1.0
ownership_entity,execute_integration_action,applicant,,,,,,,,,,,,,,deny,0.1.0
ownership_entity,configure_policy,applicant,,,,,,,,,,,,,,deny,0.1.0
ownership_entity,administer_permissions,applicant,,,,,,,,,,,,,,deny,0.1.0
property,view_list,applicant,,,,,,,,,,,,,,deny,0.1.0
property,view_detail,applicant,,,,,,,,,,,,,,deny,0.1.0
property,view_sensitive_detail,applicant,,,,,,,,,,,,,,deny,0.1.0
property,create,applicant,,,,,,,,,,,,,,deny,0.1.0
property,edit,applicant,,,,,,,,,,,,,,deny,0.1.0
property,submit,applicant,,,,,,,,,,,,,,deny,0.1.0
property,approve,applicant,,,,,,,,,,,,,,deny,0.1.0
property,reject,applicant,,,,,,,,,,,,,,deny,0.1.0
property,assign,applicant,,,,,,,,,,,,,,deny,0.1.0
property,reassign,applicant,,,,,,,,,,,,,,deny,0.1.0
property,export,applicant,,,,,,,,,,,,,,deny,0.1.0
property,upload,applicant,,,,,,,,,,,,,,deny,0.1.0
property,download,applicant,,,,,,,,,,,,,,deny,0.1.0
property,delete_or_archive,applicant,,,,,,,,,,,,,,deny,0.1.0
property,restore,applicant,,,,,,,,,,,,,,deny,0.1.0
property,adjust_financial_record,applicant,,,,,,,,,,,,,,deny,0.1.0
property,execute_integration_action,applicant,,,,,,,,,,,,,,deny,0.1.0
property,configure_policy,applicant,,,,,,,,,,,,,,deny,0.1.0
property,administer_permissions,applicant,,,,,,,,,,,,,,deny,0.1.0
building,view_list,applicant,,,,,,,,,,,,,,deny,0.1.0
building,view_detail,applicant,,,,,,,,,,,,,,deny,0.1.0
building,view_sensitive_detail,applicant,,,,,,,,,,,,,,deny,0.1.0
building,create,applicant,,,,,,,,,,,,,,deny,0.1.0
building,edit,applicant,,,,,,,,,,,,,,deny,0.1.0
building,submit,applicant,,,,,,,,,,,,,,deny,0.1.0
building,approve,applicant,,,,,,,,,,,,,,deny,0.1.0
building,reject,applicant,,,,,,,,,,,,,,deny,0.1.0
building,assign,applicant,,,,,,,,,,,,,,deny,0.1.0
building,reassign,applicant,,,,,,,,,,,,,,deny,0.1.0
building,export,applicant,,,,,,,,,,,,,,deny,0.1.0
building,upload,applicant,,,,,,,,,,,,,,deny,0.1.0
building,download,applicant,,,,,,,,,,,,,,deny,0.1.0
building,delete_or_archive,applicant,,,,,,,,,,,,,,deny,0.1.0
building,restore,applicant,,,,,,,,,,,,,,deny,0.1.0
building,adjust_financial_record,applicant,,,,,,,,,,,,,,deny,0.1.0
building,execute_integration_action,applicant,,,,,,,,,,,,,,deny,0.1.0
building,configure_policy,applicant,,,,,,,,,,,,,,deny,0.1.0
building,administer_permissions,applicant,,,,,,,,,,,,,,deny,0.1.0
unit,view_list,applicant,,,,,,,,,,,,,,deny,0.1.0
unit,view_detail,applicant,,,,,,,,,,,,,,deny,0.1.0
unit,view_sensitive_detail,applicant,,,,,,,,,,,,,,deny,0.1.0
unit,create,applicant,,,,,,,,,,,,,,deny,0.1.0
unit,edit,applicant,,,,,,,,,,,,,,deny,0.1.0
unit,submit,applicant,,,,,,,,,,,,,,deny,0.1.0
unit,approve,applicant,,,,,,,,,,,,,,deny,0.1.0
unit,reject,applicant,,,,,,,,,,,,,,deny,0.1.0
unit,assign,applicant,,,,,,,,,,,,,,deny,0.1.0
unit,reassign,applicant,,,,,,,,,,,,,,deny,0.1.0
unit,export,applicant,,,,,,,,,,,,,,deny,0.1.0
unit,upload,applicant,,,,,,,,,,,,,,deny,0.1.0
unit,download,applicant,,,,,,,,,,,,,,deny,0.1.0
unit,delete_or_archive,applicant,,,,,,,,,,,,,,deny,0.1.0
unit,restore,applicant,,,,,,,,,,,,,,deny,0.1.0
unit,adjust_financial_record,applicant,,,,,,,,,,,,,,deny,0.1.0
unit,execute_integration_action,applicant,,,,,,,,,,,,,,deny,0.1.0
unit,configure_policy,applicant,,,,,,,,,,,,,,deny,0.1.0
unit,administer_permissions,applicant,,,,,,,,,,,,,,deny,0.1.0
household,view_list,applicant,,,,,,,,,,,,,,deny,0.1.0
household,view_detail,applicant,,,,,,,,,,,,,,deny,0.1.0
household,view_sensitive_detail,applicant,,,,,,,,,,,,,,deny,0.1.0
household,create,applicant,,,,,,,,,,,,,,deny,0.1.0
household,edit,applicant,,,,,,,,,,,,,,deny,0.1.0
household,submit,applicant,,,,,,,,,,,,,,deny,0.1.0
household,approve,applicant,,,,,,,,,,,,,,deny,0.1.0
household,reject,applicant,,,,,,,,,,,,,,deny,0.1.0
household,assign,applicant,,,,,,,,,,,,,,deny,0.1.0
household,reassign,applicant,,,,,,,,,,,,,,deny,0.1.0
household,export,applicant,,,,,,,,,,,,,,deny,0.1.0
household,upload,applicant,,,,,,,,,,,,,,deny,0.1.0
household,download,applicant,,,,,,,,,,,,,,deny,0.1.0
household,delete_or_archive,applicant,,,,,,,,,,,,,,deny,0.1.0
household,restore,applicant,,,,,,,,,,,,,,deny,0.1.0
household,adjust_financial_record,applicant,,,,,,,,,,,,,,deny,0.1.0
household,execute_integration_action,applicant,,,,,,,,,,,,,,deny,0.1.0
household,configure_policy,applicant,,,,,,,,,,,,,,deny,0.1.0
household,administer_permissions,applicant,,,,,,,,,,,,,,deny,0.1.0
person,view_list,applicant,,,,,,,,,,,,,,deny,0.1.0
person,view_detail,applicant,,,,,,,,,,,,,,deny,0.1.0
person,view_sensitive_detail,applicant,,,,,,,,,,,,,,deny,0.1.0
person,create,applicant,,,,,,,,,,,,,,deny,0.1.0
person,edit,applicant,,,,,,,,,,,,,,deny,0.1.0
person,submit,applicant,,,,,,,,,,,,,,deny,0.1.0
person,approve,applicant,,,,,,,,,,,,,,deny,0.1.0
person,reject,applicant,,,,,,,,,,,,,,deny,0.1.0
person,assign,applicant,,,,,,,,,,,,,,deny,0.1.0
person,reassign,applicant,,,,,,,,,,,,,,deny,0.1.0
person,export,applicant,,,,,,,,,,,,,,deny,0.1.0
person,upload,applicant,,,,,,,,,,,,,,deny,0.1.0
person,download,applicant,,,,,,,,,,,,,,deny,0.1.0
person,delete_or_archive,applicant,,,,,,,,,,,,,,deny,0.1.0
person,restore,applicant,,,,,,,,,,,,,,deny,0.1.0
person,adjust_financial_record,applicant,,,,,,,,,,,,,,deny,0.1.0
person,execute_integration_action,applicant,,,,,,,,,,,,,,deny,0.1.0
person,configure_policy,applicant,,,,,,,,,,,,,,deny,0.1.0
person,administer_permissions,applicant,,,,,,,,,,,,,,deny,0.1.0
application,view_list,applicant,same,authorized,authorized,authorized,authorized,related,not_required,True,"['public', 'internal', 'confidential']",False,False,True,False,conditional_allow,0.1.0
application,view_detail,applicant,same,authorized,authorized,authorized,authorized,related,not_required,True,"['public', 'internal', 'confidential']",False,False,True,False,conditional_allow,0.1.0
application,view_sensitive_detail,applicant,,,,,,,,,,,,,,deny,0.1.0
application,create,applicant,,,,,,,,,,,,,,deny,0.1.0
application,edit,applicant,,,,,,,,,,,,,,deny,0.1.0
application,submit,applicant,same,authorized,authorized,authorized,authorized,related,not_required,True,"['public', 'internal', 'confidential']",False,False,True,False,conditional_allow,0.1.0
application,approve,applicant,,,,,,,,,,,,,,deny,0.1.0
application,reject,applicant,,,,,,,,,,,,,,deny,0.1.0
application,assign,applicant,,,,,,,,,,,,,,deny,0.1.0
application,reassign,applicant,,,,,,,,,,,,,,deny,0.1.0
application,export,applicant,,,,,,,,,,,,,,deny,0.1.0
application,upload,applicant,same,authorized,authorized,authorized,authorized,related,not_required,True,"['public', 'internal', 'confidential']",False,False,True,False,conditional_allow,0.1.0
application,download,applicant,same,authorized,authorized,authorized,authorized,related,not_required,True,"['public', 'internal', 'confidential']",False,False,True,False,conditional_allow,0.1.0
application,delete_or_archive,applicant,,,,,,,,,,,,,,deny,0.1.0
application,restore,applicant,,,,,,,,,,,,,,deny,0.1.0
application,adjust_financial_record,applicant,,,,,,,,,,,,,,deny,0.1.0
application,execute_integration_action,applicant,,,,,,,,,,,,,,deny,0.1.0
application,configure_policy,applicant,,,,,,,,,,,,,,deny,0.1.0
application,administer_permissions,applicant,,,,,,,,,,,,,,deny,0.1.0
showing,view_list,applicant,same,authorized,authorized,authorized,authorized,related,not_required,True,"['public', 'internal', 'confidential']",False,False,True,False,conditional_allow,0.1.0
showing,view_detail,applicant,same,authorized,authorized,authorized,authorized,related,not_required,True,"['public', 'internal', 'confidential']",False,False,True,False,conditional_allow,0.1.0
showing,view_sensitive_detail,applicant,,,,,,,,,,,,,,deny,0.1.0
showing,create,applicant,,,,,,,,,,,,,,deny,0.1.0
showing,edit,applicant,,,,,,,,,,,,,,deny,0.1.0
showing,submit,applicant,same,authorized,authorized,authorized,authorized,related,not_required,True,"['public', 'internal', 'confidential']",False,False,True,False,conditional_allow,0.1.0
showing,approve,applicant,,,,,,,,,,,,,,deny,0.1.0
showing,reject,applicant,,,,,,,,,,,,,,deny,0.1.0
showing,assign,applicant,,,,,,,,,,,,,,deny,0.1.0
showing,reassign,applicant,,,,,,,,,,,,,,deny,0.1.0
showing,export,applicant,,,,,,,,,,,,,,deny,0.1.0
showing,upload,applicant,same,authorized,authorized,authorized,authorized,related,not_required,True,"['public', 'internal', 'confidential']",False,False,True,False,conditional_allow,0.1.0
showing,download,applicant,same,authorized,authorized,authorized,authorized,related,not_required,True,"['public', 'internal', 'confidential']",False,False,True,False,conditional_allow,0.1.0
showing,delete_or_archive,applicant,,,,,,,,,,,,,,deny,0.1.0
showing,restore,applicant,,,,,,,,,,,,,,deny,0.1.0
showing,adjust_financial_record,applicant,,,,,,,,,,,,,,deny,0.1.0
showing,execute_integration_action,applicant,,,,,,,,,,,,,,deny,0.1.0
showing,configure_policy,applicant,,,,,,,,,,,,,,deny,0.1.0
showing,administer_permissions,applicant,,,,,,,,,,,,,,deny,0.1.0
lease,view_list,applicant,same,authorized,authorized,authorized,authorized,related,not_required,True,"['public', 'internal', 'confidential']",False,False,True,False,conditional_allow,0.1.0
lease,view_detail,applicant,same,authorized,authorized,authorized,authorized,related,not_required,True,"['public', 'internal', 'confidential']",False,False,True,False,conditional_allow,0.1.0
lease,view_sensitive_detail,applicant,,,,,,,,,,,,,,deny,0.1.0
lease,create,applicant,,,,,,,,,,,,,,deny,0.1.0
lease,edit,applicant,,,,,,,,,,,,,,deny,0.1.0
lease,submit,applicant,same,authorized,authorized,authorized,authorized,related,not_required,True,"['public', 'internal', 'confidential']",False,False,True,False,conditional_allow,0.1.0
lease,approve,applicant,,,,,,,,,,,,,,deny,0.1.0
lease,reject,applicant,,,,,,,,,,,,,,deny,0.1.0
lease,assign,applicant,,,,,,,,,,,,,,deny,0.1.0
lease,reassign,applicant,,,,,,,,,,,,,,deny,0.1.0
lease,export,applicant,,,,,,,,,,,,,,deny,0.1.0
lease,upload,applicant,same,authorized,authorized,authorized,authorized,related,not_required,True,"['public', 'internal', 'confidential']",False,False,True,False,conditional_allow,0.1.0
lease,download,applicant,same,authorized,authorized,authorized,authorized,related,not_required,True,"['public', 'internal', 'confidential']",False,False,True,False,conditional_allow,0.1.0
lease,delete_or_archive,applicant,,,,,,,,,,,,,,deny,0.1.0
lease,restore,applicant,,,,,,,,,,,,,,deny,0.1.0
lease,adjust_financial_record,applicant,,,,,,,,,,,,,,deny,0.1.0
lease,execute_integration_action,applicant,,,,,,,,,,,,,,deny,0.1.0
lease,configure_policy,applicant,,,,,,,,,,,,,,deny,0.1.0
lease,administer_permissions,applicant,,,,,,,,,,,,,,deny,0.1.0
maintenance,view_list,applicant,,,,,,,,,,,,,,deny,0.1.0
maintenance,view_detail,applicant,,,,,,,,,,,,,,deny,0.1.0
maintenance,view_sensitive_detail,applicant,,,,,,,,,,,,,,deny,0.1.0
maintenance,create,applicant,,,,,,,,,,,,,,deny,0.1.0
maintenance,edit,applicant,,,,,,,,,,,,,,deny,0.1.0
maintenance,submit,applicant,,,,,,,,,,,,,,deny,0.1.0
maintenance,approve,applicant,,,,,,,,,,,,,,deny,0.1.0
maintenance,reject,applicant,,,,,,,,,,,,,,deny,0.1.0
maintenance,assign,applicant,,,,,,,,,,,,,,deny,0.1.0
maintenance,reassign,applicant,,,,,,,,,,,,,,deny,0.1.0
maintenance,export,applicant,,,,,,,,,,,,,,deny,0.1.0
maintenance,upload,applicant,,,,,,,,,,,,,,deny,0.1.0
maintenance,download,applicant,,,,,,,,,,,,,,deny,0.1.0
maintenance,delete_or_archive,applicant,,,,,,,,,,,,,,deny,0.1.0
maintenance,restore,applicant,,,,,,,,,,,,,,deny,0.1.0
maintenance,adjust_financial_record,applicant,,,,,,,,,,,,,,deny,0.1.0
maintenance,execute_integration_action,applicant,,,,,,,,,,,,,,deny,0.1.0
maintenance,configure_policy,applicant,,,,,,,,,,,,,,deny,0.1.0
maintenance,administer_permissions,applicant,,,,,,,,,,,,,,deny,0.1.0
assignment,view_list,applicant,,,,,,,,,,,,,,deny,0.1.0
assignment,view_detail,applicant,,,,,,,,,,,,,,deny,0.1.0
assignment,view_sensitive_detail,applicant,,,,,,,,,,,,,,deny,0.1.0
assignment,create,applicant,,,,,,,,,,,,,,deny,0.1.0
assignment,edit,applicant,,,,,,,,,,,,,,deny,0.1.0
assignment,submit,applicant,,,,,,,,,,,,,,deny,0.1.0
assignment,approve,applicant,,,,,,,,,,,,,,deny,0.1.0
assignment,reject,applicant,,,,,,,,,,,,,,deny,0.1.0
assignment,assign,applicant,,,,,,,,,,,,,,deny,0.1.0
assignment,reassign,applicant,,,,,,,,,,,,,,deny,0.1.0
assignment,export,applicant,,,,,,,,,,,,,,deny,0.1.0
assignment,upload,applicant,,,,,,,,,,,,,,deny,0.1.0
assignment,download,applicant,,,,,,,,,,,,,,deny,0.1.0
assignment,delete_or_archive,applicant,,,,,,,,,,,,,,deny,0.1.0
assignment,restore,applicant,,,,,,,,,,,,,,deny,0.1.0
assignment,adjust_financial_record,applicant,,,,,,,,,,,,,,deny,0.1.0
assignment,execute_integration_action,applicant,,,,,,,,,,,,,,deny,0.1.0
assignment,configure_policy,applicant,,,,,,,,,,,,,,deny,0.1.0
assignment,administer_permissions,applicant,,,,,,,,,,,,,,deny,0.1.0
vendor,view_list,applicant,,,,,,,,,,,,,,deny,0.1.0
vendor,view_detail,applicant,,,,,,,,,,,,,,deny,0.1.0
vendor,view_sensitive_detail,applicant,,,,,,,,,,,,,,deny,0.1.0
vendor,create,applicant,,,,,,,,,,,,,,deny,0.1.0
vendor,edit,applicant,,,,,,,,,,,,,,deny,0.1.0
vendor,submit,applicant,,,,,,,,,,,,,,deny,0.1.0
vendor,approve,applicant,,,,,,,,,,,,,,deny,0.1.0
vendor,reject,applicant,,,,,,,,,,,,,,deny,0.1.0
vendor,assign,applicant,,,,,,,,,,,,,,deny,0.1.0
vendor,reassign,applicant,,,,,,,,,,,,,,deny,0.1.0
vendor,export,applicant,,,,,,,,,,,,,,deny,0.1.0
vendor,upload,applicant,,,,,,,,,,,,,,deny,0.1.0
vendor,download,applicant,,,,,,,,,,,,,,deny,0.1.0
vendor,delete_or_archive,applicant,,,,,,,,,,,,,,deny,0.1.0
vendor,restore,applicant,,,,,,,,,,,,,,deny,0.1.0
vendor,adjust_financial_record,applicant,,,,,,,,,,,,,,deny,0.1.0
vendor,execute_integration_action,applicant,,,,,,,,,,,,,,deny,0.1.0
vendor,configure_policy,applicant,,,,,,,,,,,,,,deny,0.1.0
vendor,administer_permissions,applicant,,,,,,,,,,,,,,deny,0.1.0
ledger,view_list,applicant,,,,,,,,,,,,,,deny,0.1.0
ledger,view_detail,applicant,,,,,,,,,,,,,,deny,0.1.0
ledger,view_sensitive_detail,applicant,,,,,,,,,,,,,,deny,0.1.0
ledger,create,applicant,,,,,,,,,,,,,,deny,0.1.0
ledger,edit,applicant,,,,,,,,,,,,,,deny,0.1.0
ledger,submit,applicant,,,,,,,,,,,,,,deny,0.1.0
ledger,approve,applicant,,,,,,,,,,,,,,deny,0.1.0
ledger,reject,applicant,,,,,,,,,,,,,,deny,0.1.0
ledger,assign,applicant,,,,,,,,,,,,,,deny,0.1.0
ledger,reassign,applicant,,,,,,,,,,,,,,deny,0.1.0
ledger,export,applicant,,,,,,,,,,,,,,deny,0.1.0
ledger,upload,applicant,,,,,,,,,,,,,,deny,0.1.0
ledger,download,applicant,,,,,,,,,,,,,,deny,0.1.0
ledger,delete_or_archive,applicant,,,,,,,,,,,,,,deny,0.1.0
ledger,restore,applicant,,,,,,,,,,,,,,deny,0.1.0
ledger,adjust_financial_record,applicant,,,,,,,,,,,,,,deny,0.1.0
ledger,execute_integration_action,applicant,,,,,,,,,,,,,,deny,0.1.0
ledger,configure_policy,applicant,,,,,,,,,,,,,,deny,0.1.0
ledger,administer_permissions,applicant,,,,,,,,,,,,,,deny,0.1.0
payment,view_list,applicant,,,,,,,,,,,,,,deny,0.1.0
payment,view_detail,applicant,,,,,,,,,,,,,,deny,0.1.0
payment,view_sensitive_detail,applicant,,,,,,,,,,,,,,deny,0.1.0
payment,create,applicant,,,,,,,,,,,,,,deny,0.1.0
payment,edit,applicant,,,,,,,,,,,,,,deny,0.1.0
payment,submit,applicant,,,,,,,,,,,,,,deny,0.1.0
payment,approve,applicant,,,,,,,,,,,,,,deny,0.1.0
payment,reject,applicant,,,,,,,,,,,,,,deny,0.1.0
payment,assign,applicant,,,,,,,,,,,,,,deny,0.1.0
payment,reassign,applicant,,,,,,,,,,,,,,deny,0.1.0
payment,export,applicant,,,,,,,,,,,,,,deny,0.1.0
payment,upload,applicant,,,,,,,,,,,,,,deny,0.1.0
payment,download,applicant,,,,,,,,,,,,,,deny,0.1.0
payment,delete_or_archive,applicant,,,,,,,,,,,,,,deny,0.1.0
payment,restore,applicant,,,,,,,,,,,,,,deny,0.1.0
payment,adjust_financial_record,applicant,,,,,,,,,,,,,,deny,0.1.0
payment,execute_integration_action,applicant,,,,,,,,,,,,,,deny,0.1.0
payment,configure_policy,applicant,,,,,,,,,,,,,,deny,0.1.0
payment,administer_permissions,applicant,,,,,,,,,,,,,,deny,0.1.0
budget,view_list,applicant,,,,,,,,,,,,,,deny,0.1.0
budget,view_detail,applicant,,,,,,,,,,,,,,deny,0.1.0
budget,view_sensitive_detail,applicant,,,,,,,,,,,,,,deny,0.1.0
budget,create,applicant,,,,,,,,,,,,,,deny,0.1.0
budget,edit,applicant,,,,,,,,,,,,,,deny,0.1.0
budget,submit,applicant,,,,,,,,,,,,,,deny,0.1.0
budget,approve,applicant,,,,,,,,,,,,,,deny,0.1.0
budget,reject,applicant,,,,,,,,,,,,,,deny,0.1.0
budget,assign,applicant,,,,,,,,,,,,,,deny,0.1.0
budget,reassign,applicant,,,,,,,,,,,,,,deny,0.1.0
budget,export,applicant,,,,,,,,,,,,,,deny,0.1.0
budget,upload,applicant,,,,,,,,,,,,,,deny,0.1.0
budget,download,applicant,,,,,,,,,,,,,,deny,0.1.0
budget,delete_or_archive,applicant,,,,,,,,,,,,,,deny,0.1.0
budget,restore,applicant,,,,,,,,,,,,,,deny,0.1.0
budget,adjust_financial_record,applicant,,,,,,,,,,,,,,deny,0.1.0
budget,execute_integration_action,applicant,,,,,,,,,,,,,,deny,0.1.0
budget,configure_policy,applicant,,,,,,,,,,,,,,deny,0.1.0
budget,administer_permissions,applicant,,,,,,,,,,,,,,deny,0.1.0
document,view_list,applicant,same,authorized,authorized,authorized,authorized,related,not_required,True,"['public', 'internal', 'confidential']",False,False,True,False,conditional_allow,0.1.0
document,view_detail,applicant,same,authorized,authorized,authorized,authorized,related,not_required,True,"['public', 'internal', 'confidential']",False,False,True,False,conditional_allow,0.1.0
document,view_sensitive_detail,applicant,,,,,,,,,,,,,,deny,0.1.0
document,create,applicant,,,,,,,,,,,,,,deny,0.1.0
document,edit,applicant,,,,,,,,,,,,,,deny,0.1.0
document,submit,applicant,same,authorized,authorized,authorized,authorized,related,not_required,True,"['public', 'internal', 'confidential']",False,False,True,False,conditional_allow,0.1.0
document,approve,applicant,,,,,,,,,,,,,,deny,0.1.0
document,reject,applicant,,,,,,,,,,,,,,deny,0.1.0
document,assign,applicant,,,,,,,,,,,,,,deny,0.1.0
document,reassign,applicant,,,,,,,,,,,,,,deny,0.1.0
document,export,applicant,,,,,,,,,,,,,,deny,0.1.0
document,upload,applicant,same,authorized,authorized,authorized,authorized,related,not_required,True,"['public', 'internal', 'confidential']",False,False,True,False,conditional_allow,0.1.0
document,download,applicant,same,authorized,authorized,authorized,authorized,related,not_required,True,"['public', 'internal', 'confidential']",False,False,True,False,conditional_allow,0.1.0
document,delete_or_archive,applicant,,,,,,,,,,,,,,deny,0.1.0
document,restore,applicant,,,,,,,,,,,,,,deny,0.1.0
document,adjust_financial_record,applicant,,,,,,,,,,,,,,deny,0.1.0
document,execute_integration_action,applicant,,,,,,,,,,,,,,deny,0.1.0
document,configure_policy,applicant,,,,,,,,,,,,,,deny,0.1.0
document,administer_permissions,applicant,,,,,,,,,,,,,,deny,0.1.0
restricted_document,view_list,applicant,,,,,,,,,,,,,,deny,0.1.0
restricted_document,view_detail,applicant,,,,,,,,,,,,,,deny,0.1.0
restricted_document,view_sensitive_detail,applicant,,,,,,,,,,,,,,deny,0.1.0
restricted_document,create,applicant,,,,,,,,,,,,,,deny,0.1.0
restricted_document,edit,applicant,,,,,,,,,,,,,,deny,0.1.0
restricted_document,submit,applicant,,,,,,,,,,,,,,deny,0.1.0
restricted_document,approve,applicant,,,,,,,,,,,,,,deny,0.1.0
restricted_document,reject,applicant,,,,,,,,,,,,,,deny,0.1.0
restricted_document,assign,applicant,,,,,,,,,,,,,,deny,0.1.0
restricted_document,reassign,applicant,,,,,,,,,,,,,,deny,0.1.0
restricted_document,export,applicant,,,,,,,,,,,,,,deny,0.1.0
restricted_document,upload,applicant,,,,,,,,,,,,,,deny,0.1.0
restricted_document,download,applicant,,,,,,,,,,,,,,deny,0.1.0
restricted_document,delete_or_archive,applicant,,,,,,,,,,,,,,deny,0.1.0
restricted_document,restore,applicant,,,,,,,,,,,,,,deny,0.1.0
restricted_document,adjust_financial_record,applicant,,,,,,,,,,,,,,deny,0.1.0
restricted_document,execute_integration_action,applicant,,,,,,,,,,,,,,deny,0.1.0
restricted_document,configure_policy,applicant,,,,,,,,,,,,,,deny,0.1.0
restricted_document,administer_permissions,applicant,,,,,,,,,,,,,,deny,0.1.0
screening_report,view_list,applicant,,,,,,,,,,,,,,deny,0.1.0
screening_report,view_detail,applicant,,,,,,,,,,,,,,deny,0.1.0
screening_report,view_sensitive_detail,applicant,,,,,,,,,,,,,,deny,0.1.0
screening_report,create,applicant,,,,,,,,,,,,,,deny,0.1.0
screening_report,edit,applicant,,,,,,,,,,,,,,deny,0.1.0
screening_report,submit,applicant,,,,,,,,,,,,,,deny,0.1.0
screening_report,approve,applicant,,,,,,,,,,,,,,deny,0.1.0
screening_report,reject,applicant,,,,,,,,,,,,,,deny,0.1.0
screening_report,assign,applicant,,,,,,,,,,,,,,deny,0.1.0
screening_report,reassign,applicant,,,,,,,,,,,,,,deny,0.1.0
screening_report,export,applicant,,,,,,,,,,,,,,deny,0.1.0
screening_report,upload,applicant,,,,,,,,,,,,,,deny,0.1.0
screening_report,download,applicant,,,,,,,,,,,,,,deny,0.1.0
screening_report,delete_or_archive,applicant,,,,,,,,,,,,,,deny,0.1.0
screening_report,restore,applicant,,,,,,,,,,,,,,deny,0.1.0
screening_report,adjust_financial_record,applicant,,,,,,,,,,,,,,deny,0.1.0
screening_report,execute_integration_action,applicant,,,,,,,,,,,,,,deny,0.1.0
screening_report,configure_policy,applicant,,,,,,,,,,,,,,deny,0.1.0
screening_report,administer_permissions,applicant,,,,,,,,,,,,,,deny,0.1.0
communication,view_list,applicant,same,authorized,authorized,authorized,authorized,related,not_required,True,"['public', 'internal', 'confidential']",False,False,True,False,conditional_allow,0.1.0
communication,view_detail,applicant,same,authorized,authorized,authorized,authorized,related,not_required,True,"['public', 'internal', 'confidential']",False,False,True,False,conditional_allow,0.1.0
communication,view_sensitive_detail,applicant,,,,,,,,,,,,,,deny,0.1.0
communication,create,applicant,,,,,,,,,,,,,,deny,0.1.0
communication,edit,applicant,,,,,,,,,,,,,,deny,0.1.0
communication,submit,applicant,same,authorized,authorized,authorized,authorized,related,not_required,True,"['public', 'internal', 'confidential']",False,False,True,False,conditional_allow,0.1.0
communication,approve,applicant,,,,,,,,,,,,,,deny,0.1.0
communication,reject,applicant,,,,,,,,,,,,,,deny,0.1.0
communication,assign,applicant,,,,,,,,,,,,,,deny,0.1.0
communication,reassign,applicant,,,,,,,,,,,,,,deny,0.1.0
communication,export,applicant,,,,,,,,,,,,,,deny,0.1.0
communication,upload,applicant,same,authorized,authorized,authorized,authorized,related,not_required,True,"['public', 'internal', 'confidential']",False,False,True,False,conditional_allow,0.1.0
communication,download,applicant,same,authorized,authorized,authorized,authorized,related,not_required,True,"['public', 'internal', 'confidential']",False,False,True,False,conditional_allow,0.1.0
communication,delete_or_archive,applicant,,,,,,,,,,,,,,deny,0.1.0
communication,restore,applicant,,,,,,,,,,,,,,deny,0.1.0
communication,adjust_financial_record,applicant,,,,,,,,,,,,,,deny,0.1.0
communication,execute_integration_action,applicant,,,,,,,,,,,,,,deny,0.1.0
communication,configure_policy,applicant,,,,,,,,,,,,,,deny,0.1.0
communication,administer_permissions,applicant,,,,,,,,,,,,,,deny,0.1.0
approval,view_list,applicant,,,,,,,,,,,,,,deny,0.1.0
approval,view_detail,applicant,,,,,,,,,,,,,,deny,0.1.0
approval,view_sensitive_detail,applicant,,,,,,,,,,,,,,deny,0.1.0
approval,create,applicant,,,,,,,,,,,,,,deny,0.1.0
approval,edit,applicant,,,,,,,,,,,,,,deny,0.1.0
approval,submit,applicant,,,,,,,,,,,,,,deny,0.1.0
approval,approve,applicant,,,,,,,,,,,,,,deny,0.1.0
approval,reject,applicant,,,,,,,,,,,,,,deny,0.1.0
approval,assign,applicant,,,,,,,,,,,,,,deny,0.1.0
approval,reassign,applicant,,,,,,,,,,,,,,deny,0.1.0
approval,export,applicant,,,,,,,,,,,,,,deny,0.1.0
approval,upload,applicant,,,,,,,,,,,,,,deny,0.1.0
approval,download,applicant,,,,,,,,,,,,,,deny,0.1.0
approval,delete_or_archive,applicant,,,,,,,,,,,,,,deny,0.1.0
approval,restore,applicant,,,,,,,,,,,,,,deny,0.1.0
approval,adjust_financial_record,applicant,,,,,,,,,,,,,,deny,0.1.0
approval,execute_integration_action,applicant,,,,,,,,,,,,,,deny,0.1.0
approval,configure_policy,applicant,,,,,,,,,,,,,,deny,0.1.0
approval,administer_permissions,applicant,,,,,,,,,,,,,,deny,0.1.0
delegation,view_list,applicant,,,,,,,,,,,,,,deny,0.1.0
delegation,view_detail,applicant,,,,,,,,,,,,,,deny,0.1.0
delegation,view_sensitive_detail,applicant,,,,,,,,,,,,,,deny,0.1.0
delegation,create,applicant,,,,,,,,,,,,,,deny,0.1.0
delegation,edit,applicant,,,,,,,,,,,,,,deny,0.1.0
delegation,submit,applicant,,,,,,,,,,,,,,deny,0.1.0
delegation,approve,applicant,,,,,,,,,,,,,,deny,0.1.0
delegation,reject,applicant,,,,,,,,,,,,,,deny,0.1.0
delegation,assign,applicant,,,,,,,,,,,,,,deny,0.1.0
delegation,reassign,applicant,,,,,,,,,,,,,,deny,0.1.0
delegation,export,applicant,,,,,,,,,,,,,,deny,0.1.0
delegation,upload,applicant,,,,,,,,,,,,,,deny,0.1.0
delegation,download,applicant,,,,,,,,,,,,,,deny,0.1.0
delegation,delete_or_archive,applicant,,,,,,,,,,,,,,deny,0.1.0
delegation,restore,applicant,,,,,,,,,,,,,,deny,0.1.0
delegation,adjust_financial_record,applicant,,,,,,,,,,,,,,deny,0.1.0
delegation,execute_integration_action,applicant,,,,,,,,,,,,,,deny,0.1.0
delegation,configure_policy,applicant,,,,,,,,,,,,,,deny,0.1.0
delegation,administer_permissions,applicant,,,,,,,,,,,,,,deny,0.1.0
report,view_list,applicant,,,,,,,,,,,,,,deny,0.1.0
report,view_detail,applicant,,,,,,,,,,,,,,deny,0.1.0
report,view_sensitive_detail,applicant,,,,,,,,,,,,,,deny,0.1.0
report,create,applicant,,,,,,,,,,,,,,deny,0.1.0
report,edit,applicant,,,,,,,,,,,,,,deny,0.1.0
report,submit,applicant,,,,,,,,,,,,,,deny,0.1.0
report,approve,applicant,,,,,,,,,,,,,,deny,0.1.0
report,reject,applicant,,,,,,,,,,,,,,deny,0.1.0
report,assign,applicant,,,,,,,,,,,,,,deny,0.1.0
report,reassign,applicant,,,,,,,,,,,,,,deny,0.1.0
report,export,applicant,,,,,,,,,,,,,,deny,0.1.0
report,upload,applicant,,,,,,,,,,,,,,deny,0.1.0
report,download,applicant,,,,,,,,,,,,,,deny,0.1.0
report,delete_or_archive,applicant,,,,,,,,,,,,,,deny,0.1.0
report,restore,applicant,,,,,,,,,,,,,,deny,0.1.0
report,adjust_financial_record,applicant,,,,,,,,,,,,,,deny,0.1.0
report,execute_integration_action,applicant,,,,,,,,,,,,,,deny,0.1.0
report,configure_policy,applicant,,,,,,,,,,,,,,deny,0.1.0
report,administer_permissions,applicant,,,,,,,,,,,,,,deny,0.1.0
audit,view_list,applicant,,,,,,,,,,,,,,deny,0.1.0
audit,view_detail,applicant,,,,,,,,,,,,,,deny,0.1.0
audit,view_sensitive_detail,applicant,,,,,,,,,,,,,,deny,0.1.0
audit,create,applicant,,,,,,,,,,,,,,deny,0.1.0
audit,edit,applicant,,,,,,,,,,,,,,deny,0.1.0
audit,submit,applicant,,,,,,,,,,,,,,deny,0.1.0
audit,approve,applicant,,,,,,,,,,,,,,deny,0.1.0
audit,reject,applicant,,,,,,,,,,,,,,deny,0.1.0
audit,assign,applicant,,,,,,,,,,,,,,deny,0.1.0
audit,reassign,applicant,,,,,,,,,,,,,,deny,0.1.0
audit,export,applicant,,,,,,,,,,,,,,deny,0.1.0
audit,upload,applicant,,,,,,,,,,,,,,deny,0.1.0
audit,download,applicant,,,,,,,,,,,,,,deny,0.1.0
audit,delete_or_archive,applicant,,,,,,,,,,,,,,deny,0.1.0
audit,restore,applicant,,,,,,,,,,,,,,deny,0.1.0
audit,adjust_financial_record,applicant,,,,,,,,,,,,,,deny,0.1.0
audit,execute_integration_action,applicant,,,,,,,,,,,,,,deny,0.1.0
audit,configure_policy,applicant,,,,,,,,,,,,,,deny,0.1.0
audit,administer_permissions,applicant,,,,,,,,,,,,,,deny,0.1.0
integration,view_list,applicant,,,,,,,,,,,,,,deny,0.1.0
integration,view_detail,applicant,,,,,,,,,,,,,,deny,0.1.0
integration,view_sensitive_detail,applicant,,,,,,,,,,,,,,deny,0.1.0
integration,create,applicant,,,,,,,,,,,,,,deny,0.1.0
integration,edit,applicant,,,,,,,,,,,,,,deny,0.1.0
integration,submit,applicant,,,,,,,,,,,,,,deny,0.1.0
integration,approve,applicant,,,,,,,,,,,,,,deny,0.1.0
integration,reject,applicant,,,,,,,,,,,,,,deny,0.1.0
integration,assign,applicant,,,,,,,,,,,,,,deny,0.1.0
integration,reassign,applicant,,,,,,,,,,,,,,deny,0.1.0
integration,export,applicant,,,,,,,,,,,,,,deny,0.1.0
integration,upload,applicant,,,,,,,,,,,,,,deny,0.1.0
integration,download,applicant,,,,,,,,,,,,,,deny,0.1.0
integration,delete_or_archive,applicant,,,,,,,,,,,,,,deny,0.1.0
integration,restore,applicant,,,,,,,,,,,,,,deny,0.1.0
integration,adjust_financial_record,applicant,,,,,,,,,,,,,,deny,0.1.0
integration,execute_integration_action,applicant,,,,,,,,,,,,,,deny,0.1.0
integration,configure_policy,applicant,,,,,,,,,,,,,,deny,0.1.0
integration,administer_permissions,applicant,,,,,,,,,,,,,,deny,0.1.0
identity,view_list,applicant,,,,,,,,,,,,,,deny,0.1.0
identity,view_detail,applicant,,,,,,,,,,,,,,deny,0.1.0
identity,view_sensitive_detail,applicant,,,,,,,,,,,,,,deny,0.1.0
identity,create,applicant,,,,,,,,,,,,,,deny,0.1.0
identity,edit,applicant,,,,,,,,,,,,,,deny,0.1.0
identity,submit,applicant,,,,,,,,,,,,,,deny,0.1.0
identity,approve,applicant,,,,,,,,,,,,,,deny,0.1.0
identity,reject,applicant,,,,,,,,,,,,,,deny,0.1.0
identity,assign,applicant,,,,,,,,,,,,,,deny,0.1.0
identity,reassign,applicant,,,,,,,,,,,,,,deny,0.1.0
identity,export,applicant,,,,,,,,,,,,,,deny,0.1.0
identity,upload,applicant,,,,,,,,,,,,,,deny,0.1.0
identity,download,applicant,,,,,,,,,,,,,,deny,0.1.0
identity,delete_or_archive,applicant,,,,,,,,,,,,,,deny,0.1.0
identity,restore,applicant,,,,,,,,,,,,,,deny,0.1.0
identity,adjust_financial_record,applicant,,,,,,,,,,,,,,deny,0.1.0
identity,execute_integration_action,applicant,,,,,,,,,,,,,,deny,0.1.0
identity,configure_policy,applicant,,,,,,,,,,,,,,deny,0.1.0
identity,administer_permissions,applicant,,,,,,,,,,,,,,deny,0.1.0
technical_admin,view_list,applicant,,,,,,,,,,,,,,deny,0.1.0
technical_admin,view_detail,applicant,,,,,,,,,,,,,,deny,0.1.0
technical_admin,view_sensitive_detail,applicant,,,,,,,,,,,,,,deny,0.1.0
technical_admin,create,applicant,,,,,,,,,,,,,,deny,0.1.0
technical_admin,edit,applicant,,,,,,,,,,,,,,deny,0.1.0
technical_admin,submit,applicant,,,,,,,,,,,,,,deny,0.1.0
technical_admin,approve,applicant,,,,,,,,,,,,,,deny,0.1.0
technical_admin,reject,applicant,,,,,,,,,,,,,,deny,0.1.0
technical_admin,assign,applicant,,,,,,,,,,,,,,deny,0.1.0
technical_admin,reassign,applicant,,,,,,,,,,,,,,deny,0.1.0
technical_admin,export,applicant,,,,,,,,,,,,,,deny,0.1.0
technical_admin,upload,applicant,,,,,,,,,,,,,,deny,0.1.0
technical_admin,download,applicant,,,,,,,,,,,,,,deny,0.1.0
technical_admin,delete_or_archive,applicant,,,,,,,,,,,,,,deny,0.1.0
technical_admin,restore,applicant,,,,,,,,,,,,,,deny,0.1.0
technical_admin,adjust_financial_record,applicant,,,,,,,,,,,,,,deny,0.1.0
technical_admin,execute_integration_action,applicant,,,,,,,,,,,,,,deny,0.1.0
technical_admin,configure_policy,applicant,,,,,,,,,,,,,,deny,0.1.0
technical_admin,administer_permissions,applicant,,,,,,,,,,,,,,deny,0.1.0
source_code,view_list,applicant,,,,,,,,,,,,,,deny,0.1.0
source_code,view_detail,applicant,,,,,,,,,,,,,,deny,0.1.0
source_code,view_sensitive_detail,applicant,,,,,,,,,,,,,,deny,0.1.0
source_code,create,applicant,,,,,,,,,,,,,,deny,0.1.0
source_code,edit,applicant,,,,,,,,,,,,,,deny,0.1.0
source_code,submit,applicant,,,,,,,,,,,,,,deny,0.1.0
source_code,approve,applicant,,,,,,,,,,,,,,deny,0.1.0
source_code,reject,applicant,,,,,,,,,,,,,,deny,0.1.0
source_code,assign,applicant,,,,,,,,,,,,,,deny,0.1.0
source_code,reassign,applicant,,,,,,,,,,,,,,deny,0.1.0
source_code,export,applicant,,,,,,,,,,,,,,deny,0.1.0
source_code,upload,applicant,,,,,,,,,,,,,,deny,0.1.0
source_code,download,applicant,,,,,,,,,,,,,,deny,0.1.0
source_code,delete_or_archive,applicant,,,,,,,,,,,,,,deny,0.1.0
source_code,restore,applicant,,,,,,,,,,,,,,deny,0.1.0
source_code,adjust_financial_record,applicant,,,,,,,,,,,,,,deny,0.1.0
source_code,execute_integration_action,applicant,,,,,,,,,,,,,,deny,0.1.0
source_code,configure_policy,applicant,,,,,,,,,,,,,,deny,0.1.0
source_code,administer_permissions,applicant,,,,,,,,,,,,,,deny,0.1.0
database_admin,view_list,applicant,,,,,,,,,,,,,,deny,0.1.0
database_admin,view_detail,applicant,,,,,,,,,,,,,,deny,0.1.0
database_admin,view_sensitive_detail,applicant,,,,,,,,,,,,,,deny,0.1.0
database_admin,create,applicant,,,,,,,,,,,,,,deny,0.1.0
database_admin,edit,applicant,,,,,,,,,,,,,,deny,0.1.0
database_admin,submit,applicant,,,,,,,,,,,,,,deny,0.1.0
database_admin,approve,applicant,,,,,,,,,,,,,,deny,0.1.0
database_admin,reject,applicant,,,,,,,,,,,,,,deny,0.1.0
database_admin,assign,applicant,,,,,,,,,,,,,,deny,0.1.0
database_admin,reassign,applicant,,,,,,,,,,,,,,deny,0.1.0
database_admin,export,applicant,,,,,,,,,,,,,,deny,0.1.0
database_admin,upload,applicant,,,,,,,,,,,,,,deny,0.1.0
database_admin,download,applicant,,,,,,,,,,,,,,deny,0.1.0
database_admin,delete_or_archive,applicant,,,,,,,,,,,,,,deny,0.1.0
database_admin,restore,applicant,,,,,,,,,,,,,,deny,0.1.0
database_admin,adjust_financial_record,applicant,,,,,,,,,,,,,,deny,0.1.0
database_admin,execute_integration_action,applicant,,,,,,,,,,,,,,deny,0.1.0
database_admin,configure_policy,applicant,,,,,,,,,,,,,,deny,0.1.0
database_admin,administer_permissions,applicant,,,,,,,,,,,,,,deny,0.1.0
production_secret,view_list,applicant,,,,,,,,,,,,,,deny,0.1.0
production_secret,view_detail,applicant,,,,,,,,,,,,,,deny,0.1.0
production_secret,view_sensitive_detail,applicant,,,,,,,,,,,,,,deny,0.1.0
production_secret,create,applicant,,,,,,,,,,,,,,deny,0.1.0
production_secret,edit,applicant,,,,,,,,,,,,,,deny,0.1.0
production_secret,submit,applicant,,,,,,,,,,,,,,deny,0.1.0
production_secret,approve,applicant,,,,,,,,,,,,,,deny,0.1.0
production_secret,reject,applicant,,,,,,,,,,,,,,deny,0.1.0
production_secret,assign,applicant,,,,,,,,,,,,,,deny,0.1.0
production_secret,reassign,applicant,,,,,,,,,,,,,,deny,0.1.0
production_secret,export,applicant,,,,,,,,,,,,,,deny,0.1.0
production_secret,upload,applicant,,,,,,,,,,,,,,deny,0.1.0
production_secret,download,applicant,,,,,,,,,,,,,,deny,0.1.0
production_secret,delete_or_archive,applicant,,,,,,,,,,,,,,deny,0.1.0
production_secret,restore,applicant,,,,,,,,,,,,,,deny,0.1.0
production_secret,adjust_financial_record,applicant,,,,,,,,,,,,,,deny,0.1.0
production_secret,execute_integration_action,applicant,,,,,,,,,,,,,,deny,0.1.0
production_secret,configure_policy,applicant,,,,,,,,,,,,,,deny,0.1.0
production_secret,administer_permissions,applicant,,,,,,,,,,,,,,deny,0.1.0
deployment,view_list,applicant,,,,,,,,,,,,,,deny,0.1.0
deployment,view_detail,applicant,,,,,,,,,,,,,,deny,0.1.0
deployment,view_sensitive_detail,applicant,,,,,,,,,,,,,,deny,0.1.0
deployment,create,applicant,,,,,,,,,,,,,,deny,0.1.0
deployment,edit,applicant,,,,,,,,,,,,,,deny,0.1.0
deployment,submit,applicant,,,,,,,,,,,,,,deny,0.1.0
deployment,approve,applicant,,,,,,,,,,,,,,deny,0.1.0
deployment,reject,applicant,,,,,,,,,,,,,,deny,0.1.0
deployment,assign,applicant,,,,,,,,,,,,,,deny,0.1.0
deployment,reassign,applicant,,,,,,,,,,,,,,deny,0.1.0
deployment,export,applicant,,,,,,,,,,,,,,deny,0.1.0
deployment,upload,applicant,,,,,,,,,,,,,,deny,0.1.0
deployment,download,applicant,,,,,,,,,,,,,,deny,0.1.0
deployment,delete_or_archive,applicant,,,,,,,,,,,,,,deny,0.1.0
deployment,restore,applicant,,,,,,,,,,,,,,deny,0.1.0
deployment,adjust_financial_record,applicant,,,,,,,,,,,,,,deny,0.1.0
deployment,execute_integration_action,applicant,,,,,,,,,,,,,,deny,0.1.0
deployment,configure_policy,applicant,,,,,,,,,,,,,,deny,0.1.0
deployment,administer_permissions,applicant,,,,,,,,,,,,,,deny,0.1.0
migration_execution,view_list,applicant,,,,,,,,,,,,,,deny,0.1.0
migration_execution,view_detail,applicant,,,,,,,,,,,,,,deny,0.1.0
migration_execution,view_sensitive_detail,applicant,,,,,,,,,,,,,,deny,0.1.0
migration_execution,create,applicant,,,,,,,,,,,,,,deny,0.1.0
migration_execution,edit,applicant,,,,,,,,,,,,,,deny,0.1.0
migration_execution,submit,applicant,,,,,,,,,,,,,,deny,0.1.0
migration_execution,approve,applicant,,,,,,,,,,,,,,deny,0.1.0
migration_execution,reject,applicant,,,,,,,,,,,,,,deny,0.1.0
migration_execution,assign,applicant,,,,,,,,,,,,,,deny,0.1.0
migration_execution,reassign,applicant,,,,,,,,,,,,,,deny,0.1.0
migration_execution,export,applicant,,,,,,,,,,,,,,deny,0.1.0
migration_execution,upload,applicant,,,,,,,,,,,,,,deny,0.1.0
migration_execution,download,applicant,,,,,,,,,,,,,,deny,0.1.0
migration_execution,delete_or_archive,applicant,,,,,,,,,,,,,,deny,0.1.0
migration_execution,restore,applicant,,,,,,,,,,,,,,deny,0.1.0
migration_execution,adjust_financial_record,applicant,,,,,,,,,,,,,,deny,0.1.0
migration_execution,execute_integration_action,applicant,,,,,,,,,,,,,,deny,0.1.0
migration_execution,configure_policy,applicant,,,,,,,,,,,,,,deny,0.1.0
migration_execution,administer_permissions,applicant,,,,,,,,,,,,,,deny,0.1.0
rls_policy,view_list,applicant,,,,,,,,,,,,,,deny,0.1.0
rls_policy,view_detail,applicant,,,,,,,,,,,,,,deny,0.1.0
rls_policy,view_sensitive_detail,applicant,,,,,,,,,,,,,,deny,0.1.0
rls_policy,create,applicant,,,,,,,,,,,,,,deny,0.1.0
rls_policy,edit,applicant,,,,,,,,,,,,,,deny,0.1.0
rls_policy,submit,applicant,,,,,,,,,,,,,,deny,0.1.0
rls_policy,approve,applicant,,,,,,,,,,,,,,deny,0.1.0
rls_policy,reject,applicant,,,,,,,,,,,,,,deny,0.1.0
rls_policy,assign,applicant,,,,,,,,,,,,,,deny,0.1.0
rls_policy,reassign,applicant,,,,,,,,,,,,,,deny,0.1.0
rls_policy,export,applicant,,,,,,,,,,,,,,deny,0.1.0
rls_policy,upload,applicant,,,,,,,,,,,,,,deny,0.1.0
rls_policy,download,applicant,,,,,,,,,,,,,,deny,0.1.0
rls_policy,delete_or_archive,applicant,,,,,,,,,,,,,,deny,0.1.0
rls_policy,restore,applicant,,,,,,,,,,,,,,deny,0.1.0
rls_policy,adjust_financial_record,applicant,,,,,,,,,,,,,,deny,0.1.0
rls_policy,execute_integration_action,applicant,,,,,,,,,,,,,,deny,0.1.0
rls_policy,configure_policy,applicant,,,,,,,,,,,,,,deny,0.1.0
rls_policy,administer_permissions,applicant,,,,,,,,,,,,,,deny,0.1.0
developer_flag,view_list,applicant,,,,,,,,,,,,,,deny,0.1.0
developer_flag,view_detail,applicant,,,,,,,,,,,,,,deny,0.1.0
developer_flag,view_sensitive_detail,applicant,,,,,,,,,,,,,,deny,0.1.0
developer_flag,create,applicant,,,,,,,,,,,,,,deny,0.1.0
developer_flag,edit,applicant,,,,,,,,,,,,,,deny,0.1.0
developer_flag,submit,applicant,,,,,,,,,,,,,,deny,0.1.0
developer_flag,approve,applicant,,,,,,,,,,,,,,deny,0.1.0
developer_flag,reject,applicant,,,,,,,,,,,,,,deny,0.1.0
developer_flag,assign,applicant,,,,,,,,,,,,,,deny,0.1.0
developer_flag,reassign,applicant,,,,,,,,,,,,,,deny,0.1.0
developer_flag,export,applicant,,,,,,,,,,,,,,deny,0.1.0
developer_flag,upload,applicant,,,,,,,,,,,,,,deny,0.1.0
developer_flag,download,applicant,,,,,,,,,,,,,,deny,0.1.0
developer_flag,delete_or_archive,applicant,,,,,,,,,,,,,,deny,0.1.0
developer_flag,restore,applicant,,,,,,,,,,,,,,deny,0.1.0
developer_flag,adjust_financial_record,applicant,,,,,,,,,,,,,,deny,0.1.0
developer_flag,execute_integration_action,applicant,,,,,,,,,,,,,,deny,0.1.0
developer_flag,configure_policy,applicant,,,,,,,,,,,,,,deny,0.1.0
developer_flag,administer_permissions,applicant,,,,,,,,,,,,,,deny,0.1.0
secret_rotation,view_list,applicant,,,,,,,,,,,,,,deny,0.1.0
secret_rotation,view_detail,applicant,,,,,,,,,,,,,,deny,0.1.0
secret_rotation,view_sensitive_detail,applicant,,,,,,,,,,,,,,deny,0.1.0
secret_rotation,create,applicant,,,,,,,,,,,,,,deny,0.1.0
secret_rotation,edit,applicant,,,,,,,,,,,,,,deny,0.1.0
secret_rotation,submit,applicant,,,,,,,,,,,,,,deny,0.1.0
secret_rotation,approve,applicant,,,,,,,,,,,,,,deny,0.1.0
secret_rotation,reject,applicant,,,,,,,,,,,,,,deny,0.1.0
secret_rotation,assign,applicant,,,,,,,,,,,,,,deny,0.1.0
secret_rotation,reassign,applicant,,,,,,,,,,,,,,deny,0.1.0
secret_rotation,export,applicant,,,,,,,,,,,,,,deny,0.1.0
secret_rotation,upload,applicant,,,,,,,,,,,,,,deny,0.1.0
secret_rotation,download,applicant,,,,,,,,,,,,,,deny,0.1.0
secret_rotation,delete_or_archive,applicant,,,,,,,,,,,,,,deny,0.1.0
secret_rotation,restore,applicant,,,,,,,,,,,,,,deny,0.1.0
secret_rotation,adjust_financial_record,applicant,,,,,,,,,,,,,,deny,0.1.0
secret_rotation,execute_integration_action,applicant,,,,,,,,,,,,,,deny,0.1.0
secret_rotation,configure_policy,applicant,,,,,,,,,,,,,,deny,0.1.0
secret_rotation,administer_permissions,applicant,,,,,,,,,,,,,,deny,0.1.0
support_access,view_list,applicant,,,,,,,,,,,,,,deny,0.1.0
support_access,view_detail,applicant,,,,,,,,,,,,,,deny,0.1.0
support_access,view_sensitive_detail,applicant,,,,,,,,,,,,,,deny,0.1.0
support_access,create,applicant,,,,,,,,,,,,,,deny,0.1.0
support_access,edit,applicant,,,,,,,,,,,,,,deny,0.1.0
support_access,submit,applicant,,,,,,,,,,,,,,deny,0.1.0
support_access,approve,applicant,,,,,,,,,,,,,,deny,0.1.0
support_access,reject,applicant,,,,,,,,,,,,,,deny,0.1.0
support_access,assign,applicant,,,,,,,,,,,,,,deny,0.1.0
support_access,reassign,applicant,,,,,,,,,,,,,,deny,0.1.0
support_access,export,applicant,,,,,,,,,,,,,,deny,0.1.0
support_access,upload,applicant,,,,,,,,,,,,,,deny,0.1.0
support_access,download,applicant,,,,,,,,,,,,,,deny,0.1.0
support_access,delete_or_archive,applicant,,,,,,,,,,,,,,deny,0.1.0
support_access,restore,applicant,,,,,,,,,,,,,,deny,0.1.0
support_access,adjust_financial_record,applicant,,,,,,,,,,,,,,deny,0.1.0
support_access,execute_integration_action,applicant,,,,,,,,,,,,,,deny,0.1.0
support_access,configure_policy,applicant,,,,,,,,,,,,,,deny,0.1.0
support_access,administer_permissions,applicant,,,,,,,,,,,,,,deny,0.1.0
impersonation,view_list,applicant,,,,,,,,,,,,,,deny,0.1.0
impersonation,view_detail,applicant,,,,,,,,,,,,,,deny,0.1.0
impersonation,view_sensitive_detail,applicant,,,,,,,,,,,,,,deny,0.1.0
impersonation,create,applicant,,,,,,,,,,,,,,deny,0.1.0
impersonation,edit,applicant,,,,,,,,,,,,,,deny,0.1.0
impersonation,submit,applicant,,,,,,,,,,,,,,deny,0.1.0
impersonation,approve,applicant,,,,,,,,,,,,,,deny,0.1.0
impersonation,reject,applicant,,,,,,,,,,,,,,deny,0.1.0
impersonation,assign,applicant,,,,,,,,,,,,,,deny,0.1.0
impersonation,reassign,applicant,,,,,,,,,,,,,,deny,0.1.0
impersonation,export,applicant,,,,,,,,,,,,,,deny,0.1.0
impersonation,upload,applicant,,,,,,,,,,,,,,deny,0.1.0
impersonation,download,applicant,,,,,,,,,,,,,,deny,0.1.0
impersonation,delete_or_archive,applicant,,,,,,,,,,,,,,deny,0.1.0
impersonation,restore,applicant,,,,,,,,,,,,,,deny,0.1.0
impersonation,adjust_financial_record,applicant,,,,,,,,,,,,,,deny,0.1.0
impersonation,execute_integration_action,applicant,,,,,,,,,,,,,,deny,0.1.0
impersonation,configure_policy,applicant,,,,,,,,,,,,,,deny,0.1.0
impersonation,administer_permissions,applicant,,,,,,,,,,,,,,deny,0.1.0
